Unnamed: 0,_id,TimeStamp,PART_FACT_PLAN_DATE,PART_FACT_SERIAL,PART_NO,PART_NAME,EQUIP_CD,EQUIP_NAME,ERR_FACT_QTY,Injection_Time,Filling_Time,Plasticizing_Time,Cycle_Time,Clamp_Close_Time,Cushion_Position,Switch_Over_Position,Plasticizing_Position,Clamp_Open_Position,Max_Injection_Speed,Max_Screw_RPM,Average_Screw_RPM,Max_Injection_Pressure,Max_Switch_Over_Pressure,Max_Back_Pressure,Average_Back_Pressure,Barrel_Temperature_1,Barrel_Temperature_2,Barrel_Temperature_3,Barrel_Temperature_4,Barrel_Temperature_5,Barrel_Temperature_6,Barrel_Temperature_7,Hopper_Temperature,Mold_Temperature_1,Mold_Temperature_2,Mold_Temperature_3,Mold_Temperature_4,Mold_Temperature_5,Mold_Temperature_6,Mold_Temperature_7,Mold_Temperature_8,Mold_Temperature_9,Mold_Temperature_10,Mold_Temperature_11,Mold_Temperature_12
762001,5f915b876e37704af883cc6c,2020-10-18 00:00:23,2020-10-18 오전 12:00:00,6,86131AA000,CN7 W/S SIDE MLD'G LH,S14,650톤-우진2호기,6,9.57,4.46,16.78,59.52,7.12,653.42,0.0,68.5,647.99,55.3,30.7,292.3,141.9,136.7,38.4,59.9,276.0,274.9,275.0,271.1,254.9,230.2,0.0,64.5,0,0,23.8,27.1,0,0,0,0,0,0,0,0
762002,5f915b876e37704af883cc6d,2020-10-18 00:00:23,2020-10-18 오전 12:00:00,7,86141AA000,CN7 W/S SIDE MLD'G RH,S14,650톤-우진2호기,29,9.57,4.46,16.78,59.52,7.12,653.42,0.0,68.5,647.99,55.3,30.7,292.3,141.9,136.7,38.4,59.9,276.0,274.9,275.0,271.1,254.9,230.2,0.0,64.5,0,0,23.8,27.1,0,0,0,0,0,0,0,0
762004,5f915b876e37704af883cc6f,2020-10-18 00:00:38,2020-10-18 오전 12:00:00,4,86131S8900,LX2 W/S SIDE MLD'G LH(RHD),S12,650톤-우진,0,11.43,3.31,19.79,67.64,6.09,655.0,0.0,59.44,69.64,64.8,30.4,293.9,168.9,128.3,22.5,13.7,245.3,249.7,250.0,245.8,239.7,224.7,0.0,36.9,0,0,18.7,21.2,0,0,0,0,0,0,0,0
762061,5f915b876e37704af883cca8,2020-10-18 00:13:17,2020-10-18 오전 12:00:00,6,86131AA000,CN7 W/S SIDE MLD'G LH,S14,650톤-우진2호기,6,9.56,4.45,16.79,59.48,7.12,653.42,0.0,68.49,647.99,55.5,30.7,292.4,141.9,136.7,37.7,59.5,276.0,275.3,274.7,269.8,255.2,230.2,0.0,65.2,0,0,24.1,27.8,0,0,0,0,0,0,0,0
762062,5f915b876e37704af883cca9,2020-10-18 00:13:17,2020-10-18 오전 12:00:00,7,86141AA000,CN7 W/S SIDE MLD'G RH,S14,650톤-우진2호기,29,9.56,4.45,16.79,59.48,7.12,653.42,0.0,68.49,647.99,55.5,30.7,292.4,141.9,136.7,37.7,59.5,276.0,275.3,274.7,269.8,255.2,230.2,0.0,65.2,0,0,24.1,27.8,0,0,0,0,0,0,0,0
762119,5f915b876e37704af883cce2,2020-10-18 00:26:10,2020-10-18 오전 12:00:00,6,86131AA000,CN7 W/S SIDE MLD'G LH,S14,650톤-우진2호기,6,9.58,4.47,16.79,59.52,7.12,653.42,0.0,68.49,647.99,55.4,30.7,292.4,142.0,136.9,38.3,59.8,275.0,275.5,274.5,270.1,255.0,229.7,0.0,65.0,0,0,24.4,28.0,0,0,0,0,0,0,0,0
762120,5f915b876e37704af883cce3,2020-10-18 00:26:10,2020-10-18 오전 12:00:00,7,86141AA000,CN7 W/S SIDE MLD'G RH,S14,650톤-우진2호기,29,9.58,4.47,16.79,59.52,7.12,653.42,0.0,68.49,647.99,55.4,30.7,292.4,142.0,136.9,38.3,59.8,275.0,275.5,274.5,270.1,255.0,229.7,0.0,65.0,0,0,24.4,28.0,0,0,0,0,0,0,0,0
762182,5f915b876e37704af883cd21,2020-10-18 00:40:04,2020-10-18 오전 12:00:00,6,86131AA000,CN7 W/S SIDE MLD'G LH,S14,650톤-우진2호기,6,9.55,4.44,16.78,59.52,7.12,653.42,0.0,68.51,647.99,55.6,30.6,292.3,141.8,136.1,37.7,59.5,277.1,275.5,275.6,270.2,255.2,229.8,0.0,64.1,0,0,24.7,28.3,0,0,0,0,0,0,0,0
762183,5f915b876e37704af883cd22,2020-10-18 00:40:04,2020-10-18 오전 12:00:00,7,86141AA000,CN7 W/S SIDE MLD'G RH,S14,650톤-우진2호기,29,9.55,4.44,16.78,59.52,7.12,653.42,0.0,68.51,647.99,55.6,30.6,292.3,141.8,136.1,37.7,59.5,277.1,275.5,275.6,270.2,255.2,229.8,0.0,64.1,0,0,24.7,28.3,0,0,0,0,0,0,0,0
762244,5f915b876e37704af883cd5f,2020-10-18 00:53:57,2020-10-18 오전 12:00:00,6,86131AA000,CN7 W/S SIDE MLD'G LH,S14,650톤-우진2호기,6,9.6,4.48,16.79,59.52,7.12,653.42,0.0,68.5,647.99,55.2,30.8,292.4,142.1,137.1,38.1,59.7,276.8,275.9,275.0,269.7,254.3,230.3,0.0,64.6,0,0,24.9,28.7,0,0,0,0,0,0,0,0
762245,5f915b876e37704af883cd60,2020-10-18 00:53:57,2020-10-18 오전 12:00:00,7,86141AA000,CN7 W/S SIDE MLD'G RH,S14,650톤-우진2호기,29,9.6,4.48,16.79,59.52,7.12,653.42,0.0,68.5,647.99,55.2,30.8,292.4,142.1,137.1,38.1,59.7,276.8,275.9,275.0,269.7,254.3,230.3,0.0,64.6,0,0,24.9,28.7,0,0,0,0,0,0,0,0
762304,5f915b876e37704af883cd9b,2020-10-18 01:06:51,2020-10-18 오전 12:00:00,7,86141AA000,CN7 W/S SIDE MLD'G RH,S14,650톤-우진2호기,29,9.58,4.46,16.79,59.52,7.12,653.42,0.0,68.49,647.99,55.4,30.8,292.4,142.0,136.9,38.3,59.8,276.2,275.7,275.1,270.7,255.0,229.7,0.0,64.6,0,0,25.3,29.0,0,0,0,0,0,0,0,0
762307,5f915b876e37704af883cd9e,2020-10-18 01:07:49,2020-10-18 오전 12:00:00,6,86131AA000,CN7 W/S SIDE MLD'G LH,S14,650톤-우진2호기,6,9.57,4.45,16.8,59.52,7.12,653.42,0.0,68.49,647.99,55.5,30.9,292.4,141.9,136.5,38.1,59.6,276.9,275.1,275.7,270.4,255.0,230.0,0.0,65.3,0,0,25.4,29.0,0,0,0,0,0,0,0,0
762367,5f915b876e37704af883cdda,2020-10-18 01:20:45,2020-10-18 오전 12:00:00,6,86131AA000,CN7 W/S SIDE MLD'G LH,S14,650톤-우진2호기,6,9.58,4.47,16.79,59.52,7.12,653.43,0.0,68.5,647.99,55.4,30.8,292.4,142.1,136.6,38.1,59.6,276.0,276.0,274.6,269.7,254.7,229.7,0.0,65.0,0,0,25.6,29.2,0,0,0,0,0,0,0,0
762368,5f915b876e37704af883cddb,2020-10-18 01:20:45,2020-10-18 오전 12:00:00,7,86141AA000,CN7 W/S SIDE MLD'G RH,S14,650톤-우진2호기,29,9.58,4.47,16.79,59.52,7.12,653.43,0.0,68.5,647.99,55.4,30.8,292.4,142.1,136.6,38.1,59.6,276.0,276.0,274.6,269.7,254.7,229.7,0.0,65.0,0,0,25.6,29.2,0,0,0,0,0,0,0,0
762425,5f915b876e37704af883ce14,2020-10-18 01:33:37,2020-10-18 오전 12:00:00,6,86131AA000,CN7 W/S SIDE MLD'G LH,S14,650톤-우진2호기,6,9.58,4.46,16.8,59.52,7.12,653.43,0.0,68.5,647.99,55.5,30.6,292.4,142.0,136.5,38.4,59.8,276.3,274.7,275.8,271.5,254.9,230.2,0.0,64.1,0,0,25.9,29.6,0,0,0,0,0,0,0,0
762426,5f915b876e37704af883ce15,2020-10-18 01:33:37,2020-10-18 오전 12:00:00,7,86141AA000,CN7 W/S SIDE MLD'G RH,S14,650톤-우진2호기,29,9.58,4.46,16.8,59.52,7.12,653.43,0.0,68.5,647.99,55.5,30.6,292.4,142.0,136.5,38.4,59.8,276.3,274.7,275.8,271.5,254.9,230.2,0.0,64.1,0,0,25.9,29.6,0,0,0,0,0,0,0,0
762488,5f915b876e37704af883ce53,2020-10-18 01:47:31,2020-10-18 오전 12:00:00,6,86131AA000,CN7 W/S SIDE MLD'G LH,S14,650톤-우진2호기,6,9.56,4.45,16.79,59.52,7.12,653.43,0.0,68.51,647.99,55.5,30.7,292.3,141.9,136.7,38.0,59.6,275.9,275.3,275.2,269.8,254.4,229.6,0.0,64.9,0,0,25.9,30.3,0,0,0,0,0,0,0,0
762489,5f915b876e37704af883ce54,2020-10-18 01:47:31,2020-10-18 오전 12:00:00,7,86141AA000,CN7 W/S SIDE MLD'G RH,S14,650톤-우진2호기,29,9.56,4.45,16.79,59.52,7.12,653.43,0.0,68.51,647.99,55.5,30.7,292.3,141.9,136.7,38.0,59.6,275.9,275.3,275.2,269.8,254.4,229.6,0.0,64.9,0,0,25.9,30.3,0,0,0,0,0,0,0,0
762548,5f915b876e37704af883ce8f,2020-10-18 02:00:25,2020-10-18 오전 12:00:00,6,86131AA000,CN7 W/S SIDE MLD'G LH,S14,650톤-우진2호기,6,9.59,4.48,16.75,59.52,7.12,653.42,0.0,68.51,647.99,55.2,30.9,292.4,142.1,137.1,38.5,59.9,277.1,275.2,274.9,271.2,255.2,229.7,0.0,64.9,0,0,26.3,30.6,0,0,0,0,0,0,0,0
762549,5f915b876e37704af883ce90,2020-10-18 02:00:25,2020-10-18 오전 12:00:00,7,86141AA000,CN7 W/S SIDE MLD'G RH,S14,650톤-우진2호기,29,9.59,4.48,16.75,59.52,7.12,653.42,0.0,68.51,647.99,55.2,30.9,292.4,142.1,137.1,38.5,59.9,277.1,275.2,274.9,271.2,255.2,229.7,0.0,64.9,0,0,26.3,30.6,0,0,0,0,0,0,0,0
762606,5f915b876e37704af883cec9,2020-10-18 02:13:19,2020-10-18 오전 12:00:00,7,86141AA000,CN7 W/S SIDE MLD'G RH,S14,650톤-우진2호기,29,9.57,4.46,16.8,59.52,7.12,653.43,0.0,68.5,647.99,55.3,30.6,292.4,141.9,136.6,38.1,59.7,276.0,275.3,274.9,270.0,255.2,229.9,0.0,66.1,0,0,26.4,30.6,0,0,0,0,0,0,0,0
762610,5f915b876e37704af883cecd,2020-10-18 02:14:19,2020-10-18 오전 12:00:00,6,86131AA000,CN7 W/S SIDE MLD'G LH,S14,650톤-우진2호기,6,9.57,4.45,16.8,59.52,7.12,653.43,0.0,68.49,647.99,55.5,30.9,292.4,141.9,136.6,38.0,59.7,275.9,274.7,275.6,269.6,255.2,230.2,0.0,64.9,0,0,26.4,30.6,0,0,0,0,0,0,0,0
762669,5f915b876e37704af883cf08,2020-10-18 02:27:13,2020-10-18 오전 12:00:00,6,86131AA000,CN7 W/S SIDE MLD'G LH,S14,650톤-우진2호기,6,9.58,4.47,16.81,59.52,7.12,653.43,0.0,68.49,647.99,55.4,30.8,292.3,142.1,136.8,38.3,59.8,275.9,275.4,274.9,269.7,255.1,229.7,0.0,65.1,0,0,26.5,30.7,0,0,0,0,0,0,0,0
762670,5f915b876e37704af883cf09,2020-10-18 02:27:13,2020-10-18 오전 12:00:00,7,86141AA000,CN7 W/S SIDE MLD'G RH,S14,650톤-우진2호기,29,9.58,4.47,16.81,59.52,7.12,653.43,0.0,68.49,647.99,55.4,30.8,292.3,142.1,136.8,38.3,59.8,275.9,275.4,274.9,269.7,255.1,229.7,0.0,65.1,0,0,26.5,30.7,0,0,0,0,0,0,0,0
762727,5f915b876e37704af883cf42,2020-10-18 02:40:06,2020-10-18 오전 12:00:00,6,86131AA000,CN7 W/S SIDE MLD'G LH,S14,650톤-우진2호기,6,9.57,4.45,16.78,59.52,7.12,653.43,0.0,68.5,647.99,55.4,30.7,292.3,141.9,136.6,38.3,59.9,276.6,275.6,275.5,271.4,255.3,230.2,0.0,64.1,0,0,26.7,30.9,0,0,0,0,0,0,0,0
762728,5f915b876e37704af883cf43,2020-10-18 02:40:06,2020-10-18 오전 12:00:00,7,86141AA000,CN7 W/S SIDE MLD'G RH,S14,650톤-우진2호기,29,9.57,4.45,16.78,59.52,7.12,653.43,0.0,68.5,647.99,55.4,30.7,292.3,141.9,136.6,38.3,59.9,276.6,275.6,275.5,271.4,255.3,230.2,0.0,64.1,0,0,26.7,30.9,0,0,0,0,0,0,0,0
762790,5f915b876e37704af883cf81,2020-10-18 02:53:59,2020-10-18 오전 12:00:00,6,86131AA000,CN7 W/S SIDE MLD'G LH,S14,650톤-우진2호기,6,9.56,4.45,16.8,59.52,7.13,653.43,0.0,68.51,647.99,55.5,30.8,292.3,141.9,136.5,37.8,59.6,276.4,275.0,274.9,269.6,255.3,230.0,0.0,65.4,0,0,26.9,31.1,0,0,0,0,0,0,0,0
762791,5f915b876e37704af883cf82,2020-10-18 02:53:59,2020-10-18 오전 12:00:00,7,86141AA000,CN7 W/S SIDE MLD'G RH,S14,650톤-우진2호기,29,9.56,4.45,16.8,59.52,7.13,653.43,0.0,68.51,647.99,55.5,30.8,292.3,141.9,136.5,37.8,59.6,276.4,275.0,274.9,269.6,255.3,230.0,0.0,65.4,0,0,26.9,31.1,0,0,0,0,0,0,0,0
762852,5f915b876e37704af883cfbf,2020-10-18 03:07:51,2020-10-18 오전 12:00:00,6,86131AA000,CN7 W/S SIDE MLD'G LH,S14,650톤-우진2호기,6,9.58,4.47,16.82,59.52,7.12,653.42,0.0,68.5,647.99,55.3,30.6,292.4,142.0,136.8,38.6,60.0,276.1,275.7,275.0,270.9,254.8,229.8,0.0,65.1,0,0,27.1,31.2,0,0,0,0,0,0,0,0
762853,5f915b876e37704af883cfc0,2020-10-18 03:07:51,2020-10-18 오전 12:00:00,7,86141AA000,CN7 W/S SIDE MLD'G RH,S14,650톤-우진2호기,29,9.58,4.47,16.82,59.52,7.12,653.42,0.0,68.5,647.99,55.3,30.6,292.4,142.0,136.8,38.6,60.0,276.1,275.7,275.0,270.9,254.8,229.8,0.0,65.1,0,0,27.1,31.2,0,0,0,0,0,0,0,0
762911,5f915b876e37704af883cffa,2020-10-18 03:20:47,2020-10-18 오전 12:00:00,7,86141AA000,CN7 W/S SIDE MLD'G RH,S14,650톤-우진2호기,29,9.57,4.45,16.83,59.52,7.12,653.42,0.0,68.51,647.99,55.5,30.7,292.4,141.8,136.9,38.3,59.8,276.1,275.0,275.0,269.5,255.0,230.1,0.0,65.4,0,0,26.9,31.3,0,0,0,0,0,0,0,0
762915,5f915b876e37704af883cffe,2020-10-18 03:21:45,2020-10-18 오전 12:00:00,6,86131AA000,CN7 W/S SIDE MLD'G LH,S14,650톤-우진2호기,6,9.58,4.46,16.8,60.0,7.12,653.42,0.0,68.5,647.99,55.4,30.8,292.4,142.0,137.1,38.4,59.9,275.8,275.2,275.0,268.8,255.5,229.7,0.0,66.2,0,0,27.0,31.3,0,0,0,0,0,0,0,0
762973,5f915b876e37704af883d038,2020-10-18 03:34:39,2020-10-18 오전 12:00:00,6,86131AA000,CN7 W/S SIDE MLD'G LH,S14,650톤-우진2호기,6,9.59,4.47,16.77,59.54,7.12,653.42,0.0,68.49,647.99,55.3,30.7,292.4,142.1,137.1,38.9,60.1,276.7,274.9,275.0,271.2,255.0,230.3,0.0,65.5,0,0,26.8,31.2,0,0,0,0,0,0,0,0
762974,5f915b876e37704af883d039,2020-10-18 03:34:39,2020-10-18 오전 12:00:00,7,86141AA000,CN7 W/S SIDE MLD'G RH,S14,650톤-우진2호기,29,9.59,4.47,16.77,59.54,7.12,653.42,0.0,68.49,647.99,55.3,30.7,292.4,142.1,137.1,38.9,60.1,276.7,274.9,275.0,271.2,255.0,230.3,0.0,65.5,0,0,26.8,31.2,0,0,0,0,0,0,0,0
763033,5f915b916e37704af883d075,2020-10-18 03:47:33,2020-10-18 오전 12:00:00,7,86141AA000,CN7 W/S SIDE MLD'G RH,S14,650톤-우진2호기,29,9.56,4.45,16.8,59.52,7.12,653.42,0.0,68.49,647.99,55.6,30.9,292.4,141.8,136.8,38.4,59.8,276.8,274.9,275.0,270.5,255.1,230.3,0.0,66.5,0,0,26.9,31.4,0,0,0,0,0,0,0,0
763036,5f915b916e37704af883d078,2020-10-18 03:48:33,2020-10-18 오전 12:00:00,6,86131AA000,CN7 W/S SIDE MLD'G LH,S14,650톤-우진2호기,6,9.56,4.44,16.8,59.52,7.12,653.42,0.0,68.5,647.99,55.6,30.8,292.3,141.9,136.6,38.1,59.7,275.9,275.8,275.0,270.1,255.5,230.1,0.0,65.6,0,0,27.0,31.4,0,0,0,0,0,0,0,0
763095,5f915b916e37704af883d0b3,2020-10-18 04:01:28,2020-10-18 오전 12:00:00,6,86131AA000,CN7 W/S SIDE MLD'G LH,S14,650톤-우진2호기,6,9.58,4.46,16.81,59.52,7.12,653.42,0.0,68.5,647.99,55.5,30.9,292.4,142.1,136.7,38.4,59.8,276.1,274.8,275.0,269.1,254.5,230.5,0.0,65.4,0,0,27.3,31.6,0,0,0,0,0,0,0,0
763096,5f915b916e37704af883d0b4,2020-10-18 04:01:28,2020-10-18 오전 12:00:00,7,86141AA000,CN7 W/S SIDE MLD'G RH,S14,650톤-우진2호기,29,9.58,4.46,16.81,59.52,7.12,653.42,0.0,68.5,647.99,55.5,30.9,292.4,142.1,136.7,38.4,59.8,276.1,274.8,275.0,269.1,254.5,230.5,0.0,65.4,0,0,27.3,31.6,0,0,0,0,0,0,0,0
763156,5f915b916e37704af883d0f0,2020-10-18 04:15:19,2020-10-18 오전 12:00:00,6,86131AA000,CN7 W/S SIDE MLD'G LH,S14,650톤-우진2호기,6,9.57,4.45,16.82,59.52,7.12,653.43,0.0,68.5,647.99,55.5,30.9,292.4,141.9,136.5,38.6,59.9,277.2,274.6,275.1,271.6,255.1,230.1,0.0,65.6,0,0,27.5,31.7,0,0,0,0,0,0,0,0
763157,5f915b916e37704af883d0f1,2020-10-18 04:15:19,2020-10-18 오전 12:00:00,7,86141AA000,CN7 W/S SIDE MLD'G RH,S14,650톤-우진2호기,29,9.57,4.45,16.82,59.52,7.12,653.43,0.0,68.5,647.99,55.5,30.9,292.4,141.9,136.5,38.6,59.9,277.2,274.6,275.1,271.6,255.1,230.1,0.0,65.6,0,0,27.5,31.7,0,0,0,0,0,0,0,0
763216,5f915b916e37704af883d12c,2020-10-18 04:28:15,2020-10-18 오전 12:00:00,7,86141AA000,CN7 W/S SIDE MLD'G RH,S14,650톤-우진2호기,29,9.56,4.44,16.81,59.52,7.12,653.43,0.0,68.5,647.99,55.6,30.7,292.4,141.9,136.5,38.1,59.6,276.7,275.1,274.9,270.1,254.8,229.9,0.0,66.6,0,0,27.6,31.9,0,0,0,0,0,0,0,0
763220,5f915b916e37704af883d130,2020-10-18 04:29:13,2020-10-18 오전 12:00:00,6,86131AA000,CN7 W/S SIDE MLD'G LH,S14,650톤-우진2호기,6,9.57,4.45,16.8,59.54,7.12,653.43,0.0,68.5,647.99,55.6,30.7,292.4,141.9,136.9,38.3,59.8,276.9,275.7,275.2,269.8,254.7,230.2,0.0,65.6,0,0,27.6,31.8,0,0,0,0,0,0,0,0
763278,5f915b916e37704af883d16a,2020-10-18 04:42:07,2020-10-18 오전 12:00:00,6,86131AA000,CN7 W/S SIDE MLD'G LH,S14,650톤-우진2호기,6,9.59,4.48,16.83,59.56,7.12,653.42,0.0,68.51,647.99,55.3,30.9,292.4,142.2,137.1,38.9,60.0,276.2,275.5,274.9,271.0,254.9,230.1,0.0,66.3,0,0,27.8,32.1,0,0,0,0,0,0,0,0
763279,5f915b916e37704af883d16b,2020-10-18 04:42:07,2020-10-18 오전 12:00:00,7,86141AA000,CN7 W/S SIDE MLD'G RH,S14,650톤-우진2호기,29,9.59,4.48,16.83,59.56,7.12,653.42,0.0,68.51,647.99,55.3,30.9,292.4,142.2,137.1,38.9,60.0,276.2,275.5,274.9,271.0,254.9,230.1,0.0,66.3,0,0,27.8,32.1,0,0,0,0,0,0,0,0
763338,5f915b916e37704af883d1a6,2020-10-18 04:55:00,2020-10-18 오전 12:00:00,7,86141AA000,CN7 W/S SIDE MLD'G RH,S14,650톤-우진2호기,29,9.55,4.43,16.83,59.52,7.12,653.43,0.0,68.5,647.99,55.7,30.8,292.4,141.8,136.3,38.2,59.7,276.5,275.0,275.6,270.4,254.9,230.1,0.0,65.8,0,0,27.5,32.2,0,0,0,0,0,0,0,0
763341,5f915b916e37704af883d1a9,2020-10-18 04:56:01,2020-10-18 오전 12:00:00,6,86131AA000,CN7 W/S SIDE MLD'G LH,S14,650톤-우진2호기,6,9.56,4.44,16.83,59.52,7.12,653.42,0.0,68.5,647.99,55.6,30.8,292.4,141.8,136.8,38.3,59.8,275.8,275.6,275.3,270.1,255.7,229.7,0.0,65.8,0,0,27.6,32.3,0,0,0,0,0,0,0,0
763400,5f915b916e37704af883d1e4,2020-10-18 05:08:54,2020-10-18 오전 12:00:00,6,86131AA000,CN7 W/S SIDE MLD'G LH,S14,650톤-우진2호기,6,9.59,4.47,16.83,59.56,7.13,653.42,0.0,68.51,647.99,55.4,30.7,292.4,142.1,136.8,38.7,60.0,276.4,276.1,275.4,270.7,255.1,230.2,0.0,66.0,0,0,27.7,32.7,0,0,0,0,0,0,0,0
763401,5f915b916e37704af883d1e5,2020-10-18 05:08:54,2020-10-18 오전 12:00:00,7,86141AA000,CN7 W/S SIDE MLD'G RH,S14,650톤-우진2호기,29,9.59,4.47,16.83,59.56,7.13,653.42,0.0,68.51,647.99,55.4,30.7,292.4,142.1,136.8,38.7,60.0,276.4,276.1,275.4,270.7,255.1,230.2,0.0,66.0,0,0,27.7,32.7,0,0,0,0,0,0,0,0
763458,5f915b916e37704af883d21e,2020-10-18 05:21:48,2020-10-18 오전 12:00:00,6,86131AA000,CN7 W/S SIDE MLD'G LH,S14,650톤-우진2호기,6,9.56,4.44,16.81,59.52,7.13,653.43,0.0,68.5,647.99,55.6,30.8,292.4,141.8,136.6,38.3,59.7,276.8,275.3,275.5,270.5,255.2,230.1,0.0,65.8,0,0,28.0,32.7,0,0,0,0,0,0,0,0
763459,5f915b916e37704af883d21f,2020-10-18 05:21:48,2020-10-18 오전 12:00:00,7,86141AA000,CN7 W/S SIDE MLD'G RH,S14,650톤-우진2호기,29,9.56,4.44,16.81,59.52,7.13,653.43,0.0,68.5,647.99,55.6,30.8,292.4,141.8,136.6,38.3,59.7,276.8,275.3,275.5,270.5,255.2,230.1,0.0,65.8,0,0,28.0,32.7,0,0,0,0,0,0,0,0
763521,5f915b916e37704af883d25d,2020-10-18 05:35:43,2020-10-18 오전 12:00:00,7,86141AA000,CN7 W/S SIDE MLD'G RH,S14,650톤-우진2호기,29,9.58,4.46,16.83,59.94,7.13,653.42,0.0,68.52,647.99,55.5,30.7,292.4,142.0,137.1,38.6,59.9,276.1,275.6,274.9,269.3,254.0,229.7,0.0,65.6,0,0,28.2,32.8,0,0,0,0,0,0,0,0
763525,5f915b916e37704af883d261,2020-10-18 05:36:43,2020-10-18 오전 12:00:00,6,86131AA000,CN7 W/S SIDE MLD'G LH,S14,650톤-우진2호기,6,9.6,4.48,16.83,59.58,7.13,653.42,0.0,68.49,647.99,55.2,30.7,292.4,142.2,137.3,38.8,60.0,275.6,275.2,274.6,270.4,254.8,230.0,0.0,65.0,0,0,28.2,32.8,0,0,0,0,0,0,0,0
763583,5f915b916e37704af883d29b,2020-10-18 05:49:37,2020-10-18 오전 12:00:00,6,86131AA000,CN7 W/S SIDE MLD'G LH,S14,650톤-우진2호기,6,9.56,4.44,16.78,59.52,7.13,653.42,0.0,68.5,647.99,55.6,30.7,292.4,141.9,136.9,38.7,59.9,276.0,275.0,275.0,271.0,254.5,229.7,0.0,65.8,0,0,28.3,32.8,0,0,0,0,0,0,0,0
763584,5f915b916e37704af883d29c,2020-10-18 05:49:37,2020-10-18 오전 12:00:00,7,86141AA000,CN7 W/S SIDE MLD'G RH,S14,650톤-우진2호기,29,9.56,4.44,16.78,59.52,7.13,653.42,0.0,68.5,647.99,55.6,30.7,292.4,141.9,136.9,38.7,59.9,276.0,275.0,275.0,271.0,254.5,229.7,0.0,65.8,0,0,28.3,32.8,0,0,0,0,0,0,0,0
763644,5f915b916e37704af883d2d8,2020-10-18 06:02:31,2020-10-18 오전 12:00:00,7,86141AA000,CN7 W/S SIDE MLD'G RH,S14,650톤-우진2호기,29,9.56,4.44,16.82,59.48,7.13,653.42,0.0,68.51,647.99,55.6,30.9,292.4,141.9,136.9,38.0,59.5,275.7,275.3,274.4,269.6,255.1,229.8,0.0,65.8,0,0,28.0,32.5,0,0,0,0,0,0,0,0
763648,5f915b916e37704af883d2dc,2020-10-18 06:04:30,2020-10-18 오전 12:00:00,6,86131AA000,CN7 W/S SIDE MLD'G LH,S14,650톤-우진2호기,6,9.57,4.46,16.84,59.52,7.13,653.42,0.0,68.5,647.99,55.5,30.9,292.4,142.1,137.1,38.4,59.8,276.4,274.4,274.9,269.0,255.8,229.9,0.0,65.5,0,0,27.9,32.4,0,0,0,0,0,0,0,0
763670,5f915b916e37704af883d2f2,2020-10-18 06:09:10,2020-10-18 오전 12:00:00,4,86131S8900,LX2 W/S SIDE MLD'G LH(RHD),S12,650톤-우진,0,11.42,3.31,19.95,67.61,6.08,655.0,0.0,59.46,69.64,64.9,30.4,293.9,168.8,128.1,21.9,13.6,245.8,249.7,249.7,244.8,239.8,225.2,0.0,38.1,0,0,19.4,22.2,0,0,0,0,0,0,0,0
763708,5f915b916e37704af883d318,2020-10-18 06:17:24,2020-10-18 오전 12:00:00,6,86131AA000,CN7 W/S SIDE MLD'G LH,S14,650톤-우진2호기,6,9.57,4.46,16.82,59.56,7.13,653.42,0.0,68.49,647.99,55.5,30.7,292.4,142.0,137.0,38.7,60.0,275.7,275.5,275.2,271.0,254.7,230.0,0.0,65.1,0,0,27.6,32.0,0,0,0,0,0,0,0,0
763709,5f915b916e37704af883d319,2020-10-18 06:17:24,2020-10-18 오전 12:00:00,7,86141AA000,CN7 W/S SIDE MLD'G RH,S14,650톤-우진2호기,29,9.57,4.46,16.82,59.56,7.13,653.42,0.0,68.49,647.99,55.5,30.7,292.4,142.0,137.0,38.7,60.0,275.7,275.5,275.2,271.0,254.7,230.0,0.0,65.1,0,0,27.6,32.0,0,0,0,0,0,0,0,0
763767,5f915b916e37704af883d353,2020-10-18 06:30:18,2020-10-18 오전 12:00:00,7,86141AA000,CN7 W/S SIDE MLD'G RH,S14,650톤-우진2호기,29,9.58,4.46,16.83,59.52,7.13,653.42,0.0,68.49,647.99,55.3,30.8,292.4,142.0,137.1,38.5,59.8,276.1,275.1,274.5,269.9,254.7,230.1,0.0,66.3,0,0,27.6,31.9,0,0,0,0,0,0,0,0
763771,5f915b916e37704af883d357,2020-10-18 06:31:16,2020-10-18 오전 12:00:00,6,86131AA000,CN7 W/S SIDE MLD'G LH,S14,650톤-우진2호기,6,9.57,4.45,16.84,59.52,7.13,653.42,0.0,68.5,647.99,55.5,30.8,292.4,142.0,136.9,38.5,59.9,276.0,275.4,274.9,269.5,255.1,230.1,0.0,66.7,0,0,27.6,31.9,0,0,0,0,0,0,0,0
763825,5f915b916e37704af883d38d,2020-10-18 06:43:12,2020-10-18 오전 12:00:00,7,86141AA000,CN7 W/S SIDE MLD'G RH,S14,650톤-우진2호기,29,9.59,4.48,16.86,59.58,7.13,653.42,0.0,68.51,647.99,55.3,30.7,292.4,142.1,137.3,38.8,60.0,276.6,275.4,275.2,270.2,254.9,229.7,0.0,66.1,0,0,27.7,31.8,0,0,0,0,0,0,0,0
763828,5f915b916e37704af883d390,2020-10-18 06:44:12,2020-10-18 오전 12:00:00,6,86131AA000,CN7 W/S SIDE MLD'G LH,S14,650톤-우진2호기,6,9.59,4.48,16.81,59.56,7.13,653.42,0.0,68.49,647.99,55.2,30.6,292.4,142.1,137.2,38.9,60.0,276.4,275.2,275.0,271.3,255.4,230.0,0.0,66.1,0,0,27.7,31.8,0,0,0,0,0,0,0,0
763888,5f915b916e37704af883d3cc,2020-10-18 06:57:06,2020-10-18 오전 12:00:00,6,86131AA000,CN7 W/S SIDE MLD'G LH,S14,650톤-우진2호기,6,9.54,4.43,16.81,59.52,7.13,653.42,0.0,68.51,647.99,55.7,30.9,292.4,141.8,136.8,38.4,59.7,277.1,275.6,275.0,270.5,255.1,230.1,0.0,66.3,0,0,27.6,31.5,0,0,0,0,0,0,0,0
763889,5f915b916e37704af883d3cd,2020-10-18 06:57:06,2020-10-18 오전 12:00:00,7,86141AA000,CN7 W/S SIDE MLD'G RH,S14,650톤-우진2호기,29,9.54,4.43,16.81,59.52,7.13,653.42,0.0,68.51,647.99,55.7,30.9,292.4,141.8,136.8,38.4,59.7,277.1,275.6,275.0,270.5,255.1,230.1,0.0,66.3,0,0,27.6,31.5,0,0,0,0,0,0,0,0
763947,5f915b916e37704af883d407,2020-10-18 07:10:00,2020-10-18 오전 12:00:00,7,86141AA000,CN7 W/S SIDE MLD'G RH,S14,650톤-우진2호기,29,9.57,4.45,16.87,59.52,7.13,653.42,0.0,68.49,647.99,55.5,30.9,292.4,142.0,136.7,38.4,59.7,276.1,275.7,274.9,269.6,255.1,229.8,0.0,66.4,0,0,27.5,31.5,0,0,0,0,0,0,0,0
763951,5f915b916e37704af883d40b,2020-10-18 07:10:58,2020-10-18 오전 12:00:00,6,86131AA000,CN7 W/S SIDE MLD'G LH,S14,650톤-우진2호기,6,9.58,4.46,16.88,59.52,7.13,653.42,0.0,68.51,647.99,55.5,30.8,292.4,142.1,137.1,38.7,59.9,275.8,276.1,274.8,269.9,256.2,230.0,0.0,67.5,0,0,27.5,31.4,0,0,0,0,0,0,0,0
764011,5f915b9b6e37704af883d448,2020-10-18 07:24:51,2020-10-18 오전 12:00:00,6,86131AA000,CN7 W/S SIDE MLD'G LH,S14,650톤-우진2호기,6,9.56,4.45,16.86,59.52,7.13,653.42,0.0,68.5,647.99,55.6,30.8,292.4,141.9,136.8,38.5,59.8,275.3,275.4,274.8,270.0,254.8,230.0,0.0,66.6,0,0,27.2,31.2,0,0,0,0,0,0,0,0
764015,5f915b9b6e37704af883d44c,2020-10-18 07:25:51,2020-10-18 오전 12:00:00,7,86141AA000,CN7 W/S SIDE MLD'G RH,S14,650톤-우진2호기,29,9.58,4.47,16.83,59.52,7.13,653.42,0.0,68.5,647.99,55.3,30.8,292.4,142.1,137.3,38.5,59.8,276.0,275.2,275.0,269.7,254.9,230.1,0.0,66.2,0,0,27.1,31.2,0,0,0,0,0,0,0,0
764073,5f915b9b6e37704af883d486,2020-10-18 07:38:46,2020-10-18 오전 12:00:00,6,86131AA000,CN7 W/S SIDE MLD'G LH,S14,650톤-우진2호기,6,9.59,4.47,16.88,59.52,7.13,653.42,0.0,68.49,647.99,55.3,30.7,292.4,142.2,137.1,38.7,59.9,276.6,275.1,275.0,270.7,254.7,230.0,0.0,65.9,0,0,27.1,31.1,0,0,0,0,0,0,0,0
764074,5f915b9b6e37704af883d487,2020-10-18 07:38:46,2020-10-18 오전 12:00:00,7,86141AA000,CN7 W/S SIDE MLD'G RH,S14,650톤-우진2호기,29,9.59,4.47,16.88,59.52,7.13,653.42,0.0,68.49,647.99,55.3,30.7,292.4,142.2,137.1,38.7,59.9,276.6,275.1,275.0,270.7,254.7,230.0,0.0,65.9,0,0,27.1,31.1,0,0,0,0,0,0,0,0
764130,5f915b9b6e37704af883d4bf,2020-10-18 07:51:40,2020-10-18 오전 12:00:00,6,86131AA000,CN7 W/S SIDE MLD'G LH,S14,650톤-우진2호기,6,9.57,4.45,16.86,59.52,7.13,653.42,0.0,68.49,647.99,55.5,30.7,292.4,141.9,137.1,38.4,59.8,275.7,274.9,275.0,270.7,254.8,230.0,0.0,66.4,0,0,27.0,30.9,0,0,0,0,0,0,0,0
764131,5f915b9b6e37704af883d4c0,2020-10-18 07:51:40,2020-10-18 오전 12:00:00,7,86141AA000,CN7 W/S SIDE MLD'G RH,S14,650톤-우진2호기,29,9.57,4.45,16.86,59.52,7.13,653.42,0.0,68.49,647.99,55.5,30.7,292.4,141.9,137.1,38.4,59.8,275.7,274.9,275.0,270.7,254.8,230.0,0.0,66.4,0,0,27.0,30.9,0,0,0,0,0,0,0,0
764190,5f915b9b6e37704af883d4fb,2020-10-18 08:04:34,2020-10-18 오전 12:00:00,6,86131AA000,CN7 W/S SIDE MLD'G LH,S14,650톤-우진2호기,6,9.57,4.45,16.87,59.52,7.13,653.42,0.0,68.49,647.99,55.6,30.7,292.4,142.0,137.0,38.4,59.7,277.0,275.8,274.9,269.6,254.9,230.4,0.0,67.1,0,0,27.1,30.7,0,0,0,0,0,0,0,0
764195,5f915b9b6e37704af883d500,2020-10-18 08:05:34,2020-10-18 오전 12:00:00,7,86141AA000,CN7 W/S SIDE MLD'G RH,S14,650톤-우진2호기,29,9.59,4.47,16.87,59.52,7.13,653.42,0.0,68.49,647.99,55.3,30.9,292.4,142.1,137.3,38.7,59.9,276.2,275.5,274.8,269.9,254.8,230.2,0.0,66.4,0,0,27.0,30.7,0,0,0,0,0,0,0,0
764253,5f915b9b6e37704af883d53a,2020-10-18 08:18:28,2020-10-18 오전 12:00:00,6,86131AA000,CN7 W/S SIDE MLD'G LH,S14,650톤-우진2호기,6,9.56,4.45,16.84,59.52,7.13,653.43,0.0,68.5,647.99,55.6,30.6,292.4,141.9,136.6,38.5,59.8,275.6,274.7,274.4,270.7,255.9,230.1,0.0,65.6,0,0,27.0,30.5,0,0,0,0,0,0,0,0
764254,5f915b9b6e37704af883d53b,2020-10-18 08:18:28,2020-10-18 오전 12:00:00,7,86141AA000,CN7 W/S SIDE MLD'G RH,S14,650톤-우진2호기,29,9.56,4.45,16.84,59.52,7.13,653.43,0.0,68.5,647.99,55.6,30.6,292.4,141.9,136.6,38.5,59.8,275.6,274.7,274.4,270.7,255.9,230.1,0.0,65.6,0,0,27.0,30.5,0,0,0,0,0,0,0,0
764312,5f915b9b6e37704af883d575,2020-10-18 08:31:21,2020-10-18 오전 12:00:00,6,86131AA000,CN7 W/S SIDE MLD'G LH,S14,650톤-우진2호기,6,9.58,4.46,16.86,59.52,7.13,653.42,0.0,68.49,647.99,55.4,30.8,292.4,142.0,137.1,38.4,59.7,275.1,275.1,274.3,269.5,255.0,230.0,0.0,66.8,0,0,26.9,30.7,0,0,0,0,0,0,0,0
764317,5f915b9b6e37704af883d57a,2020-10-18 08:32:19,2020-10-18 오전 12:00:00,7,86141AA000,CN7 W/S SIDE MLD'G RH,S14,650톤-우진2호기,29,9.57,4.45,16.86,59.52,7.13,653.42,0.0,68.49,647.99,55.5,30.7,292.4,141.9,136.9,38.5,59.8,276.3,274.9,275.0,269.2,254.8,230.3,0.0,65.8,0,0,26.9,30.8,0,0,0,0,0,0,0,0
764375,5f915b9b6e37704af883d5b4,2020-10-18 08:45:15,2020-10-18 오전 12:00:00,6,86131AA000,CN7 W/S SIDE MLD'G LH,S14,650톤-우진2호기,6,9.55,4.44,16.86,59.52,7.13,653.42,0.0,68.51,647.99,55.6,30.9,292.4,141.8,137.0,38.7,59.9,276.5,275.6,275.8,271.2,255.1,230.0,0.0,67.2,0,0,26.8,30.9,0,0,0,0,0,0,0,0
764376,5f915b9b6e37704af883d5b5,2020-10-18 08:45:15,2020-10-18 오전 12:00:00,7,86141AA000,CN7 W/S SIDE MLD'G RH,S14,650톤-우진2호기,29,9.55,4.44,16.86,59.52,7.13,653.42,0.0,68.51,647.99,55.6,30.9,292.4,141.8,137.0,38.7,59.9,276.5,275.6,275.8,271.2,255.1,230.0,0.0,67.2,0,0,26.8,30.9,0,0,0,0,0,0,0,0
764434,5f915b9b6e37704af883d5ef,2020-10-18 08:58:09,2020-10-18 오전 12:00:00,6,86131AA000,CN7 W/S SIDE MLD'G LH,S14,650톤-우진2호기,6,9.56,4.44,16.89,59.52,7.13,653.43,0.0,68.5,647.99,55.7,30.7,292.4,141.8,136.7,38.4,59.7,277.0,275.2,274.9,269.1,255.5,230.1,0.0,66.9,0,0,26.6,30.6,0,0,0,0,0,0,0,0
764435,5f915b9b6e37704af883d5f0,2020-10-18 08:58:09,2020-10-18 오전 12:00:00,7,86141AA000,CN7 W/S SIDE MLD'G RH,S14,650톤-우진2호기,29,9.56,4.44,16.89,59.52,7.13,653.43,0.0,68.5,647.99,55.7,30.7,292.4,141.8,136.7,38.4,59.7,277.0,275.2,274.9,269.1,255.5,230.1,0.0,66.9,0,0,26.6,30.6,0,0,0,0,0,0,0,0
764498,5f915b9b6e37704af883d62f,2020-10-18 09:12:01,2020-10-18 오전 12:00:00,6,86131AA000,CN7 W/S SIDE MLD'G LH,S14,650톤-우진2호기,6,9.56,4.45,16.82,59.56,7.13,653.42,0.0,68.49,647.99,55.5,30.8,292.5,141.8,136.7,38.6,59.9,276.2,275.4,275.0,271.0,255.0,229.7,0.0,66.5,0,0,26.5,30.4,0,0,0,0,0,0,0,0
764499,5f915b9b6e37704af883d630,2020-10-18 09:12:01,2020-10-18 오전 12:00:00,7,86141AA000,CN7 W/S SIDE MLD'G RH,S14,650톤-우진2호기,29,9.56,4.45,16.82,59.56,7.13,653.42,0.0,68.49,647.99,55.5,30.8,292.5,141.8,136.7,38.6,59.9,276.2,275.4,275.0,271.0,255.0,229.7,0.0,66.5,0,0,26.5,30.4,0,0,0,0,0,0,0,0
764555,5f915b9b6e37704af883d668,2020-10-18 09:24:56,2020-10-18 오전 12:00:00,6,86131AA000,CN7 W/S SIDE MLD'G LH,S14,650톤-우진2호기,6,9.56,4.44,16.89,59.52,7.13,653.42,0.0,68.51,647.99,55.6,30.9,292.4,141.8,137.1,38.4,59.8,276.9,275.6,275.5,269.4,254.9,229.8,0.0,66.8,0,0,26.5,30.3,0,0,0,0,0,0,0,0
764556,5f915b9b6e37704af883d669,2020-10-18 09:24:56,2020-10-18 오전 12:00:00,7,86141AA000,CN7 W/S SIDE MLD'G RH,S14,650톤-우진2호기,29,9.56,4.44,16.89,59.52,7.13,653.42,0.0,68.51,647.99,55.6,30.9,292.4,141.8,137.1,38.4,59.8,276.9,275.6,275.5,269.4,254.9,229.8,0.0,66.8,0,0,26.5,30.3,0,0,0,0,0,0,0,0
764615,5f915b9b6e37704af883d6a4,2020-10-18 09:37:50,2020-10-18 오전 12:00:00,6,86131AA000,CN7 W/S SIDE MLD'G LH,S14,650톤-우진2호기,6,9.57,4.46,16.81,59.56,7.13,653.42,0.0,68.49,647.99,55.5,30.8,292.4,141.9,137.0,38.7,60.0,277.3,275.1,275.2,271.4,254.8,230.2,0.0,66.5,0,0,26.4,30.4,0,0,0,0,0,0,0,0
764619,5f915b9b6e37704af883d6a8,2020-10-18 09:38:48,2020-10-18 오전 12:00:00,7,86141AA000,CN7 W/S SIDE MLD'G RH,S14,650톤-우진2호기,29,9.56,4.45,16.85,59.52,7.13,653.42,0.0,68.5,647.99,55.6,30.9,292.4,141.9,136.6,38.6,59.9,276.2,275.4,275.0,271.4,255.3,229.6,0.0,66.0,0,0,26.6,30.5,0,0,0,0,0,0,0,0
764678,5f915b9b6e37704af883d6e3,2020-10-18 09:51:42,2020-10-18 오전 12:00:00,6,86131AA000,CN7 W/S SIDE MLD'G LH,S14,650톤-우진2호기,6,9.56,4.45,16.89,59.52,7.13,653.42,0.0,68.49,647.99,55.5,30.7,292.4,141.8,137.0,38.3,59.7,275.0,275.8,275.0,269.9,255.6,229.4,0.0,67.1,0,0,26.4,30.4,0,0,0,0,0,0,0,0
764679,5f915b9b6e37704af883d6e4,2020-10-18 09:51:42,2020-10-18 오전 12:00:00,7,86141AA000,CN7 W/S SIDE MLD'G RH,S14,650톤-우진2호기,29,9.56,4.45,16.89,59.52,7.13,653.42,0.0,68.49,647.99,55.5,30.7,292.4,141.8,137.0,38.3,59.7,275.0,275.8,275.0,269.9,255.6,229.4,0.0,67.1,0,0,26.4,30.4,0,0,0,0,0,0,0,0
764736,5f915b9b6e37704af883d71d,2020-10-18 10:04:38,2020-10-18 오전 12:00:00,6,86131AA000,CN7 W/S SIDE MLD'G LH,S14,650톤-우진2호기,6,9.58,4.46,16.84,59.52,7.13,653.42,0.0,68.51,647.99,55.4,30.8,292.5,142.0,136.9,38.7,59.9,277.1,275.1,275.3,270.8,255.1,229.8,0.0,66.3,0,0,26.0,30.3,0,0,0,0,0,0,0,0
764737,5f915b9b6e37704af883d71e,2020-10-18 10:04:38,2020-10-18 오전 12:00:00,7,86141AA000,CN7 W/S SIDE MLD'G RH,S14,650톤-우진2호기,29,9.58,4.46,16.84,59.52,7.13,653.42,0.0,68.51,647.99,55.4,30.8,292.5,142.0,136.9,38.7,59.9,277.1,275.1,275.3,270.8,255.1,229.8,0.0,66.3,0,0,26.0,30.3,0,0,0,0,0,0,0,0
764800,5f915b9b6e37704af883d75d,2020-10-18 10:18:30,2020-10-18 오전 12:00:00,6,86131AA000,CN7 W/S SIDE MLD'G LH,S14,650톤-우진2호기,6,9.54,4.43,16.85,59.48,7.13,653.42,0.0,68.5,647.99,55.8,30.9,292.4,141.8,136.6,38.2,59.7,276.4,275.8,275.1,270.1,255.6,229.5,0.0,66.3,0,0,25.9,30.0,0,0,0,0,0,0,0,0
764801,5f915b9b6e37704af883d75e,2020-10-18 10:18:30,2020-10-18 오전 12:00:00,7,86141AA000,CN7 W/S SIDE MLD'G RH,S14,650톤-우진2호기,29,9.54,4.43,16.85,59.48,7.13,653.42,0.0,68.5,647.99,55.8,30.9,292.4,141.8,136.6,38.2,59.7,276.4,275.8,275.1,270.1,255.6,229.5,0.0,66.3,0,0,25.9,30.0,0,0,0,0,0,0,0,0
764859,5f915b9b6e37704af883d798,2020-10-18 10:31:24,2020-10-18 오전 12:00:00,6,86131AA000,CN7 W/S SIDE MLD'G LH,S14,650톤-우진2호기,6,9.57,4.46,16.87,59.52,7.13,653.42,0.0,68.49,647.99,55.4,30.8,292.4,142.0,137.0,38.5,59.8,276.2,275.2,274.9,270.0,255.0,229.8,0.0,65.4,0,0,25.8,29.9,0,0,0,0,0,0,0,0
764860,5f915b9b6e37704af883d799,2020-10-18 10:31:24,2020-10-18 오전 12:00:00,7,86141AA000,CN7 W/S SIDE MLD'G RH,S14,650톤-우진2호기,29,9.57,4.46,16.87,59.52,7.13,653.42,0.0,68.49,647.99,55.4,30.8,292.4,142.0,137.0,38.5,59.8,276.2,275.2,274.9,270.0,255.0,229.8,0.0,65.4,0,0,25.8,29.9,0,0,0,0,0,0,0,0
764917,5f915b9b6e37704af883d7d2,2020-10-18 10:44:17,2020-10-18 오전 12:00:00,6,86131AA000,CN7 W/S SIDE MLD'G LH,S14,650톤-우진2호기,6,9.56,4.45,16.84,59.52,7.13,653.42,0.0,68.5,647.99,55.5,30.8,292.4,141.8,136.8,38.6,59.9,276.5,274.9,275.0,270.9,255.3,230.0,0.0,66.3,0,0,25.7,29.6,0,0,0,0,0,0,0,0
764923,5f915b9b6e37704af883d7d8,2020-10-18 10:45:18,2020-10-18 오전 12:00:00,7,86141AA000,CN7 W/S SIDE MLD'G RH,S14,650톤-우진2호기,29,9.55,4.43,16.84,59.52,7.13,653.42,0.0,68.49,647.99,55.7,30.8,292.4,141.8,136.7,38.3,59.7,276.0,275.5,274.6,270.4,255.0,230.0,0.0,66.4,0,0,25.7,29.6,0,0,0,0,0,0,0,0
764981,5f915b9b6e37704af883d812,2020-10-18 10:58:11,2020-10-18 오전 12:00:00,6,86131AA000,CN7 W/S SIDE MLD'G LH,S14,650톤-우진2호기,6,9.58,4.47,16.87,59.52,7.13,653.42,0.0,68.49,647.99,55.3,30.9,292.4,142.0,137.3,38.6,59.9,276.9,276.1,275.4,269.6,255.1,230.2,0.0,66.1,0,0,25.7,29.5,0,0,0,0,0,0,0,0
764982,5f915b9b6e37704af883d813,2020-10-18 10:58:11,2020-10-18 오전 12:00:00,7,86141AA000,CN7 W/S SIDE MLD'G RH,S14,650톤-우진2호기,29,9.58,4.47,16.87,59.52,7.13,653.42,0.0,68.49,647.99,55.3,30.9,292.4,142.0,137.3,38.6,59.9,276.9,276.1,275.4,269.6,255.1,230.2,0.0,66.1,0,0,25.7,29.5,0,0,0,0,0,0,0,0
765040,5f915ba56e37704af883d84e,2020-10-18 11:11:05,2020-10-18 오전 12:00:00,6,86131AA000,CN7 W/S SIDE MLD'G LH,S14,650톤-우진2호기,6,9.57,4.45,16.84,59.52,7.13,653.42,0.0,68.5,647.99,55.6,30.7,292.4,141.9,136.7,38.6,59.9,275.9,275.2,275.2,270.9,255.2,229.7,0.0,66.2,0,0,25.7,29.5,0,0,0,0,0,0,0,0
765041,5f915ba56e37704af883d84f,2020-10-18 11:11:05,2020-10-18 오전 12:00:00,7,86141AA000,CN7 W/S SIDE MLD'G RH,S14,650톤-우진2호기,29,9.57,4.45,16.84,59.52,7.13,653.42,0.0,68.5,647.99,55.6,30.7,292.4,141.9,136.7,38.6,59.9,275.9,275.2,275.2,270.9,255.2,229.7,0.0,66.2,0,0,25.7,29.5,0,0,0,0,0,0,0,0
765104,5f915ba56e37704af883d88e,2020-10-18 11:24:59,2020-10-18 오전 12:00:00,6,86131AA000,CN7 W/S SIDE MLD'G LH,S14,650톤-우진2호기,6,9.56,4.45,16.87,59.52,7.12,653.42,0.0,68.49,647.99,55.6,30.9,292.4,141.9,136.6,38.2,59.6,276.0,275.2,274.9,269.4,255.8,230.0,0.0,65.6,0,0,25.7,29.5,0,0,0,0,0,0,0,0
765105,5f915ba56e37704af883d88f,2020-10-18 11:24:59,2020-10-18 오전 12:00:00,7,86141AA000,CN7 W/S SIDE MLD'G RH,S14,650톤-우진2호기,29,9.56,4.45,16.87,59.52,7.12,653.42,0.0,68.49,647.99,55.6,30.9,292.4,141.9,136.6,38.2,59.6,276.0,275.2,274.9,269.4,255.8,230.0,0.0,65.6,0,0,25.7,29.5,0,0,0,0,0,0,0,0
765161,5f915ba56e37704af883d8c7,2020-10-18 11:37:53,2020-10-18 오전 12:00:00,6,86131AA000,CN7 W/S SIDE MLD'G LH,S14,650톤-우진2호기,6,9.57,4.46,16.84,59.52,7.12,653.41,0.0,68.49,647.99,55.5,30.6,292.4,141.9,137.0,38.7,60.0,276.4,275.3,275.3,271.0,255.0,229.7,0.0,66.4,0,0,25.2,29.1,0,0,0,0,0,0,0,0
765162,5f915ba56e37704af883d8c8,2020-10-18 11:37:53,2020-10-18 오전 12:00:00,7,86141AA000,CN7 W/S SIDE MLD'G RH,S14,650톤-우진2호기,29,9.57,4.46,16.84,59.52,7.12,653.41,0.0,68.49,647.99,55.5,30.6,292.4,141.9,137.0,38.7,60.0,276.4,275.3,275.3,271.0,255.0,229.7,0.0,66.4,0,0,25.2,29.1,0,0,0,0,0,0,0,0
765227,5f915ba56e37704af883d909,2020-10-18 11:52:45,2020-10-18 오전 12:00:00,6,86131AA000,CN7 W/S SIDE MLD'G LH,S14,650톤-우진2호기,6,9.57,4.45,16.84,59.52,7.12,653.42,0.0,68.5,647.99,55.5,31.0,292.4,141.9,136.8,38.4,59.8,275.8,275.0,275.0,269.5,255.3,229.8,0.0,66.5,0,0,25.1,28.9,0,0,0,0,0,0,0,0
765228,5f915ba56e37704af883d90a,2020-10-18 11:52:45,2020-10-18 오전 12:00:00,7,86141AA000,CN7 W/S SIDE MLD'G RH,S14,650톤-우진2호기,29,9.57,4.45,16.84,59.52,7.12,653.42,0.0,68.5,647.99,55.5,31.0,292.4,141.9,136.8,38.4,59.8,275.8,275.0,275.0,269.5,255.3,229.8,0.0,66.5,0,0,25.1,28.9,0,0,0,0,0,0,0,0
765287,5f915ba56e37704af883d945,2020-10-18 12:05:38,2020-10-18 오전 12:00:00,6,86131AA000,CN7 W/S SIDE MLD'G LH,S14,650톤-우진2호기,6,9.58,4.47,16.82,59.56,7.12,653.42,0.0,68.5,647.99,55.4,30.6,292.4,142.1,137.1,38.8,60.0,276.6,275.5,275.2,270.0,254.7,229.7,0.0,66.1,0,0,25.2,29.1,0,0,0,0,0,0,0,0
765288,5f915ba56e37704af883d946,2020-10-18 12:05:38,2020-10-18 오전 12:00:00,7,86141AA000,CN7 W/S SIDE MLD'G RH,S14,650톤-우진2호기,29,9.58,4.47,16.82,59.56,7.12,653.42,0.0,68.5,647.99,55.4,30.6,292.4,142.1,137.1,38.8,60.0,276.6,275.5,275.2,270.0,254.7,229.7,0.0,66.1,0,0,25.2,29.1,0,0,0,0,0,0,0,0
765345,5f915ba56e37704af883d97f,2020-10-18 12:18:32,2020-10-18 오전 12:00:00,6,86131AA000,CN7 W/S SIDE MLD'G LH,S14,650톤-우진2호기,6,9.56,4.44,16.83,59.52,7.12,653.42,0.0,68.5,647.99,55.5,30.8,292.4,141.8,136.8,38.7,60.0,275.8,275.9,274.4,271.4,255.0,229.7,0.0,66.1,0,0,25.2,28.9,0,0,0,0,0,0,0,0
765346,5f915ba56e37704af883d980,2020-10-18 12:18:32,2020-10-18 오전 12:00:00,7,86141AA000,CN7 W/S SIDE MLD'G RH,S14,650톤-우진2호기,29,9.56,4.44,16.83,59.52,7.12,653.42,0.0,68.5,647.99,55.5,30.8,292.4,141.8,136.8,38.7,60.0,275.8,275.9,274.4,271.4,255.0,229.7,0.0,66.1,0,0,25.2,28.9,0,0,0,0,0,0,0,0
765348,5f915ba56e37704af883d982,2020-10-18 12:19:00,2020-10-18 오전 12:00:00,4,86131S8900,LX2 W/S SIDE MLD'G LH(RHD),S12,650톤-우진,0,11.42,3.3,20.02,67.61,6.08,655.0,0.0,59.46,69.64,65.0,30.4,293.9,168.9,128.3,21.7,13.5,245.2,249.8,250.3,245.2,239.8,225.4,0.0,38.1,0,0,20.4,22.9,0,0,0,0,0,0,0,0
765408,5f915ba56e37704af883d9be,2020-10-18 12:32:26,2020-10-18 오전 12:00:00,6,86131AA000,CN7 W/S SIDE MLD'G LH,S14,650톤-우진2호기,6,9.58,4.47,16.85,59.52,7.12,653.42,0.0,68.49,647.99,55.4,30.7,292.4,142.0,137.2,38.6,59.9,276.0,275.7,275.3,269.5,255.1,229.8,0.0,65.6,0,0,25.3,28.9,0,0,0,0,0,0,0,0
765409,5f915ba56e37704af883d9bf,2020-10-18 12:32:26,2020-10-18 오전 12:00:00,7,86141AA000,CN7 W/S SIDE MLD'G RH,S14,650톤-우진2호기,29,9.58,4.47,16.85,59.52,7.12,653.42,0.0,68.49,647.99,55.4,30.7,292.4,142.0,137.2,38.6,59.9,276.0,275.7,275.3,269.5,255.1,229.8,0.0,65.6,0,0,25.3,28.9,0,0,0,0,0,0,0,0
765468,5f915ba56e37704af883d9fa,2020-10-18 12:45:20,2020-10-18 오전 12:00:00,6,86131AA000,CN7 W/S SIDE MLD'G LH,S14,650톤-우진2호기,6,9.57,4.46,16.83,59.52,7.12,653.42,0.0,68.51,647.99,55.5,30.8,292.4,141.9,137.2,39.0,60.1,276.3,275.6,275.0,271.7,254.9,229.8,0.0,65.9,0,0,25.5,29.1,0,0,0,0,0,0,0,0
765469,5f915ba56e37704af883d9fb,2020-10-18 12:45:20,2020-10-18 오전 12:00:00,7,86141AA000,CN7 W/S SIDE MLD'G RH,S14,650톤-우진2호기,29,9.57,4.46,16.83,59.52,7.12,653.42,0.0,68.51,647.99,55.5,30.8,292.4,141.9,137.2,39.0,60.1,276.3,275.6,275.0,271.7,254.9,229.8,0.0,65.9,0,0,25.5,29.1,0,0,0,0,0,0,0,0
765531,5f915ba56e37704af883da39,2020-10-18 12:59:14,2020-10-18 오전 12:00:00,6,86131AA000,CN7 W/S SIDE MLD'G LH,S14,650톤-우진2호기,6,9.56,4.44,16.86,59.52,7.12,653.42,0.0,68.5,647.99,55.6,30.8,292.4,141.8,136.9,38.4,59.8,275.7,275.8,274.4,270.2,255.0,230.1,0.0,64.9,0,0,25.5,29.2,0,0,0,0,0,0,0,0
765532,5f915ba56e37704af883da3a,2020-10-18 12:59:14,2020-10-18 오전 12:00:00,7,86141AA000,CN7 W/S SIDE MLD'G RH,S14,650톤-우진2호기,29,9.56,4.44,16.86,59.52,7.12,653.42,0.0,68.5,647.99,55.6,30.8,292.4,141.8,136.9,38.4,59.8,275.7,275.8,274.4,270.2,255.0,230.1,0.0,64.9,0,0,25.5,29.2,0,0,0,0,0,0,0,0
765589,5f915ba56e37704af883da73,2020-10-18 13:12:06,2020-10-18 오전 12:00:00,6,86131AA000,CN7 W/S SIDE MLD'G LH,S14,650톤-우진2호기,6,9.59,4.47,16.84,59.52,7.12,653.42,0.0,68.5,647.99,55.4,30.7,292.5,142.1,136.9,38.7,59.9,276.6,275.4,274.9,270.2,255.0,230.3,0.0,64.8,0,0,25.0,28.8,0,0,0,0,0,0,0,0
765590,5f915ba56e37704af883da74,2020-10-18 13:12:06,2020-10-18 오전 12:00:00,7,86141AA000,CN7 W/S SIDE MLD'G RH,S14,650톤-우진2호기,29,9.59,4.47,16.84,59.52,7.12,653.42,0.0,68.5,647.99,55.4,30.7,292.5,142.1,136.9,38.7,59.9,276.6,275.4,274.9,270.2,255.0,230.3,0.0,64.8,0,0,25.0,28.8,0,0,0,0,0,0,0,0
765646,5f915ba56e37704af883daac,2020-10-18 13:25:00,2020-10-18 오전 12:00:00,6,86131AA000,CN7 W/S SIDE MLD'G LH,S14,650톤-우진2호기,6,9.56,4.44,16.84,59.52,7.12,653.42,0.0,68.49,647.99,55.6,30.7,292.4,141.8,136.8,38.6,60.0,276.4,274.9,275.5,271.0,255.1,230.3,0.0,65.1,0,0,24.8,28.7,0,0,0,0,0,0,0,0
765647,5f915ba56e37704af883daad,2020-10-18 13:25:00,2020-10-18 오전 12:00:00,7,86141AA000,CN7 W/S SIDE MLD'G RH,S14,650톤-우진2호기,29,9.56,4.44,16.84,59.52,7.12,653.42,0.0,68.49,647.99,55.6,30.7,292.4,141.8,136.8,38.6,60.0,276.4,274.9,275.5,271.0,255.1,230.3,0.0,65.1,0,0,24.8,28.7,0,0,0,0,0,0,0,0
765708,5f915ba56e37704af883daea,2020-10-18 13:38:54,2020-10-18 오전 12:00:00,6,86131AA000,CN7 W/S SIDE MLD'G LH,S14,650톤-우진2호기,6,9.57,4.45,16.83,59.52,7.12,653.42,0.0,68.49,647.99,55.5,30.8,292.4,141.9,136.9,38.5,59.9,276.1,274.8,274.8,269.2,254.9,230.0,0.0,64.8,0,0,24.9,28.7,0,0,0,0,0,0,0,0
765709,5f915ba56e37704af883daeb,2020-10-18 13:38:54,2020-10-18 오전 12:00:00,7,86141AA000,CN7 W/S SIDE MLD'G RH,S14,650톤-우진2호기,29,9.57,4.45,16.83,59.52,7.12,653.42,0.0,68.49,647.99,55.5,30.8,292.4,141.9,136.9,38.5,59.9,276.1,274.8,274.8,269.2,254.9,230.0,0.0,64.8,0,0,24.9,28.7,0,0,0,0,0,0,0,0
765770,5f915ba56e37704af883db28,2020-10-18 13:52:48,2020-10-18 오전 12:00:00,6,86131AA000,CN7 W/S SIDE MLD'G LH,S14,650톤-우진2호기,6,9.56,4.45,16.83,59.52,7.12,653.42,0.0,68.5,647.99,55.6,30.7,292.4,141.9,136.7,38.8,60.0,275.9,274.8,274.8,271.8,254.7,230.1,0.0,65.7,0,0,24.8,28.4,0,0,0,0,0,0,0,0
765771,5f915ba56e37704af883db29,2020-10-18 13:52:48,2020-10-18 오전 12:00:00,7,86141AA000,CN7 W/S SIDE MLD'G RH,S14,650톤-우진2호기,29,9.56,4.45,16.83,59.52,7.12,653.42,0.0,68.5,647.99,55.6,30.7,292.4,141.9,136.7,38.8,60.0,275.9,274.8,274.8,271.8,254.7,230.1,0.0,65.7,0,0,24.8,28.4,0,0,0,0,0,0,0,0
765832,5f915ba56e37704af883db66,2020-10-18 14:06:41,2020-10-18 오전 12:00:00,6,86131AA000,CN7 W/S SIDE MLD'G LH,S14,650톤-우진2호기,6,9.56,4.44,16.87,59.48,7.12,653.43,0.0,68.49,647.99,55.6,30.7,292.4,141.9,136.5,38.2,59.7,275.9,276.0,275.0,269.1,255.3,229.9,0.0,66.5,0,0,24.9,28.4,0,0,0,0,0,0,0,0
765833,5f915ba56e37704af883db67,2020-10-18 14:06:41,2020-10-18 오전 12:00:00,7,86141AA000,CN7 W/S SIDE MLD'G RH,S14,650톤-우진2호기,29,9.56,4.44,16.87,59.48,7.12,653.43,0.0,68.49,647.99,55.6,30.7,292.4,141.9,136.5,38.2,59.7,275.9,276.0,275.0,269.1,255.3,229.9,0.0,66.5,0,0,24.9,28.4,0,0,0,0,0,0,0,0
765891,5f915ba56e37704af883dba1,2020-10-18 14:19:35,2020-10-18 오전 12:00:00,6,86131AA000,CN7 W/S SIDE MLD'G LH,S14,650톤-우진2호기,6,9.58,4.47,16.82,59.56,7.12,653.42,0.0,68.49,647.99,55.4,30.7,292.4,142.0,137.2,38.8,60.1,275.3,274.9,274.8,271.0,255.5,230.0,0.0,64.8,0,0,24.7,28.2,0,0,0,0,0,0,0,0
765892,5f915ba56e37704af883dba2,2020-10-18 14:19:35,2020-10-18 오전 12:00:00,7,86141AA000,CN7 W/S SIDE MLD'G RH,S14,650톤-우진2호기,29,9.58,4.47,16.82,59.56,7.12,653.42,0.0,68.49,647.99,55.4,30.7,292.4,142.0,137.2,38.8,60.1,275.3,274.9,274.8,271.0,255.5,230.0,0.0,64.8,0,0,24.7,28.2,0,0,0,0,0,0,0,0
765951,5f915ba56e37704af883dbdd,2020-10-18 14:32:29,2020-10-18 오전 12:00:00,7,86141AA000,CN7 W/S SIDE MLD'G RH,S14,650톤-우진2호기,29,9.55,4.43,16.8,59.48,7.12,653.42,0.0,68.49,647.99,55.7,30.7,292.4,141.8,136.6,38.4,59.8,276.0,274.7,275.1,270.9,255.4,229.8,0.0,66.0,0,0,24.7,28.3,0,0,0,0,0,0,0,0
765954,5f915ba56e37704af883dbe0,2020-10-18 14:33:27,2020-10-18 오전 12:00:00,6,86131AA000,CN7 W/S SIDE MLD'G LH,S14,650톤-우진2호기,6,9.54,4.43,16.79,59.52,7.12,653.42,0.0,68.49,647.99,55.8,30.8,292.4,141.8,136.3,38.2,59.7,276.0,275.0,274.6,270.4,255.4,229.6,0.0,65.5,0,0,24.8,28.4,0,0,0,0,0,0,0,0
766014,5f915baf6e37704af883dc1d,2020-10-18 14:47:22,2020-10-18 오전 12:00:00,6,86131AA000,CN7 W/S SIDE MLD'G LH,S14,650톤-우진2호기,6,9.58,4.47,16.82,59.52,7.12,653.42,0.0,68.49,647.99,55.4,30.9,292.4,142.1,137.0,38.7,59.9,276.3,275.1,274.9,270.0,254.6,230.2,0.0,65.4,0,0,24.5,28.2,0,0,0,0,0,0,0,0
766020,5f915baf6e37704af883dc23,2020-10-18 14:48:20,2020-10-18 오전 12:00:00,7,86141AA000,CN7 W/S SIDE MLD'G RH,S14,650톤-우진2호기,29,9.58,4.47,16.85,59.52,7.12,653.42,0.0,68.52,647.99,55.5,30.7,292.4,142.1,137.2,38.9,60.1,276.0,275.1,275.3,270.7,254.9,230.1,0.0,64.8,0,0,24.6,28.2,0,0,0,0,0,0,0,0
766072,5f915baf6e37704af883dc57,2020-10-18 15:00:15,2020-10-18 오전 12:00:00,6,86131AA000,CN7 W/S SIDE MLD'G LH,S14,650톤-우진2호기,6,9.56,4.44,16.82,59.52,7.12,653.42,0.0,68.49,647.99,55.7,30.9,292.4,141.8,136.9,38.7,59.9,276.0,275.6,275.0,271.4,255.2,230.2,0.0,66.4,0,0,24.4,28.5,0,0,0,0,0,0,0,0
766076,5f915baf6e37704af883dc5b,2020-10-18 15:01:15,2020-10-18 오전 12:00:00,7,86141AA000,CN7 W/S SIDE MLD'G RH,S14,650톤-우진2호기,29,9.55,4.43,16.83,59.52,7.12,653.42,0.0,68.5,647.99,55.7,30.7,292.4,141.8,136.6,38.4,59.8,276.0,275.3,274.9,271.2,255.1,230.2,0.0,65.4,0,0,24.5,28.6,0,0,0,0,0,0,0,0
766135,5f915baf6e37704af883dc96,2020-10-18 15:14:07,2020-10-18 오전 12:00:00,6,86131AA000,CN7 W/S SIDE MLD'G LH,S14,650톤-우진2호기,6,9.57,4.45,16.82,59.52,7.12,653.42,0.0,68.5,647.99,55.6,30.8,292.3,142.0,136.7,38.4,59.9,276.6,275.0,275.0,269.8,255.3,230.0,0.0,65.5,0,0,24.7,28.6,0,0,0,0,0,0,0,0
766140,5f915baf6e37704af883dc9b,2020-10-18 15:15:07,2020-10-18 오전 12:00:00,7,86141AA000,CN7 W/S SIDE MLD'G RH,S14,650톤-우진2호기,29,9.57,4.46,16.84,59.52,7.12,653.42,0.0,68.51,647.99,55.6,31.0,292.4,142.0,136.9,38.8,60.0,275.9,276.2,275.0,270.0,253.9,229.8,0.0,64.2,0,0,24.8,28.6,0,0,0,0,0,0,0,0
766193,5f915baf6e37704af883dcd0,2020-10-18 15:27:03,2020-10-18 오전 12:00:00,6,86131AA000,CN7 W/S SIDE MLD'G LH,S14,650톤-우진2호기,6,9.59,4.47,16.82,59.58,7.12,653.42,0.0,68.49,647.99,55.4,30.8,292.4,142.1,137.2,39.0,60.1,276.9,275.3,275.4,270.9,255.1,230.1,0.0,66.4,0,0,24.7,28.3,0,0,0,0,0,0,0,0
766199,5f915baf6e37704af883dcd6,2020-10-18 15:28:01,2020-10-18 오전 12:00:00,7,86141AA000,CN7 W/S SIDE MLD'G RH,S14,650톤-우진2호기,29,9.58,4.46,16.81,59.52,7.12,653.42,0.0,68.49,647.99,55.4,30.8,292.4,142.0,136.8,38.9,60.0,275.5,274.8,275.0,271.1,255.0,229.8,0.0,65.8,0,0,24.6,28.1,0,0,0,0,0,0,0,0
766256,5f915baf6e37704af883dd0f,2020-10-18 15:40:55,2020-10-18 오전 12:00:00,6,86131AA000,CN7 W/S SIDE MLD'G LH,S14,650톤-우진2호기,6,9.56,4.44,16.82,59.52,7.12,653.42,0.0,68.49,647.99,55.7,30.9,292.4,141.8,136.6,38.4,59.8,275.7,275.2,274.4,269.8,254.6,230.0,0.0,64.6,0,0,24.5,28.0,0,0,0,0,0,0,0,0
766257,5f915baf6e37704af883dd10,2020-10-18 15:40:55,2020-10-18 오전 12:00:00,7,86141AA000,CN7 W/S SIDE MLD'G RH,S14,650톤-우진2호기,29,9.56,4.44,16.82,59.52,7.12,653.42,0.0,68.49,647.99,55.7,30.9,292.4,141.8,136.6,38.4,59.8,275.7,275.2,274.4,269.8,254.6,230.0,0.0,64.6,0,0,24.5,28.0,0,0,0,0,0,0,0,0
766313,5f915baf6e37704af883dd48,2020-10-18 15:53:48,2020-10-18 오전 12:00:00,6,86131AA000,CN7 W/S SIDE MLD'G LH,S14,650톤-우진2호기,6,9.59,4.48,16.85,59.52,7.12,653.42,0.0,68.49,647.99,55.3,30.9,292.5,142.1,137.1,38.9,60.0,277.1,275.7,274.9,270.3,255.0,230.3,0.0,65.3,0,0,24.5,27.9,0,0,0,0,0,0,0,0
766318,5f915baf6e37704af883dd4d,2020-10-18 15:54:48,2020-10-18 오전 12:00:00,7,86141AA000,CN7 W/S SIDE MLD'G RH,S14,650톤-우진2호기,29,9.58,4.46,16.83,59.52,7.12,653.42,0.0,68.49,647.99,55.5,30.7,292.4,142.0,136.9,38.8,60.0,275.8,275.1,274.9,270.5,254.7,230.0,0.0,65.3,0,0,24.5,27.9,0,0,0,0,0,0,0,0
766374,5f915baf6e37704af883dd85,2020-10-18 16:08:06,2020-10-18 오전 12:00:00,6,86131AA000,CN7 W/S SIDE MLD'G LH,S14,650톤-우진2호기,6,9.57,4.45,16.85,59.52,7.12,653.42,0.0,68.49,647.99,55.6,30.8,292.4,141.9,137.0,38.6,60.0,276.5,274.7,274.9,269.7,254.7,230.1,0.0,65.4,0,0,24.5,27.8,0,0,0,0,0,0,0,0
766379,5f915baf6e37704af883dd8a,2020-10-18 16:09:04,2020-10-18 오전 12:00:00,7,86141AA000,CN7 W/S SIDE MLD'G RH,S14,650톤-우진2호기,29,9.57,4.46,16.83,59.52,7.12,653.42,0.0,68.49,647.99,55.5,30.8,292.4,142.0,136.9,38.4,59.8,275.8,275.0,275.2,269.1,255.8,229.7,0.0,64.8,0,0,24.5,27.8,0,0,0,0,0,0,0,0
766438,5f915baf6e37704af883ddc5,2020-10-18 16:21:58,2020-10-18 오전 12:00:00,6,86131AA000,CN7 W/S SIDE MLD'G LH,S14,650톤-우진2호기,6,9.57,4.46,16.82,59.56,7.13,653.42,0.0,68.49,647.99,55.5,30.7,292.4,141.9,137.0,38.9,60.1,276.3,275.2,274.9,271.3,254.8,229.7,0.0,65.5,0,0,24.4,27.6,0,0,0,0,0,0,0,0
766443,5f915baf6e37704af883ddca,2020-10-18 16:22:58,2020-10-18 오전 12:00:00,7,86141AA000,CN7 W/S SIDE MLD'G RH,S14,650톤-우진2호기,29,9.56,4.45,16.81,59.52,7.13,653.43,0.0,68.5,647.99,55.7,30.6,292.4,141.9,136.6,38.7,59.9,275.8,275.2,274.4,270.9,254.9,229.8,0.0,65.4,0,0,24.3,27.6,0,0,0,0,0,0,0,0
766495,5f915baf6e37704af883ddfe,2020-10-18 16:34:52,2020-10-18 오전 12:00:00,6,86131AA000,CN7 W/S SIDE MLD'G LH,S14,650톤-우진2호기,6,9.56,4.45,16.85,59.52,7.12,653.42,0.0,68.5,647.99,55.6,30.7,292.4,141.8,136.9,38.4,59.8,276.0,275.2,275.0,269.2,255.0,230.5,0.0,65.4,0,0,24.4,27.8,0,0,0,0,0,0,0,0
766501,5f915baf6e37704af883de04,2020-10-18 16:35:52,2020-10-18 오전 12:00:00,7,86141AA000,CN7 W/S SIDE MLD'G RH,S14,650톤-우진2호기,29,9.57,4.45,16.85,59.52,7.12,653.42,0.0,68.49,647.99,55.6,30.7,292.4,141.9,136.8,38.5,59.8,276.2,275.8,275.1,269.8,254.1,230.1,0.0,65.7,0,0,24.3,27.8,0,0,0,0,0,0,0,0
766558,5f915baf6e37704af883de3d,2020-10-18 16:48:47,2020-10-18 오전 12:00:00,6,86131AA000,CN7 W/S SIDE MLD'G LH,S14,650톤-우진2호기,6,9.59,4.47,16.8,59.52,7.12,653.42,0.0,68.5,647.99,55.3,30.8,292.4,142.1,137.3,39.0,60.1,276.2,275.8,274.5,270.9,254.9,229.8,0.0,64.5,0,0,24.0,27.6,0,0,0,0,0,0,0,0
766559,5f915baf6e37704af883de3e,2020-10-18 16:48:47,2020-10-18 오전 12:00:00,7,86141AA000,CN7 W/S SIDE MLD'G RH,S14,650톤-우진2호기,29,9.59,4.47,16.8,59.52,7.12,653.42,0.0,68.5,647.99,55.3,30.8,292.4,142.1,137.3,39.0,60.1,276.2,275.8,274.5,270.9,254.9,229.8,0.0,64.5,0,0,24.0,27.6,0,0,0,0,0,0,0,0
766616,5f915baf6e37704af883de77,2020-10-18 17:01:41,2020-10-18 오전 12:00:00,6,86131AA000,CN7 W/S SIDE MLD'G LH,S14,650톤-우진2호기,6,9.55,4.43,16.83,59.52,7.13,653.43,0.0,68.49,647.99,55.7,30.8,292.4,141.8,136.6,38.4,59.8,275.9,275.4,275.0,270.8,254.6,230.1,0.0,65.1,0,0,24.0,27.7,0,0,0,0,0,0,0,0
766621,5f915baf6e37704af883de7c,2020-10-18 17:02:39,2020-10-18 오전 12:00:00,7,86141AA000,CN7 W/S SIDE MLD'G RH,S14,650톤-우진2호기,29,9.54,4.43,16.82,59.5,7.13,653.42,0.0,68.49,647.99,55.8,30.8,292.4,141.8,136.6,38.3,59.7,276.4,275.1,274.7,269.7,255.1,230.2,0.0,65.2,0,0,24.0,27.7,0,0,0,0,0,0,0,0
766678,5f915baf6e37704af883deb5,2020-10-18 17:15:33,2020-10-18 오전 12:00:00,6,86131AA000,CN7 W/S SIDE MLD'G LH,S14,650톤-우진2호기,6,9.59,4.47,16.84,59.52,7.12,653.41,0.0,68.49,647.99,55.4,30.8,292.3,142.1,137.3,38.7,60.0,276.0,274.9,274.9,269.6,254.7,230.1,0.0,65.1,0,0,23.9,27.4,0,0,0,0,0,0,0,0
766679,5f915baf6e37704af883deb6,2020-10-18 17:15:33,2020-10-18 오전 12:00:00,7,86141AA000,CN7 W/S SIDE MLD'G RH,S14,650톤-우진2호기,29,9.59,4.47,16.84,59.52,7.12,653.41,0.0,68.49,647.99,55.4,30.8,292.3,142.1,137.3,38.7,60.0,276.0,274.9,274.9,269.6,254.7,230.1,0.0,65.1,0,0,23.9,27.4,0,0,0,0,0,0,0,0
766737,5f915baf6e37704af883def0,2020-10-18 17:28:27,2020-10-18 오전 12:00:00,6,86131AA000,CN7 W/S SIDE MLD'G LH,S14,650톤-우진2호기,6,9.57,4.45,16.81,59.52,7.13,653.42,0.0,68.5,647.99,55.5,30.7,292.4,141.9,137.0,38.7,60.0,277.0,275.2,275.5,270.9,255.0,230.0,0.0,65.2,0,0,23.9,27.5,0,0,0,0,0,0,0,0
766743,5f915baf6e37704af883def6,2020-10-18 17:29:27,2020-10-18 오전 12:00:00,7,86141AA000,CN7 W/S SIDE MLD'G RH,S14,650톤-우진2호기,29,9.56,4.44,16.8,59.52,7.13,653.42,0.0,68.49,647.99,55.7,30.6,292.4,141.8,136.7,38.5,59.9,275.4,275.7,275.0,270.4,254.7,229.9,0.0,64.8,0,0,24.0,27.5,0,0,0,0,0,0,0,0
766796,5f915baf6e37704af883df2b,2020-10-18 17:41:21,2020-10-18 오전 12:00:00,6,86131AA000,CN7 W/S SIDE MLD'G LH,S14,650톤-우진2호기,6,9.55,4.44,16.85,59.52,7.13,653.42,0.0,68.51,647.99,55.8,30.7,292.4,141.9,136.8,38.4,59.8,277.1,275.2,275.0,269.5,255.2,230.0,0.0,65.3,0,0,24.3,27.7,0,0,0,0,0,0,0,0
766801,5f915baf6e37704af883df30,2020-10-18 17:42:21,2020-10-18 오전 12:00:00,7,86141AA000,CN7 W/S SIDE MLD'G RH,S14,650톤-우진2호기,29,9.58,4.47,16.85,59.52,7.13,653.42,0.0,68.49,647.99,55.4,30.7,292.4,142.0,137.0,38.6,59.9,276.1,274.9,275.0,269.7,254.9,229.8,0.0,65.0,0,0,24.3,27.7,0,0,0,0,0,0,0,0
766860,5f915baf6e37704af883df6b,2020-10-18 17:55:15,2020-10-18 오전 12:00:00,6,86131AA000,CN7 W/S SIDE MLD'G LH,S14,650톤-우진2호기,6,9.57,4.45,16.8,59.52,7.12,653.43,0.0,68.5,647.99,55.6,30.6,292.4,141.9,136.8,39.1,60.2,275.6,275.7,275.9,271.8,255.1,230.1,0.0,65.3,0,0,24.5,27.8,0,0,0,0,0,0,0,0
766861,5f915baf6e37704af883df6c,2020-10-18 17:55:15,2020-10-18 오전 12:00:00,7,86141AA000,CN7 W/S SIDE MLD'G RH,S14,650톤-우진2호기,29,9.57,4.45,16.8,59.52,7.12,653.43,0.0,68.5,647.99,55.6,30.6,292.4,141.9,136.8,39.1,60.2,275.6,275.7,275.9,271.8,255.1,230.1,0.0,65.3,0,0,24.5,27.8,0,0,0,0,0,0,0,0
766917,5f915baf6e37704af883dfa4,2020-10-18 18:08:08,2020-10-18 오전 12:00:00,6,86131AA000,CN7 W/S SIDE MLD'G LH,S14,650톤-우진2호기,6,9.55,4.43,16.82,59.52,7.13,653.42,0.0,68.52,647.99,55.8,30.7,292.4,141.8,136.6,38.4,59.8,276.0,274.8,275.4,270.4,255.4,229.7,0.0,65.5,0,0,24.6,27.8,0,0,0,0,0,0,0,0
766923,5f915baf6e37704af883dfaa,2020-10-18 18:09:09,2020-10-18 오전 12:00:00,7,86141AA000,CN7 W/S SIDE MLD'G RH,S14,650톤-우진2호기,29,9.56,4.44,16.83,59.52,7.13,653.42,0.0,68.49,647.99,55.6,30.8,292.4,141.9,136.7,38.4,59.8,276.2,275.7,275.7,269.7,255.0,230.1,0.0,65.2,0,0,24.5,27.8,0,0,0,0,0,0,0,0
766980,5f915baf6e37704af883dfe3,2020-10-18 18:22:02,2020-10-18 오전 12:00:00,6,86131AA000,CN7 W/S SIDE MLD'G LH,S14,650톤-우진2호기,6,9.58,4.46,16.85,59.52,7.13,653.42,0.0,68.5,647.99,55.6,30.7,292.5,142.0,137.1,38.9,60.0,275.8,275.1,274.9,270.5,255.1,229.9,0.0,65.3,0,0,24.7,27.9,0,0,0,0,0,0,0,0
766981,5f915baf6e37704af883dfe4,2020-10-18 18:22:02,2020-10-18 오전 12:00:00,7,86141AA000,CN7 W/S SIDE MLD'G RH,S14,650톤-우진2호기,29,9.58,4.46,16.85,59.52,7.13,653.42,0.0,68.5,647.99,55.6,30.7,292.5,142.0,137.1,38.9,60.0,275.8,275.1,274.9,270.5,255.1,229.9,0.0,65.3,0,0,24.7,27.9,0,0,0,0,0,0,0,0
767038,5f915bb96e37704af883e01e,2020-10-18 18:34:37,2020-10-18 오전 12:00:00,4,86131S8900,LX2 W/S SIDE MLD'G LH(RHD),S12,650톤-우진,0,11.43,3.31,19.93,67.63,6.08,655.0,0.0,59.45,69.64,64.9,30.3,293.9,168.8,128.4,22.1,13.6,245.2,250.2,249.9,245.3,239.7,225.4,0.0,37.8,0,0,18.5,21.5,0,0,0,0,0,0,0,0
767040,5f915bb96e37704af883e020,2020-10-18 18:34:54,2020-10-18 오전 12:00:00,6,86131AA000,CN7 W/S SIDE MLD'G LH,S14,650톤-우진2호기,6,9.54,4.43,16.8,59.52,7.13,653.43,0.0,68.52,647.99,55.9,30.8,292.4,141.8,136.3,38.4,59.8,275.5,274.8,274.3,270.7,254.9,229.8,0.0,64.9,0,0,24.7,27.9,0,0,0,0,0,0,0,0
767045,5f915bb96e37704af883e025,2020-10-18 18:35:54,2020-10-18 오전 12:00:00,7,86141AA000,CN7 W/S SIDE MLD'G RH,S14,650톤-우진2호기,29,9.56,4.44,16.82,59.52,7.13,653.43,0.0,68.49,647.99,55.6,30.9,292.3,141.8,136.7,38.4,59.9,276.4,275.6,275.1,270.1,255.1,230.0,0.0,65.4,0,0,24.7,27.9,0,0,0,0,0,0,0,0
767097,5f915bb96e37704af883e059,2020-10-18 18:47:48,2020-10-18 오전 12:00:00,6,86131AA000,CN7 W/S SIDE MLD'G LH,S14,650톤-우진2호기,6,9.56,4.44,16.85,59.52,7.13,653.42,0.0,68.49,647.99,55.7,30.8,292.4,141.9,136.5,38.4,59.8,276.4,276.0,274.8,269.5,255.0,230.2,0.0,65.3,0,0,24.3,27.8,0,0,0,0,0,0,0,0
767103,5f915bb96e37704af883e05f,2020-10-18 18:48:48,2020-10-18 오전 12:00:00,7,86141AA000,CN7 W/S SIDE MLD'G RH,S14,650톤-우진2호기,29,9.57,4.45,16.88,59.52,7.13,653.42,0.0,68.52,647.99,55.7,30.9,292.4,141.9,136.8,38.8,60.0,276.6,276.4,274.8,269.8,254.5,229.8,0.0,65.3,0,0,24.4,27.8,0,0,0,0,0,0,0,0
767161,5f915bb96e37704af883e099,2020-10-18 19:01:42,2020-10-18 오전 12:00:00,6,86131AA000,CN7 W/S SIDE MLD'G LH,S14,650톤-우진2호기,6,9.55,4.43,16.81,59.52,7.13,653.43,0.0,68.5,647.99,55.7,31.0,292.4,141.8,136.2,38.6,59.9,276.2,275.2,275.3,271.6,255.6,229.4,0.0,65.1,0,0,24.3,27.8,0,0,0,0,0,0,0,0
767162,5f915bb96e37704af883e09a,2020-10-18 19:01:42,2020-10-18 오전 12:00:00,7,86141AA000,CN7 W/S SIDE MLD'G RH,S14,650톤-우진2호기,29,9.55,4.43,16.81,59.52,7.13,653.43,0.0,68.5,647.99,55.7,31.0,292.4,141.8,136.2,38.6,59.9,276.2,275.2,275.3,271.6,255.6,229.4,0.0,65.1,0,0,24.3,27.8,0,0,0,0,0,0,0,0
767220,5f915bb96e37704af883e0d4,2020-10-18 19:14:36,2020-10-18 오전 12:00:00,6,86131AA000,CN7 W/S SIDE MLD'G LH,S14,650톤-우진2호기,6,9.55,4.43,16.83,59.52,7.13,653.43,0.0,68.49,647.99,55.8,30.7,292.3,141.8,136.5,38.3,59.8,275.7,274.6,274.9,269.5,255.8,229.7,0.0,65.3,0,0,24.2,27.7,0,0,0,0,0,0,0,0
767225,5f915bb96e37704af883e0d9,2020-10-18 19:15:36,2020-10-18 오전 12:00:00,7,86141AA000,CN7 W/S SIDE MLD'G RH,S14,650톤-우진2호기,29,9.55,4.43,16.82,59.52,7.13,653.42,0.0,68.52,647.99,55.8,30.7,292.4,141.8,136.9,38.5,59.8,275.6,275.3,274.1,269.5,255.7,230.1,0.0,65.4,0,0,24.2,27.8,0,0,0,0,0,0,0,0
767282,5f915bb96e37704af883e112,2020-10-18 19:28:30,2020-10-18 오전 12:00:00,6,86131AA000,CN7 W/S SIDE MLD'G LH,S14,650톤-우진2호기,6,9.58,4.46,16.82,59.52,7.12,653.42,0.0,68.5,647.99,55.6,30.9,292.4,142.1,136.7,39.0,60.1,275.4,275.1,275.0,270.7,254.9,229.9,0.0,66.1,0,0,24.3,27.7,0,0,0,0,0,0,0,0
767283,5f915bb96e37704af883e113,2020-10-18 19:28:30,2020-10-18 오전 12:00:00,7,86141AA000,CN7 W/S SIDE MLD'G RH,S14,650톤-우진2호기,29,9.58,4.46,16.82,59.52,7.12,653.42,0.0,68.5,647.99,55.6,30.9,292.4,142.1,136.7,39.0,60.1,275.4,275.1,275.0,270.7,254.9,229.9,0.0,66.1,0,0,24.3,27.7,0,0,0,0,0,0,0,0
767341,5f915bb96e37704af883e14d,2020-10-18 19:41:23,2020-10-18 오전 12:00:00,6,86131AA000,CN7 W/S SIDE MLD'G LH,S14,650톤-우진2호기,6,9.56,4.45,16.81,59.52,7.13,653.43,0.0,68.5,647.99,55.6,30.8,292.4,141.9,136.5,38.7,60.0,276.1,275.4,274.9,270.4,254.9,229.8,0.0,65.1,0,0,24.3,27.8,0,0,0,0,0,0,0,0
767347,5f915bb96e37704af883e153,2020-10-18 19:42:21,2020-10-18 오전 12:00:00,7,86141AA000,CN7 W/S SIDE MLD'G RH,S14,650톤-우진2호기,29,9.55,4.43,16.85,59.52,7.13,653.42,0.0,68.52,647.99,55.8,30.6,292.4,141.8,136.7,38.7,59.9,276.9,275.9,274.9,270.0,255.0,230.2,0.0,65.1,0,0,24.4,27.9,0,0,0,0,0,0,0,0
767402,5f915bb96e37704af883e18a,2020-10-18 19:55:16,2020-10-18 오전 12:00:00,6,86131AA000,CN7 W/S SIDE MLD'G LH,S14,650톤-우진2호기,6,9.57,4.46,16.85,59.52,7.13,653.42,0.0,68.51,647.99,55.7,30.8,292.4,142.1,136.9,38.9,60.1,276.0,275.4,275.2,269.9,254.4,230.4,0.0,65.1,0,0,24.4,27.7,0,0,0,0,0,0,0,0
767408,5f915bb96e37704af883e190,2020-10-18 19:56:17,2020-10-18 오전 12:00:00,7,86141AA000,CN7 W/S SIDE MLD'G RH,S14,650톤-우진2호기,29,9.59,4.47,16.84,59.54,7.13,653.42,0.0,68.49,647.99,55.4,30.8,292.4,142.1,137.2,39.0,60.1,276.3,275.1,275.0,270.3,255.4,230.2,0.0,64.9,0,0,24.4,27.6,0,0,0,0,0,0,0,0
767463,5f915bb96e37704af883e1c7,2020-10-18 20:09:10,2020-10-18 오전 12:00:00,6,86131AA000,CN7 W/S SIDE MLD'G LH,S14,650톤-우진2호기,6,9.56,4.45,16.82,59.54,7.13,653.42,0.0,68.49,647.99,55.6,30.6,292.4,141.9,136.7,38.9,60.0,275.7,276.0,275.1,271.6,255.0,229.5,0.0,64.4,0,0,24.3,27.5,0,0,0,0,0,0,0,0
767464,5f915bb96e37704af883e1c8,2020-10-18 20:09:10,2020-10-18 오전 12:00:00,7,86141AA000,CN7 W/S SIDE MLD'G RH,S14,650톤-우진2호기,29,9.56,4.45,16.82,59.54,7.13,653.42,0.0,68.49,647.99,55.6,30.6,292.4,141.9,136.7,38.9,60.0,275.7,276.0,275.1,271.6,255.0,229.5,0.0,64.4,0,0,24.3,27.5,0,0,0,0,0,0,0,0
767523,5f915bb96e37704af883e203,2020-10-18 20:22:04,2020-10-18 오전 12:00:00,6,86131AA000,CN7 W/S SIDE MLD'G LH,S14,650톤-우진2호기,6,9.54,4.43,16.83,59.52,7.13,653.43,0.0,68.5,647.99,55.9,30.7,292.4,141.8,136.6,38.4,59.8,276.2,275.9,274.5,270.3,254.7,230.0,0.0,65.8,0,0,24.4,27.6,0,0,0,0,0,0,0,0
767528,5f915bb96e37704af883e208,2020-10-18 20:23:04,2020-10-18 오전 12:00:00,7,86141AA000,CN7 W/S SIDE MLD'G RH,S14,650톤-우진2호기,29,9.55,4.44,16.78,59.52,7.13,653.43,0.0,68.49,647.99,55.8,30.9,292.4,141.8,136.8,38.4,59.8,276.1,275.5,274.5,269.7,254.9,230.1,0.0,65.0,0,0,24.2,27.5,0,0,0,0,0,0,0,0
767585,5f915bb96e37704af883e241,2020-10-18 20:35:58,2020-10-18 오전 12:00:00,6,86131AA000,CN7 W/S SIDE MLD'G LH,S14,650톤-우진2호기,6,9.59,4.47,16.81,59.52,7.13,653.43,0.0,68.49,647.99,55.4,30.7,292.4,142.1,137.2,39.0,60.1,276.2,275.5,275.0,270.5,255.0,230.2,0.0,65.1,0,0,24.5,27.8,0,0,0,0,0,0,0,0
767586,5f915bb96e37704af883e242,2020-10-18 20:35:58,2020-10-18 오전 12:00:00,7,86141AA000,CN7 W/S SIDE MLD'G RH,S14,650톤-우진2호기,29,9.59,4.47,16.81,59.52,7.13,653.43,0.0,68.49,647.99,55.4,30.7,292.4,142.1,137.2,39.0,60.1,276.2,275.5,275.0,270.5,255.0,230.2,0.0,65.1,0,0,24.5,27.8,0,0,0,0,0,0,0,0
767644,5f915bb96e37704af883e27c,2020-10-18 20:48:51,2020-10-18 오전 12:00:00,6,86131AA000,CN7 W/S SIDE MLD'G LH,S14,650톤-우진2호기,6,9.55,4.43,16.8,59.54,7.13,653.43,0.0,68.49,647.99,55.8,30.5,292.4,141.8,136.4,38.6,59.9,276.5,275.3,275.0,271.5,254.9,230.2,0.0,65.2,0,0,24.4,27.8,0,0,0,0,0,0,0,0
767649,5f915bb96e37704af883e281,2020-10-18 20:49:49,2020-10-18 오전 12:00:00,7,86141AA000,CN7 W/S SIDE MLD'G RH,S14,650톤-우진2호기,29,9.53,4.42,16.83,59.52,7.13,653.43,0.0,68.49,647.99,55.9,30.8,292.4,141.8,136.3,38.3,59.8,276.5,275.8,274.9,270.9,255.1,230.2,0.0,64.4,0,0,24.4,27.8,0,0,0,0,0,0,0,0
767707,5f915bb96e37704af883e2bb,2020-10-18 21:02:43,2020-10-18 오전 12:00:00,6,86131AA000,CN7 W/S SIDE MLD'G LH,S14,650톤-우진2호기,6,9.57,4.45,16.8,59.52,7.13,653.43,0.0,68.49,647.99,55.6,30.6,292.4,141.9,136.8,38.4,59.8,276.4,275.0,275.6,269.7,254.6,229.8,0.0,64.9,0,0,24.2,27.6,0,0,0,0,0,0,0,0
767708,5f915bb96e37704af883e2bc,2020-10-18 21:02:43,2020-10-18 오전 12:00:00,7,86141AA000,CN7 W/S SIDE MLD'G RH,S14,650톤-우진2호기,29,9.57,4.45,16.8,59.52,7.13,653.43,0.0,68.49,647.99,55.6,30.6,292.4,141.9,136.8,38.4,59.8,276.4,275.0,275.6,269.7,254.6,229.8,0.0,64.9,0,0,24.2,27.6,0,0,0,0,0,0,0,0
767765,5f915bb96e37704af883e2f5,2020-10-18 21:15:37,2020-10-18 오전 12:00:00,6,86131AA000,CN7 W/S SIDE MLD'G LH,S14,650톤-우진2호기,6,9.58,4.47,16.83,59.52,7.13,653.43,0.0,68.49,647.99,55.5,30.7,292.4,142.0,137.1,39.0,60.2,276.1,275.2,274.9,271.1,255.3,230.2,0.0,64.9,0,0,24.2,27.6,0,0,0,0,0,0,0,0
767766,5f915bb96e37704af883e2f6,2020-10-18 21:15:37,2020-10-18 오전 12:00:00,7,86141AA000,CN7 W/S SIDE MLD'G RH,S14,650톤-우진2호기,29,9.58,4.47,16.83,59.52,7.13,653.43,0.0,68.49,647.99,55.5,30.7,292.4,142.0,137.1,39.0,60.2,276.1,275.2,274.9,271.1,255.3,230.2,0.0,64.9,0,0,24.2,27.6,0,0,0,0,0,0,0,0
767824,5f915bb96e37704af883e330,2020-10-18 21:28:31,2020-10-18 오전 12:00:00,6,86131AA000,CN7 W/S SIDE MLD'G LH,S14,650톤-우진2호기,6,9.56,4.45,16.81,59.52,7.13,653.43,0.0,68.49,647.99,55.6,30.9,292.4,141.9,136.9,38.8,60.0,276.1,274.6,275.5,270.1,255.2,229.7,0.0,64.9,0,0,24.3,27.8,0,0,0,0,0,0,0,0
767830,5f915bb96e37704af883e336,2020-10-18 21:29:31,2020-10-18 오전 12:00:00,7,86141AA000,CN7 W/S SIDE MLD'G RH,S14,650톤-우진2호기,29,9.55,4.44,16.84,59.52,7.13,653.43,0.0,68.5,647.99,55.8,30.8,292.4,141.9,136.7,38.5,59.9,276.3,275.6,275.6,269.8,255.0,230.2,0.0,64.9,0,0,24.3,27.8,0,0,0,0,0,0,0,0
767887,5f915bb96e37704af883e36f,2020-10-18 21:42:25,2020-10-18 오전 12:00:00,6,86131AA000,CN7 W/S SIDE MLD'G LH,S14,650톤-우진2호기,6,9.58,4.46,16.81,59.52,7.13,653.42,0.0,68.49,647.99,55.5,30.8,292.4,142.1,137.0,38.9,60.1,275.1,275.3,274.9,270.1,254.9,229.7,0.0,65.1,0,0,24.3,27.7,0,0,0,0,0,0,0,0
767888,5f915bb96e37704af883e370,2020-10-18 21:42:25,2020-10-18 오전 12:00:00,7,86141AA000,CN7 W/S SIDE MLD'G RH,S14,650톤-우진2호기,29,9.58,4.46,16.81,59.52,7.13,653.42,0.0,68.49,647.99,55.5,30.8,292.4,142.1,137.0,38.9,60.1,275.1,275.3,274.9,270.1,254.9,229.7,0.0,65.1,0,0,24.3,27.7,0,0,0,0,0,0,0,0
767947,5f915bb96e37704af883e3ab,2020-10-18 21:55:19,2020-10-18 오전 12:00:00,6,86131AA000,CN7 W/S SIDE MLD'G LH,S14,650톤-우진2호기,6,9.56,4.45,16.79,59.52,7.13,653.42,0.0,68.49,647.99,55.6,30.8,292.4,141.9,136.7,38.9,60.1,275.8,275.3,275.1,272.0,255.0,230.3,0.0,65.0,0,0,24.4,27.6,0,0,0,0,0,0,0,0
767951,5f915bb96e37704af883e3af,2020-10-18 21:56:19,2020-10-18 오전 12:00:00,7,86141AA000,CN7 W/S SIDE MLD'G RH,S14,650톤-우진2호기,29,9.54,4.43,16.79,59.52,7.13,653.43,0.0,68.5,647.99,55.9,30.6,292.4,141.8,136.2,38.5,59.9,276.0,275.2,274.9,271.6,254.6,230.2,0.0,64.9,0,0,24.3,27.6,0,0,0,0,0,0,0,0
768010,5f915bc36e37704af883e3eb,2020-10-18 22:09:13,2020-10-18 오전 12:00:00,6,86131AA000,CN7 W/S SIDE MLD'G LH,S14,650톤-우진2호기,6,9.54,4.43,16.85,59.52,7.13,653.43,0.0,68.49,647.99,55.9,30.7,292.4,141.8,136.2,38.1,59.6,276.1,275.6,275.0,270.2,255.2,229.8,0.0,64.3,0,0,24.4,27.4,0,0,0,0,0,0,0,0
768011,5f915bc36e37704af883e3ec,2020-10-18 22:09:13,2020-10-18 오전 12:00:00,7,86141AA000,CN7 W/S SIDE MLD'G RH,S14,650톤-우진2호기,29,9.54,4.43,16.85,59.52,7.13,653.43,0.0,68.49,647.99,55.9,30.7,292.4,141.8,136.2,38.1,59.6,276.1,275.6,275.0,270.2,255.2,229.8,0.0,64.3,0,0,24.4,27.4,0,0,0,0,0,0,0,0
768068,5f915bc36e37704af883e425,2020-10-18 22:22:07,2020-10-18 오전 12:00:00,6,86131AA000,CN7 W/S SIDE MLD'G LH,S14,650톤-우진2호기,6,9.58,4.47,16.82,59.52,7.12,653.42,0.0,68.49,647.99,55.4,30.7,292.4,142.1,137.0,38.7,60.0,276.1,274.5,275.0,269.5,254.3,230.0,0.0,65.2,0,0,24.4,27.6,0,0,0,0,0,0,0,0
768069,5f915bc36e37704af883e426,2020-10-18 22:22:07,2020-10-18 오전 12:00:00,7,86141AA000,CN7 W/S SIDE MLD'G RH,S14,650톤-우진2호기,29,9.58,4.47,16.82,59.52,7.12,653.42,0.0,68.49,647.99,55.4,30.7,292.4,142.1,137.0,38.7,60.0,276.1,274.5,275.0,269.5,254.3,230.0,0.0,65.2,0,0,24.4,27.6,0,0,0,0,0,0,0,0
768128,5f915bc36e37704af883e461,2020-10-18 22:35:00,2020-10-18 오전 12:00:00,6,86131AA000,CN7 W/S SIDE MLD'G LH,S14,650톤-우진2호기,6,9.57,4.45,16.8,59.56,7.13,653.43,0.0,68.49,647.99,55.6,30.7,292.4,141.9,136.8,39.0,60.2,276.5,275.2,274.6,271.4,254.7,230.1,0.0,64.9,0,0,24.4,27.4,0,0,0,0,0,0,0,0
768133,5f915bc36e37704af883e466,2020-10-18 22:36:01,2020-10-18 오전 12:00:00,7,86141AA000,CN7 W/S SIDE MLD'G RH,S14,650톤-우진2호기,29,9.55,4.43,16.8,59.52,7.13,653.43,0.0,68.5,647.99,55.7,30.7,292.4,141.8,136.4,38.6,59.9,276.0,275.7,275.0,271.4,254.8,229.9,0.0,65.0,0,0,24.3,27.3,0,0,0,0,0,0,0,0
768191,5f915bc36e37704af883e4a0,2020-10-18 22:48:52,2020-10-18 오전 12:00:00,6,86131AA000,CN7 W/S SIDE MLD'G LH,S14,650톤-우진2호기,6,9.55,4.44,16.82,59.52,7.13,653.43,0.0,68.49,647.99,55.7,30.9,292.4,141.8,136.4,38.3,59.7,275.6,275.5,274.9,269.8,254.9,230.3,0.0,66.0,0,0,24.2,27.2,0,0,0,0,0,0,0,0
768192,5f915bc36e37704af883e4a1,2020-10-18 22:48:52,2020-10-18 오전 12:00:00,7,86141AA000,CN7 W/S SIDE MLD'G RH,S14,650톤-우진2호기,29,9.55,4.44,16.82,59.52,7.13,653.43,0.0,68.49,647.99,55.7,30.9,292.4,141.8,136.4,38.3,59.7,275.6,275.5,274.9,269.8,254.9,230.3,0.0,66.0,0,0,24.2,27.2,0,0,0,0,0,0,0,0
768250,5f915bc36e37704af883e4db,2020-10-18 23:01:46,2020-10-18 오전 12:00:00,6,86131AA000,CN7 W/S SIDE MLD'G LH,S14,650톤-우진2호기,6,9.6,4.48,16.83,59.52,7.13,653.42,0.0,68.49,647.99,55.3,30.7,292.4,142.2,137.3,39.1,60.2,275.9,275.5,274.9,270.8,254.9,230.0,0.0,65.5,0,0,24.3,27.6,0,0,0,0,0,0,0,0
768255,5f915bc36e37704af883e4e0,2020-10-18 23:02:46,2020-10-18 오전 12:00:00,7,86141AA000,CN7 W/S SIDE MLD'G RH,S14,650톤-우진2호기,29,9.58,4.47,16.77,59.56,7.13,653.42,0.0,68.5,647.99,55.4,30.7,292.3,142.1,136.9,39.1,60.3,276.0,275.1,275.2,271.8,254.9,230.1,0.0,65.0,0,0,24.3,27.6,0,0,0,0,0,0,0,0
768313,5f915bc36e37704af883e51a,2020-10-18 23:15:40,2020-10-18 오전 12:00:00,6,86131AA000,CN7 W/S SIDE MLD'G LH,S14,650톤-우진2호기,6,9.55,4.43,16.8,59.52,7.13,653.43,0.0,68.49,647.99,55.8,30.9,292.4,141.8,136.5,38.7,60.0,275.7,276.0,275.0,272.0,255.0,230.0,0.0,65.0,0,0,24.5,27.9,0,0,0,0,0,0,0,0
768314,5f915bc36e37704af883e51b,2020-10-18 23:15:40,2020-10-18 오전 12:00:00,7,86141AA000,CN7 W/S SIDE MLD'G RH,S14,650톤-우진2호기,29,9.55,4.43,16.8,59.52,7.13,653.43,0.0,68.49,647.99,55.8,30.9,292.4,141.8,136.5,38.7,60.0,275.7,276.0,275.0,272.0,255.0,230.0,0.0,65.0,0,0,24.5,27.9,0,0,0,0,0,0,0,0
768372,5f915bc36e37704af883e555,2020-10-18 23:28:34,2020-10-18 오전 12:00:00,6,86131AA000,CN7 W/S SIDE MLD'G LH,S14,650톤-우진2호기,6,9.53,4.42,16.8,59.52,7.13,653.43,0.0,68.5,647.99,56.0,30.6,292.4,141.7,136.2,38.1,59.7,276.2,275.3,275.1,271.0,255.6,229.7,0.0,64.9,0,0,24.6,27.8,0,0,0,0,0,0,0,0
768373,5f915bc36e37704af883e556,2020-10-18 23:28:34,2020-10-18 오전 12:00:00,7,86141AA000,CN7 W/S SIDE MLD'G RH,S14,650톤-우진2호기,29,9.53,4.42,16.8,59.52,7.13,653.43,0.0,68.5,647.99,56.0,30.6,292.4,141.7,136.2,38.1,59.7,276.2,275.3,275.1,271.0,255.6,229.7,0.0,64.9,0,0,24.6,27.8,0,0,0,0,0,0,0,0
768424,5f915bc36e37704af883e589,2020-10-18 23:42:27,2020-10-19 오전 12:00:00,11,86131AA000,CN7 W/S SIDE MLD'G LH,S14,650톤-우진2호기,1,9.57,4.45,16.84,59.52,7.13,653.43,0.0,68.5,647.99,55.7,30.8,292.4,142.0,136.8,38.4,59.8,276.3,275.9,274.4,269.1,254.9,230.1,0.0,65.2,0,0,24.7,27.9,0,0,0,0,0,0,0,0
768425,5f915bc36e37704af883e58a,2020-10-18 23:42:27,2020-10-19 오전 12:00:00,12,86141AA000,CN7 W/S SIDE MLD'G RH,S14,650톤-우진2호기,0,9.57,4.45,16.84,59.52,7.13,653.43,0.0,68.5,647.99,55.7,30.8,292.4,142.0,136.8,38.4,59.8,276.3,275.9,274.4,269.1,254.9,230.1,0.0,65.2,0,0,24.7,27.9,0,0,0,0,0,0,0,0
768461,5f915bc36e37704af883e5ae,2020-10-18 23:55:21,2020-10-19 오전 12:00:00,11,86131AA000,CN7 W/S SIDE MLD'G LH,S14,650톤-우진2호기,1,9.6,4.48,16.86,59.56,7.13,653.42,0.0,68.48,647.99,55.4,30.7,292.5,142.1,137.4,39.0,60.1,276.1,275.0,275.0,269.8,255.2,229.7,0.0,65.1,0,0,24.7,27.9,0,0,0,0,0,0,0,0
768462,5f915bc36e37704af883e5af,2020-10-18 23:55:21,2020-10-19 오전 12:00:00,12,86141AA000,CN7 W/S SIDE MLD'G RH,S14,650톤-우진2호기,0,9.6,4.48,16.86,59.56,7.13,653.42,0.0,68.48,647.99,55.4,30.7,292.5,142.1,137.4,39.0,60.1,276.1,275.0,275.0,269.8,255.2,229.7,0.0,65.1,0,0,24.7,27.9,0,0,0,0,0,0,0,0
768498,5f915bc36e37704af883e5d3,2020-10-19 00:08:15,2020-10-19 오전 12:00:00,11,86131AA000,CN7 W/S SIDE MLD'G LH,S14,650톤-우진2호기,1,9.58,4.46,16.84,59.52,7.13,653.42,0.0,68.5,647.99,55.5,30.6,292.4,141.9,136.8,39.0,60.1,276.1,275.0,274.6,271.4,254.7,230.0,0.0,65.0,0,0,24.6,28.0,0,0,0,0,0,0,0,0
768502,5f915bc36e37704af883e5d7,2020-10-19 00:09:15,2020-10-19 오전 12:00:00,12,86141AA000,CN7 W/S SIDE MLD'G RH,S14,650톤-우진2호기,0,9.56,4.45,16.85,59.52,7.13,653.43,0.0,68.48,647.99,55.6,30.6,292.3,141.8,136.7,38.7,60.0,275.6,275.3,274.7,271.0,255.1,230.2,0.0,64.5,0,0,24.6,28.1,0,0,0,0,0,0,0,0
768557,5f915bc36e37704af883e60e,2020-10-19 00:22:09,2020-10-19 오전 12:00:00,11,86131AA000,CN7 W/S SIDE MLD'G LH,S14,650톤-우진2호기,1,9.57,4.45,16.87,59.52,7.12,653.42,0.0,68.51,647.99,55.6,30.7,292.4,141.9,137.0,38.6,59.9,276.6,276.2,275.0,269.5,255.0,230.1,0.0,66.1,0,0,24.7,28.3,0,0,0,0,0,0,0,0
768558,5f915bc36e37704af883e60f,2020-10-19 00:22:09,2020-10-19 오전 12:00:00,12,86141AA000,CN7 W/S SIDE MLD'G RH,S14,650톤-우진2호기,0,9.57,4.45,16.87,59.52,7.12,653.42,0.0,68.51,647.99,55.6,30.7,292.4,141.9,137.0,38.6,59.9,276.6,276.2,275.0,269.5,255.0,230.1,0.0,66.1,0,0,24.7,28.3,0,0,0,0,0,0,0,0
768631,5f915bc36e37704af883e658,2020-10-19 00:35:01,2020-10-19 오전 12:00:00,11,86131AA000,CN7 W/S SIDE MLD'G LH,S14,650톤-우진2호기,1,9.59,4.48,16.83,59.54,7.12,653.42,0.0,68.5,647.99,55.4,30.7,292.3,142.1,137.0,39.1,60.2,275.0,275.6,274.4,271.0,254.5,229.8,0.0,65.2,0,0,25.0,28.6,0,0,0,0,0,0,0,0
768632,5f915bc36e37704af883e659,2020-10-19 00:35:01,2020-10-19 오전 12:00:00,12,86141AA000,CN7 W/S SIDE MLD'G RH,S14,650톤-우진2호기,0,9.59,4.48,16.83,59.54,7.12,653.42,0.0,68.5,647.99,55.4,30.7,292.3,142.1,137.0,39.1,60.2,275.0,275.6,274.4,271.0,254.5,229.8,0.0,65.2,0,0,25.0,28.6,0,0,0,0,0,0,0,0
768674,5f915bc36e37704af883e683,2020-10-19 00:42:20,2020-10-19 오전 12:00:00,13,86131S8900,LX2 W/S SIDE MLD'G LH(RHD),S12,650톤-우진,8,11.43,3.31,19.82,64.56,6.07,655.0,0.0,59.44,69.64,64.9,30.4,293.9,169.0,128.4,22.3,13.7,244.9,249.8,249.7,245.2,240.0,224.9,0.0,37.4,0,0,20.7,23.2,0,0,0,0,0,0,0,0
768712,5f915bc36e37704af883e6a9,2020-10-19 00:48:56,2020-10-19 오전 12:00:00,11,86131AA000,CN7 W/S SIDE MLD'G LH,S14,650톤-우진2호기,1,9.55,4.43,16.84,59.52,7.12,653.42,0.0,68.51,647.99,55.8,30.7,292.4,141.8,136.3,38.4,59.8,275.6,274.8,275.2,271.1,255.1,230.1,0.0,65.6,0,0,25.4,28.8,0,0,0,0,0,0,0,0
768713,5f915bc36e37704af883e6aa,2020-10-19 00:48:56,2020-10-19 오전 12:00:00,12,86141AA000,CN7 W/S SIDE MLD'G RH,S14,650톤-우진2호기,0,9.55,4.43,16.84,59.52,7.12,653.42,0.0,68.51,647.99,55.8,30.7,292.4,141.8,136.3,38.4,59.8,275.6,274.8,275.2,271.1,255.1,230.1,0.0,65.6,0,0,25.4,28.8,0,0,0,0,0,0,0,0
768790,5f915bc36e37704af883e6f7,2020-10-19 01:01:50,2020-10-19 오전 12:00:00,11,86131AA000,CN7 W/S SIDE MLD'G LH,S14,650톤-우진2호기,1,9.56,4.45,16.86,59.52,7.12,653.42,0.0,68.5,647.99,55.7,30.9,292.5,141.9,136.6,38.5,59.8,276.8,276.1,275.0,269.5,254.9,230.3,0.0,66.1,0,0,25.6,28.9,0,0,0,0,0,0,0,0
768791,5f915bc36e37704af883e6f8,2020-10-19 01:01:50,2020-10-19 오전 12:00:00,12,86141AA000,CN7 W/S SIDE MLD'G RH,S14,650톤-우진2호기,0,9.56,4.45,16.86,59.52,7.12,653.42,0.0,68.5,647.99,55.7,30.9,292.5,141.9,136.6,38.5,59.8,276.8,276.1,275.0,269.5,254.9,230.3,0.0,66.1,0,0,25.6,28.9,0,0,0,0,0,0,0,0
768869,5f915bc36e37704af883e746,2020-10-19 01:15:42,2020-10-19 오전 12:00:00,11,86131AA000,CN7 W/S SIDE MLD'G LH,S14,650톤-우진2호기,1,9.57,4.45,16.79,59.52,7.12,653.43,0.0,68.5,647.99,55.6,30.8,292.4,141.9,136.7,38.9,60.1,276.2,275.6,274.3,271.3,254.9,229.7,0.0,65.3,0,0,25.5,28.9,0,0,0,0,0,0,0,0
768877,5f915bc36e37704af883e74e,2020-10-19 01:16:43,2020-10-19 오전 12:00:00,12,86141AA000,CN7 W/S SIDE MLD'G RH,S14,650톤-우진2호기,0,9.55,4.44,16.81,59.52,7.12,653.43,0.0,68.51,647.99,55.7,30.9,292.4,141.8,136.4,38.7,60.0,275.8,275.2,274.9,271.0,254.7,230.2,0.0,64.6,0,0,25.5,28.9,0,0,0,0,0,0,0,0
768951,5f915bc36e37704af883e798,2020-10-19 01:29:36,2020-10-19 오전 12:00:00,11,86131AA000,CN7 W/S SIDE MLD'G LH,S14,650톤-우진2호기,1,9.56,4.44,16.87,59.52,7.12,653.42,0.0,68.49,647.99,55.7,30.6,292.4,141.9,136.5,38.5,59.9,276.1,274.6,275.2,269.1,254.6,230.3,0.0,66.5,0,0,25.8,29.3,0,0,0,0,0,0,0,0
768952,5f915bc36e37704af883e799,2020-10-19 01:29:36,2020-10-19 오전 12:00:00,12,86141AA000,CN7 W/S SIDE MLD'G RH,S14,650톤-우진2호기,0,9.56,4.44,16.87,59.52,7.12,653.42,0.0,68.49,647.99,55.7,30.6,292.4,141.9,136.5,38.5,59.9,276.1,274.6,275.2,269.1,254.6,230.3,0.0,66.5,0,0,25.8,29.3,0,0,0,0,0,0,0,0
769029,5f915bcd6e37704af883e7e7,2020-10-19 01:42:30,2020-10-19 오전 12:00:00,11,86131AA000,CN7 W/S SIDE MLD'G LH,S14,650톤-우진2호기,1,9.59,4.47,16.83,59.52,7.12,653.42,0.0,68.49,647.99,55.4,30.8,292.5,142.0,137.0,39.0,60.0,276.3,274.9,275.0,269.8,255.6,229.9,0.0,65.4,0,0,26.0,29.5,0,0,0,0,0,0,0,0
769030,5f915bcd6e37704af883e7e8,2020-10-19 01:42:30,2020-10-19 오전 12:00:00,12,86141AA000,CN7 W/S SIDE MLD'G RH,S14,650톤-우진2호기,0,9.59,4.47,16.83,59.52,7.12,653.42,0.0,68.49,647.99,55.4,30.8,292.5,142.0,137.0,39.0,60.0,276.3,274.9,275.0,269.8,255.6,229.9,0.0,65.4,0,0,26.0,29.5,0,0,0,0,0,0,0,0
769113,5f915bcd6e37704af883e83b,2020-10-19 01:56:22,2020-10-19 오전 12:00:00,11,86131AA000,CN7 W/S SIDE MLD'G LH,S14,650톤-우진2호기,1,9.54,4.42,16.88,59.52,7.12,653.42,0.0,68.51,647.99,55.9,30.8,292.4,141.8,136.5,38.6,59.8,276.5,275.4,275.0,271.3,255.0,229.9,0.0,65.0,0,0,25.8,29.3,0,0,0,0,0,0,0,0
769114,5f915bcd6e37704af883e83c,2020-10-19 01:56:22,2020-10-19 오전 12:00:00,12,86141AA000,CN7 W/S SIDE MLD'G RH,S14,650톤-우진2호기,0,9.54,4.42,16.88,59.52,7.12,653.42,0.0,68.51,647.99,55.9,30.8,292.4,141.8,136.5,38.6,59.8,276.5,275.4,275.0,271.3,255.0,229.9,0.0,65.0,0,0,25.8,29.3,0,0,0,0,0,0,0,0
769190,5f915bcd6e37704af883e888,2020-10-19 02:09:16,2020-10-19 오전 12:00:00,11,86131AA000,CN7 W/S SIDE MLD'G LH,S14,650톤-우진2호기,1,9.54,4.42,16.86,59.48,7.12,653.42,0.0,68.49,647.99,55.9,30.8,292.4,141.8,136.3,38.1,59.6,276.3,274.7,275.0,269.9,255.2,230.0,0.0,65.1,0,0,26.1,29.4,0,0,0,0,0,0,0,0
769191,5f915bcd6e37704af883e889,2020-10-19 02:09:16,2020-10-19 오전 12:00:00,12,86141AA000,CN7 W/S SIDE MLD'G RH,S14,650톤-우진2호기,0,9.54,4.42,16.86,59.48,7.12,653.42,0.0,68.49,647.99,55.9,30.8,292.4,141.8,136.3,38.1,59.6,276.3,274.7,275.0,269.9,255.2,230.0,0.0,65.1,0,0,26.1,29.4,0,0,0,0,0,0,0,0
769271,5f915bcd6e37704af883e8d9,2020-10-19 02:23:08,2020-10-19 오전 12:00:00,11,86131AA000,CN7 W/S SIDE MLD'G LH,S14,650톤-우진2호기,1,9.59,4.48,16.86,59.56,7.12,653.42,0.0,68.49,647.99,55.4,30.8,292.4,142.1,137.2,39.0,60.1,276.1,274.8,274.9,270.7,255.0,230.0,0.0,65.8,0,0,26.2,29.5,0,0,0,0,0,0,0,0
769272,5f915bcd6e37704af883e8da,2020-10-19 02:23:08,2020-10-19 오전 12:00:00,12,86141AA000,CN7 W/S SIDE MLD'G RH,S14,650톤-우진2호기,0,9.59,4.48,16.86,59.56,7.12,653.42,0.0,68.49,647.99,55.4,30.8,292.4,142.1,137.2,39.0,60.1,276.1,274.8,274.9,270.7,255.0,230.0,0.0,65.8,0,0,26.2,29.5,0,0,0,0,0,0,0,0
769352,5f915bcd6e37704af883e92a,2020-10-19 02:37:03,2020-10-19 오전 12:00:00,11,86131AA000,CN7 W/S SIDE MLD'G LH,S14,650톤-우진2호기,1,9.55,4.43,16.88,59.52,7.12,653.42,0.0,68.5,647.99,55.8,30.9,292.4,141.8,136.5,38.5,59.9,276.0,275.7,275.0,270.5,255.1,230.2,0.0,66.0,0,0,26.1,29.6,0,0,0,0,0,0,0,0
769353,5f915bcd6e37704af883e92b,2020-10-19 02:37:03,2020-10-19 오전 12:00:00,12,86141AA000,CN7 W/S SIDE MLD'G RH,S14,650톤-우진2호기,0,9.55,4.43,16.88,59.52,7.12,653.42,0.0,68.5,647.99,55.8,30.9,292.4,141.8,136.5,38.5,59.9,276.0,275.7,275.0,270.5,255.1,230.2,0.0,66.0,0,0,26.1,29.6,0,0,0,0,0,0,0,0
769430,5f915bcd6e37704af883e978,2020-10-19 02:49:55,2020-10-19 오전 12:00:00,11,86131AA000,CN7 W/S SIDE MLD'G LH,S14,650톤-우진2호기,1,9.56,4.44,16.93,59.52,7.12,653.42,0.0,68.49,647.99,55.8,30.8,292.4,141.8,136.7,38.4,59.8,276.8,275.5,275.3,269.4,254.9,230.3,0.0,66.0,0,0,26.3,29.7,0,0,0,0,0,0,0,0
769431,5f915bcd6e37704af883e979,2020-10-19 02:49:55,2020-10-19 오전 12:00:00,12,86141AA000,CN7 W/S SIDE MLD'G RH,S14,650톤-우진2호기,0,9.56,4.44,16.93,59.52,7.12,653.42,0.0,68.49,647.99,55.8,30.8,292.4,141.8,136.7,38.4,59.8,276.8,275.5,275.3,269.4,254.9,230.3,0.0,66.0,0,0,26.3,29.7,0,0,0,0,0,0,0,0
769510,5f915bcd6e37704af883e9c8,2020-10-19 03:03:50,2020-10-19 오전 12:00:00,11,86131AA000,CN7 W/S SIDE MLD'G LH,S14,650톤-우진2호기,1,9.58,4.47,16.9,59.52,7.12,653.42,0.0,68.49,647.99,55.4,30.8,292.5,141.9,137.1,39.0,60.0,276.4,275.2,275.3,271.1,255.1,230.1,0.0,65.1,0,0,26.5,29.9,0,0,0,0,0,0,0,0
769511,5f915bcd6e37704af883e9c9,2020-10-19 03:03:50,2020-10-19 오전 12:00:00,12,86141AA000,CN7 W/S SIDE MLD'G RH,S14,650톤-우진2호기,0,9.58,4.47,16.9,59.52,7.12,653.42,0.0,68.49,647.99,55.4,30.8,292.5,141.9,137.1,39.0,60.0,276.4,275.2,275.3,271.1,255.1,230.1,0.0,65.1,0,0,26.5,29.9,0,0,0,0,0,0,0,0
769556,5f915bcd6e37704af883e9f6,2020-10-19 03:11:45,2020-10-19 오전 12:00:00,11,86131AA000,CN7 W/S SIDE MLD'G LH,S14,650톤-우진2호기,1,9.59,4.47,16.87,59.52,7.12,653.42,0.0,68.49,647.99,55.4,30.7,292.4,142.1,137.2,39.2,60.2,276.7,275.1,275.2,270.9,255.0,229.8,0.0,65.8,0,0,26.3,29.7,0,0,0,0,0,0,0,0
769557,5f915bcd6e37704af883e9f7,2020-10-19 03:11:45,2020-10-19 오전 12:00:00,12,86141AA000,CN7 W/S SIDE MLD'G RH,S14,650톤-우진2호기,0,9.59,4.47,16.87,59.52,7.12,653.42,0.0,68.49,647.99,55.4,30.7,292.4,142.1,137.2,39.2,60.2,276.7,275.1,275.2,270.9,255.0,229.8,0.0,65.8,0,0,26.3,29.7,0,0,0,0,0,0,0,0
769593,5f915bcd6e37704af883ea1b,2020-10-19 03:17:42,2020-10-19 오전 12:00:00,11,86131AA000,CN7 W/S SIDE MLD'G LH,S14,650톤-우진2호기,1,9.57,4.45,16.93,59.52,7.12,653.42,0.0,68.49,647.99,55.6,30.8,292.4,142.0,136.8,38.5,59.8,276.1,275.6,274.4,269.5,254.7,229.8,0.0,66.0,0,0,26.4,29.9,0,0,0,0,0,0,0,0
769594,5f915bcd6e37704af883ea1c,2020-10-19 03:17:42,2020-10-19 오전 12:00:00,12,86141AA000,CN7 W/S SIDE MLD'G RH,S14,650톤-우진2호기,0,9.57,4.45,16.93,59.52,7.12,653.42,0.0,68.49,647.99,55.6,30.8,292.4,142.0,136.8,38.5,59.8,276.1,275.6,274.4,269.5,254.7,229.8,0.0,66.0,0,0,26.4,29.9,0,0,0,0,0,0,0,0
769676,5f915bcd6e37704af883ea6e,2020-10-19 03:31:36,2020-10-19 오전 12:00:00,11,86131AA000,CN7 W/S SIDE MLD'G LH,S14,650톤-우진2호기,1,9.57,4.46,16.91,59.52,7.12,653.42,0.0,68.49,647.99,55.6,30.9,292.4,141.9,136.9,38.8,60.0,276.1,275.6,274.7,271.3,255.2,230.1,0.0,66.2,0,0,26.5,29.8,0,0,0,0,0,0,0,0
769677,5f915bcd6e37704af883ea6f,2020-10-19 03:31:36,2020-10-19 오전 12:00:00,12,86141AA000,CN7 W/S SIDE MLD'G RH,S14,650톤-우진2호기,0,9.57,4.46,16.91,59.52,7.12,653.42,0.0,68.49,647.99,55.6,30.9,292.4,141.9,136.9,38.8,60.0,276.1,275.6,274.7,271.3,255.2,230.1,0.0,66.2,0,0,26.5,29.8,0,0,0,0,0,0,0,0
769735,5f915bcd6e37704af883eaa9,2020-10-19 03:44:30,2020-10-19 오전 12:00:00,11,86131AA000,CN7 W/S SIDE MLD'G LH,S14,650톤-우진2호기,1,9.55,4.44,16.95,59.52,7.12,653.42,0.0,68.48,647.99,55.8,30.8,292.5,141.9,136.9,38.4,59.8,275.4,275.1,274.3,269.6,255.0,230.0,0.0,66.3,0,0,26.4,29.6,0,0,0,0,0,0,0,0
769736,5f915bcd6e37704af883eaaa,2020-10-19 03:44:30,2020-10-19 오전 12:00:00,12,86141AA000,CN7 W/S SIDE MLD'G RH,S14,650톤-우진2호기,0,9.55,4.44,16.95,59.52,7.12,653.42,0.0,68.48,647.99,55.8,30.8,292.5,141.9,136.9,38.4,59.8,275.4,275.1,274.3,269.6,255.0,230.0,0.0,66.3,0,0,26.4,29.6,0,0,0,0,0,0,0,0
769796,5f915bcd6e37704af883eae6,2020-10-19 03:58:24,2020-10-19 오전 12:00:00,11,86131AA000,CN7 W/S SIDE MLD'G LH,S14,650톤-우진2호기,1,9.56,4.44,16.93,59.52,7.12,653.43,0.0,68.5,647.99,55.7,30.9,292.5,141.9,136.5,38.8,60.0,276.4,275.2,275.7,271.1,255.1,229.9,0.0,66.9,0,0,26.4,29.8,0,0,0,0,0,0,0,0
769797,5f915bcd6e37704af883eae7,2020-10-19 03:58:24,2020-10-19 오전 12:00:00,12,86141AA000,CN7 W/S SIDE MLD'G RH,S14,650톤-우진2호기,0,9.56,4.44,16.93,59.52,7.12,653.43,0.0,68.5,647.99,55.7,30.9,292.5,141.9,136.5,38.8,60.0,276.4,275.2,275.7,271.1,255.1,229.9,0.0,66.9,0,0,26.4,29.8,0,0,0,0,0,0,0,0
769860,5f915bcd6e37704af883eb26,2020-10-19 04:13:16,2020-10-19 오전 12:00:00,11,86131AA000,CN7 W/S SIDE MLD'G LH,S14,650톤-우진2호기,1,9.57,4.45,16.92,59.52,7.12,653.42,0.0,68.48,647.99,55.6,30.8,292.4,141.9,136.9,38.6,60.0,276.0,274.9,274.8,269.8,255.1,230.3,0.0,67.3,0,0,26.6,29.8,0,0,0,0,0,0,0,0
769861,5f915bcd6e37704af883eb27,2020-10-19 04:13:16,2020-10-19 오전 12:00:00,12,86141AA000,CN7 W/S SIDE MLD'G RH,S14,650톤-우진2호기,0,9.57,4.45,16.92,59.52,7.12,653.42,0.0,68.48,647.99,55.6,30.8,292.4,141.9,136.9,38.6,60.0,276.0,274.9,274.8,269.8,255.1,230.3,0.0,67.3,0,0,26.6,29.8,0,0,0,0,0,0,0,0
769920,5f915bcd6e37704af883eb62,2020-10-19 04:26:10,2020-10-19 오전 12:00:00,11,86131AA000,CN7 W/S SIDE MLD'G LH,S14,650톤-우진2호기,1,9.55,4.44,16.91,59.56,7.12,653.42,0.0,68.48,647.99,55.8,30.8,292.5,141.7,136.5,38.8,60.0,276.5,274.8,275.8,271.5,255.0,230.2,0.0,66.6,0,0,26.5,29.9,0,0,0,0,0,0,0,0
769921,5f915bcd6e37704af883eb63,2020-10-19 04:26:10,2020-10-19 오전 12:00:00,12,86141AA000,CN7 W/S SIDE MLD'G RH,S14,650톤-우진2호기,0,9.55,4.44,16.91,59.56,7.12,653.42,0.0,68.48,647.99,55.8,30.8,292.5,141.7,136.5,38.8,60.0,276.5,274.8,275.8,271.5,255.0,230.2,0.0,66.6,0,0,26.5,29.9,0,0,0,0,0,0,0,0
769984,5f915bcd6e37704af883eba2,2020-10-19 04:40:03,2020-10-19 오전 12:00:00,11,86131AA000,CN7 W/S SIDE MLD'G LH,S14,650톤-우진2호기,1,9.55,4.43,16.94,59.52,7.12,653.42,0.0,68.51,647.99,55.8,31.0,292.5,141.7,136.9,38.5,59.8,276.1,275.3,275.0,269.8,255.7,230.0,0.0,66.5,0,0,26.3,29.8,0,0,0,0,0,0,0,0
769985,5f915bcd6e37704af883eba3,2020-10-19 04:40:03,2020-10-19 오전 12:00:00,12,86141AA000,CN7 W/S SIDE MLD'G RH,S14,650톤-우진2호기,0,9.55,4.43,16.94,59.52,7.12,653.42,0.0,68.51,647.99,55.8,31.0,292.5,141.7,136.9,38.5,59.8,276.1,275.3,275.0,269.8,255.7,230.0,0.0,66.5,0,0,26.3,29.8,0,0,0,0,0,0,0,0
770042,5f915bd76e37704af883ebdd,2020-10-19 04:52:57,2020-10-19 오전 12:00:00,11,86131AA000,CN7 W/S SIDE MLD'G LH,S14,650톤-우진2호기,1,9.57,4.46,16.98,59.52,7.12,653.41,0.0,68.51,647.99,55.7,30.8,292.5,141.9,137.1,39.0,60.1,276.2,275.7,275.2,269.9,254.9,229.7,0.0,65.9,0,0,26.5,29.6,0,0,0,0,0,0,0,0
770048,5f915bd76e37704af883ebe3,2020-10-19 04:53:55,2020-10-19 오전 12:00:00,12,86141AA000,CN7 W/S SIDE MLD'G RH,S14,650톤-우진2호기,0,9.58,4.47,16.94,59.52,7.12,653.41,0.0,68.48,647.99,55.5,30.8,292.5,142.0,137.2,39.0,60.1,276.6,275.4,274.8,270.8,254.7,230.1,0.0,66.6,0,0,26.4,29.8,0,0,0,0,0,0,0,0
770107,5f915bd76e37704af883ec1e,2020-10-19 05:06:49,2020-10-19 오전 12:00:00,11,86131AA000,CN7 W/S SIDE MLD'G LH,S14,650톤-우진2호기,1,9.54,4.43,16.94,59.52,7.13,653.42,0.0,68.49,647.99,55.8,30.7,292.5,141.8,136.8,38.5,59.8,276.6,275.0,275.5,271.0,255.1,230.1,0.0,66.7,0,0,26.6,29.8,0,0,0,0,0,0,0,0
770108,5f915bd76e37704af883ec1f,2020-10-19 05:06:49,2020-10-19 오전 12:00:00,12,86141AA000,CN7 W/S SIDE MLD'G RH,S14,650톤-우진2호기,0,9.54,4.43,16.94,59.52,7.13,653.42,0.0,68.49,647.99,55.8,30.7,292.5,141.8,136.8,38.5,59.8,276.6,275.0,275.5,271.0,255.1,230.1,0.0,66.7,0,0,26.6,29.8,0,0,0,0,0,0,0,0
770167,5f915bd76e37704af883ec5a,2020-10-19 05:19:44,2020-10-19 오전 12:00:00,11,86131AA000,CN7 W/S SIDE MLD'G LH,S14,650톤-우진2호기,1,9.55,4.43,16.98,59.52,7.13,653.41,0.0,68.49,647.99,55.8,30.7,292.5,141.8,136.8,38.4,59.7,276.2,275.5,274.9,269.6,254.9,230.0,0.0,66.1,0,0,26.5,29.8,0,0,0,0,0,0,0,0
770172,5f915bd76e37704af883ec5f,2020-10-19 05:20:44,2020-10-19 오전 12:00:00,12,86141AA000,CN7 W/S SIDE MLD'G RH,S14,650톤-우진2호기,0,9.55,4.43,16.96,59.52,7.13,653.41,0.0,68.49,647.99,55.8,31.0,292.5,141.8,136.6,38.4,59.7,276.3,275.4,275.2,269.3,254.5,229.6,0.0,67.0,0,0,26.5,29.7,0,0,0,0,0,0,0,0
770226,5f915bd76e37704af883ec95,2020-10-19 05:32:38,2020-10-19 오전 12:00:00,11,86131AA000,CN7 W/S SIDE MLD'G LH,S14,650톤-우진2호기,1,9.58,4.47,16.96,59.56,7.13,653.41,0.0,68.48,647.99,55.5,30.8,292.5,142.0,137.1,38.9,60.0,275.9,274.3,274.6,269.8,255.1,230.0,0.0,67.0,0,0,26.5,29.5,0,0,0,0,0,0,0,0
770232,5f915bd76e37704af883ec9b,2020-10-19 05:33:36,2020-10-19 오전 12:00:00,12,86141AA000,CN7 W/S SIDE MLD'G RH,S14,650톤-우진2호기,0,9.57,4.46,16.94,59.52,7.13,653.41,0.0,68.48,647.99,55.6,31.0,292.5,141.9,136.9,38.9,60.0,275.9,275.3,274.4,270.9,254.5,230.0,0.0,66.1,0,0,26.4,29.5,0,0,0,0,0,0,0,0
770290,5f915bd76e37704af883ecd5,2020-10-19 05:46:30,2020-10-19 오전 12:00:00,11,86131AA000,CN7 W/S SIDE MLD'G LH,S14,650톤-우진2호기,1,9.55,4.43,16.97,59.54,7.12,653.42,0.0,68.49,647.99,55.8,30.9,292.4,141.8,136.7,38.6,59.9,275.8,275.7,274.9,271.2,255.0,229.8,0.0,67.1,0,0,26.5,29.3,0,0,0,0,0,0,0,0
770296,5f915bd76e37704af883ecdb,2020-10-19 05:47:30,2020-10-19 오전 12:00:00,12,86141AA000,CN7 W/S SIDE MLD'G RH,S14,650톤-우진2호기,0,9.54,4.43,16.97,59.52,7.12,653.42,0.0,68.5,647.99,55.9,30.8,292.5,141.8,136.4,38.5,59.8,275.7,275.3,274.8,270.6,254.9,230.0,0.0,67.1,0,0,26.5,29.3,0,0,0,0,0,0,0,0
770352,5f915bd76e37704af883ed13,2020-10-19 06:00:24,2020-10-19 오전 12:00:00,11,86131AA000,CN7 W/S SIDE MLD'G LH,S14,650톤-우진2호기,1,9.56,4.45,16.97,59.52,7.12,653.42,0.0,68.49,647.99,55.7,30.8,292.5,141.9,136.8,38.5,59.7,276.1,275.5,275.0,269.8,254.5,230.4,0.0,67.6,0,0,26.2,29.1,0,0,0,0,0,0,0,0
770357,5f915bd76e37704af883ed18,2020-10-19 06:01:24,2020-10-19 오전 12:00:00,12,86141AA000,CN7 W/S SIDE MLD'G RH,S14,650톤-우진2호기,0,9.57,4.45,16.98,59.52,7.12,653.41,0.0,68.49,647.99,55.7,31.1,292.5,142.0,136.9,38.9,60.0,276.2,275.2,274.3,270.3,254.6,230.0,0.0,67.1,0,0,26.3,29.1,0,0,0,0,0,0,0,0
770416,5f915bd76e37704af883ed53,2020-10-19 06:14:18,2020-10-19 오전 12:00:00,11,86131AA000,CN7 W/S SIDE MLD'G LH,S14,650톤-우진2호기,1,9.56,4.44,16.99,59.52,7.12,653.42,0.0,68.49,647.99,55.7,31.1,292.5,141.9,136.7,38.8,59.8,276.9,275.4,275.0,270.6,254.6,229.8,0.0,66.7,0,0,26.2,29.0,0,0,0,0,0,0,0,0
770417,5f915bd76e37704af883ed54,2020-10-19 06:14:18,2020-10-19 오전 12:00:00,12,86141AA000,CN7 W/S SIDE MLD'G RH,S14,650톤-우진2호기,0,9.56,4.44,16.99,59.52,7.12,653.42,0.0,68.49,647.99,55.7,31.1,292.5,141.9,136.7,38.8,59.8,276.9,275.4,275.0,270.6,254.6,229.8,0.0,66.7,0,0,26.2,29.0,0,0,0,0,0,0,0,0
770475,5f915bd76e37704af883ed8e,2020-10-19 06:27:12,2020-10-19 오전 12:00:00,11,86131AA000,CN7 W/S SIDE MLD'G LH,S14,650톤-우진2호기,1,9.57,4.45,16.98,59.52,7.13,653.41,0.0,68.48,647.99,55.6,30.8,292.5,141.9,137.1,38.8,59.9,275.6,274.5,275.2,268.8,255.0,230.1,0.0,66.6,0,0,26.3,29.0,0,0,0,0,0,0,0,0
770480,5f915bd76e37704af883ed93,2020-10-19 06:28:10,2020-10-19 오전 12:00:00,12,86141AA000,CN7 W/S SIDE MLD'G RH,S14,650톤-우진2호기,0,9.58,4.46,16.95,59.52,7.13,653.41,0.0,68.49,647.99,55.6,30.9,292.5,142.0,137.1,39.0,60.0,276.2,275.4,274.4,270.0,254.6,229.6,0.0,67.3,0,0,26.3,29.0,0,0,0,0,0,0,0,0
770528,5f915bd76e37704af883edc3,2020-10-19 06:38:43,2020-10-19 오전 12:00:00,13,86131S8900,LX2 W/S SIDE MLD'G LH(RHD),S12,650톤-우진,8,11.43,3.32,19.82,64.6,6.07,655.0,0.0,59.45,69.64,64.8,30.4,293.9,168.8,128.5,22.1,13.7,245.3,249.8,250.1,244.6,239.8,225.1,0.0,38.6,0,0,19.4,22.7,0,0,0,0,0,0,0,0
770534,5f915bd76e37704af883edc9,2020-10-19 06:40:04,2020-10-19 오전 12:00:00,11,86131AA000,CN7 W/S SIDE MLD'G LH,S14,650톤-우진2호기,1,9.58,4.46,16.96,59.56,7.13,653.41,0.0,68.49,647.99,55.5,30.9,292.5,141.9,137.1,39.0,60.1,275.8,275.5,275.0,271.5,255.1,230.0,0.0,67.3,0,0,26.1,28.8,0,0,0,0,0,0,0,0
770540,5f915bd76e37704af883edcf,2020-10-19 06:41:04,2020-10-19 오전 12:00:00,12,86141AA000,CN7 W/S SIDE MLD'G RH,S14,650톤-우진2호기,0,9.57,4.45,16.94,59.58,7.13,653.42,0.0,68.49,647.99,55.7,30.8,292.5,141.9,136.8,39.0,60.0,275.7,275.7,274.5,271.7,254.8,229.8,0.0,68.3,0,0,26.2,28.8,0,0,0,0,0,0,0,0
770599,5f915bd76e37704af883ee0a,2020-10-19 06:53:58,2020-10-19 오전 12:00:00,11,86131AA000,CN7 W/S SIDE MLD'G LH,S14,650톤-우진2호기,1,9.54,4.43,16.95,59.5,7.12,653.42,0.0,68.49,647.99,55.9,30.7,292.5,141.7,136.5,38.3,59.7,275.8,275.6,275.0,270.9,254.7,230.3,0.0,67.1,0,0,25.9,28.5,0,0,0,0,0,0,0,0
770605,5f915bd76e37704af883ee10,2020-10-19 06:54:56,2020-10-19 오전 12:00:00,12,86141AA000,CN7 W/S SIDE MLD'G RH,S14,650톤-우진2호기,0,9.55,4.43,16.98,59.48,7.12,653.41,0.0,68.51,647.99,55.8,30.8,292.5,141.8,136.8,38.4,59.7,276.0,274.5,275.3,270.0,255.0,230.1,0.0,67.4,0,0,26.0,28.4,0,0,0,0,0,0,0,0
770659,5f915bd76e37704af883ee46,2020-10-19 07:06:53,2020-10-19 오전 12:00:00,11,86131AA000,CN7 W/S SIDE MLD'G LH,S14,650톤-우진2호기,1,9.56,4.44,17.0,59.52,7.12,653.41,0.0,68.48,647.99,55.8,30.7,292.5,141.9,136.8,38.5,59.7,276.5,275.3,275.2,269.4,255.0,230.3,0.0,68.5,0,0,25.9,28.5,0,0,0,0,0,0,0,0
770664,5f915bd76e37704af883ee4b,2020-10-19 07:07:51,2020-10-19 오전 12:00:00,12,86141AA000,CN7 W/S SIDE MLD'G RH,S14,650톤-우진2호기,0,9.57,4.45,17.01,59.52,7.12,653.41,0.0,68.49,647.99,55.8,31.0,292.5,142.0,136.8,38.8,59.8,276.2,275.6,274.9,269.7,254.9,229.4,0.0,67.5,0,0,26.0,28.5,0,0,0,0,0,0,0,0
770721,5f915bd76e37704af883ee84,2020-10-19 07:20:45,2020-10-19 오전 12:00:00,11,86131AA000,CN7 W/S SIDE MLD'G LH,S14,650톤-우진2호기,1,9.56,4.45,16.97,59.52,7.12,653.41,0.0,68.48,647.99,55.8,31.0,292.5,141.9,136.9,39.0,60.0,276.5,275.5,275.1,271.6,254.5,229.8,0.0,67.5,0,0,25.7,28.2,0,0,0,0,0,0,0,0
770722,5f915bd76e37704af883ee85,2020-10-19 07:20:45,2020-10-19 오전 12:00:00,12,86141AA000,CN7 W/S SIDE MLD'G RH,S14,650톤-우진2호기,0,9.56,4.45,16.97,59.52,7.12,653.41,0.0,68.48,647.99,55.8,31.0,292.5,141.9,136.9,39.0,60.0,276.5,275.5,275.1,271.6,254.5,229.8,0.0,67.5,0,0,25.7,28.2,0,0,0,0,0,0,0,0
770779,5f915bd76e37704af883eebe,2020-10-19 07:33:40,2020-10-19 오전 12:00:00,11,86131AA000,CN7 W/S SIDE MLD'G LH,S14,650톤-우진2호기,1,9.55,4.43,16.98,59.52,7.12,653.42,0.0,68.47,647.99,55.8,30.8,292.5,141.7,136.9,38.6,59.9,275.7,275.2,275.6,270.8,254.9,230.1,0.0,66.9,0,0,25.6,28.1,0,0,0,0,0,0,0,0
770784,5f915bd76e37704af883eec3,2020-10-19 07:34:39,2020-10-19 오전 12:00:00,12,86141AA000,CN7 W/S SIDE MLD'G RH,S14,650톤-우진2호기,0,9.54,4.43,16.96,59.48,7.12,653.42,0.0,68.48,647.99,55.9,30.7,292.5,141.8,136.7,38.5,59.8,275.7,275.2,275.0,270.1,255.0,230.0,0.0,67.6,0,0,25.6,28.1,0,0,0,0,0,0,0,0
770841,5f915bd76e37704af883eefc,2020-10-19 07:47:33,2020-10-19 오전 12:00:00,11,86131AA000,CN7 W/S SIDE MLD'G LH,S14,650톤-우진2호기,1,9.57,4.45,16.99,59.52,7.12,653.42,0.0,68.48,647.99,55.7,30.7,292.5,141.9,137.0,38.7,59.9,275.2,275.2,274.9,269.7,254.9,230.2,0.0,68.7,0,0,25.6,27.9,0,0,0,0,0,0,0,0
770842,5f915bd76e37704af883eefd,2020-10-19 07:47:33,2020-10-19 오전 12:00:00,12,86141AA000,CN7 W/S SIDE MLD'G RH,S14,650톤-우진2호기,0,9.57,4.45,16.99,59.52,7.12,653.42,0.0,68.48,647.99,55.7,30.7,292.5,141.9,137.0,38.7,59.9,275.2,275.2,274.9,269.7,254.9,230.2,0.0,68.7,0,0,25.6,27.9,0,0,0,0,0,0,0,0
770895,5f915bd76e37704af883ef32,2020-10-19 08:00:25,2020-10-19 오전 12:00:00,11,86131AA000,CN7 W/S SIDE MLD'G LH,S14,650톤-우진2호기,1,9.56,4.45,16.96,59.48,7.12,653.42,0.0,68.48,647.99,55.7,30.8,292.5,141.8,137.0,39.0,60.0,276.0,275.3,275.0,271.5,254.8,230.1,0.0,67.6,0,0,25.3,27.6,0,0,0,0,0,0,0,0
770901,5f915bd76e37704af883ef38,2020-10-19 08:01:25,2020-10-19 오전 12:00:00,12,86141AA000,CN7 W/S SIDE MLD'G RH,S14,650톤-우진2호기,0,9.54,4.43,16.96,59.52,7.12,653.41,0.0,68.48,647.99,55.9,30.8,292.5,141.7,136.6,38.6,59.9,275.7,275.4,275.6,271.2,255.1,230.1,0.0,67.2,0,0,25.3,27.6,0,0,0,0,0,0,0,0
770954,5f915bd76e37704af883ef6d,2020-10-19 08:13:19,2020-10-19 오전 12:00:00,11,86131AA000,CN7 W/S SIDE MLD'G LH,S14,650톤-우진2호기,1,9.54,4.43,17.02,59.52,7.12,653.42,0.0,68.51,647.99,55.8,30.8,292.5,141.8,136.9,38.5,59.8,277.4,275.3,275.0,270.2,255.0,230.0,0.0,67.6,0,0,25.0,27.2,0,0,0,0,0,0,0,0
770960,5f915bd76e37704af883ef73,2020-10-19 08:14:19,2020-10-19 오전 12:00:00,12,86141AA000,CN7 W/S SIDE MLD'G RH,S14,650톤-우진2호기,0,9.55,4.43,16.99,59.46,7.12,653.42,0.0,68.48,647.99,55.9,31.0,292.6,141.8,137.0,38.4,59.7,276.1,275.5,275.4,269.8,255.0,230.1,0.0,68.6,0,0,25.0,27.2,0,0,0,0,0,0,0,0
771018,5f915be16e37704af883efae,2020-10-19 08:27:14,2020-10-19 오전 12:00:00,11,86131AA000,CN7 W/S SIDE MLD'G LH,S14,650톤-우진2호기,1,9.56,4.45,17.0,59.48,7.12,653.41,0.0,68.5,647.99,55.8,30.9,292.6,141.9,137.2,39.0,60.0,277.0,275.3,274.9,269.9,254.7,230.2,0.0,67.8,0,0,25.0,27.0,0,0,0,0,0,0,0,0
771019,5f915be16e37704af883efaf,2020-10-19 08:27:14,2020-10-19 오전 12:00:00,12,86141AA000,CN7 W/S SIDE MLD'G RH,S14,650톤-우진2호기,0,9.56,4.45,17.0,59.48,7.12,653.41,0.0,68.5,647.99,55.8,30.9,292.6,141.9,137.2,39.0,60.0,277.0,275.3,274.9,269.9,254.7,230.2,0.0,67.8,0,0,25.0,27.0,0,0,0,0,0,0,0,0
771077,5f915be16e37704af883efe9,2020-10-19 08:40:05,2020-10-19 오전 12:00:00,11,86131AA000,CN7 W/S SIDE MLD'G LH,S14,650톤-우진2호기,1,9.55,4.44,16.98,59.52,7.13,653.42,0.0,68.49,647.99,55.9,31.0,292.5,141.8,136.8,38.8,59.9,276.3,274.8,275.0,271.4,255.2,229.7,0.0,67.9,0,0,24.6,26.4,0,0,0,0,0,0,0,0
771082,5f915be16e37704af883efee,2020-10-19 08:41:06,2020-10-19 오전 12:00:00,12,86141AA000,CN7 W/S SIDE MLD'G RH,S14,650톤-우진2호기,0,9.54,4.42,16.98,59.52,7.12,653.42,0.0,68.49,647.99,56.0,30.9,292.5,141.8,136.8,38.9,59.9,276.3,275.5,274.9,271.7,255.0,229.8,0.0,68.9,0,0,24.6,26.4,0,0,0,0,0,0,0,0
771141,5f915be16e37704af883f029,2020-10-19 08:53:58,2020-10-19 오전 12:00:00,11,86131AA000,CN7 W/S SIDE MLD'G LH,S14,650톤-우진2호기,1,9.54,4.42,17.01,59.48,7.12,653.41,0.0,68.48,647.99,56.1,30.8,292.5,141.8,136.6,38.4,59.7,276.5,274.7,274.7,269.2,255.0,230.2,0.0,67.2,0,0,24.2,25.8,0,0,0,0,0,0,0,0
771142,5f915be16e37704af883f02a,2020-10-19 08:53:58,2020-10-19 오전 12:00:00,12,86141AA000,CN7 W/S SIDE MLD'G RH,S14,650톤-우진2호기,0,9.54,4.42,17.01,59.48,7.12,653.41,0.0,68.48,647.99,56.1,30.8,292.5,141.8,136.6,38.4,59.7,276.5,274.7,274.7,269.2,255.0,230.2,0.0,67.2,0,0,24.2,25.8,0,0,0,0,0,0,0,0
771199,5f915be16e37704af883f063,2020-10-19 09:06:52,2020-10-19 오전 12:00:00,11,86131AA000,CN7 W/S SIDE MLD'G LH,S14,650톤-우진2호기,1,9.57,4.45,17.0,59.52,7.12,653.42,0.0,68.49,647.99,55.7,30.8,292.6,141.9,137.0,38.9,59.9,276.9,275.1,275.0,270.4,254.9,230.2,0.0,68.3,0,0,24.0,25.5,0,0,0,0,0,0,0,0
771205,5f915be16e37704af883f069,2020-10-19 09:07:52,2020-10-19 오전 12:00:00,12,86141AA000,CN7 W/S SIDE MLD'G RH,S14,650톤-우진2호기,0,9.55,4.44,17.03,59.52,7.12,653.42,0.0,68.48,647.99,55.9,30.8,292.5,141.8,136.9,38.7,59.9,276.5,275.4,275.2,271.0,255.0,229.9,0.0,68.3,0,0,23.9,25.5,0,0,0,0,0,0,0,0
771258,5f915be16e37704af883f09e,2020-10-19 09:19:47,2020-10-19 오전 12:00:00,11,86131AA000,CN7 W/S SIDE MLD'G LH,S14,650톤-우진2호기,1,9.53,4.41,17.01,59.46,7.12,653.42,0.0,68.5,647.99,56.2,30.9,292.5,141.9,136.6,38.4,59.7,276.2,275.0,275.0,270.9,254.9,230.1,0.0,67.4,0,0,23.7,25.4,0,0,0,0,0,0,0,0
771264,5f915be16e37704af883f0a4,2020-10-19 09:20:45,2020-10-19 오전 12:00:00,12,86141AA000,CN7 W/S SIDE MLD'G RH,S14,650톤-우진2호기,0,9.53,4.41,17.03,59.48,7.12,653.41,0.0,68.49,647.99,56.3,30.7,292.5,141.8,136.9,38.4,59.6,276.5,274.9,275.1,270.1,255.1,229.7,0.0,68.3,0,0,23.7,25.4,0,0,0,0,0,0,0,0
771323,5f915be16e37704af883f0df,2020-10-19 09:33:39,2020-10-19 오전 12:00:00,11,86131AA000,CN7 W/S SIDE MLD'G LH,S14,650톤-우진2호기,1,9.55,4.44,16.98,59.52,7.13,653.41,0.0,68.48,647.99,55.9,30.8,292.5,141.9,136.9,38.7,59.8,276.5,275.2,275.4,269.3,254.9,230.2,0.0,66.9,0,0,23.6,25.3,0,0,0,0,0,0,0,0
771324,5f915be16e37704af883f0e0,2020-10-19 09:33:39,2020-10-19 오전 12:00:00,12,86141AA000,CN7 W/S SIDE MLD'G RH,S14,650톤-우진2호기,0,9.55,4.44,16.98,59.52,7.13,653.41,0.0,68.48,647.99,55.9,30.8,292.5,141.9,136.9,38.7,59.8,276.5,275.2,275.4,269.3,254.9,230.2,0.0,66.9,0,0,23.6,25.3,0,0,0,0,0,0,0,0
771382,5f915be16e37704af883f11a,2020-10-19 09:46:32,2020-10-19 오전 12:00:00,11,86131AA000,CN7 W/S SIDE MLD'G LH,S14,650톤-우진2호기,1,9.55,4.44,16.97,59.52,7.13,653.42,0.0,68.48,647.99,55.8,30.7,292.5,141.8,136.9,38.8,59.9,276.3,275.3,275.3,271.5,255.0,230.1,0.0,69.1,0,0,23.5,24.9,0,0,0,0,0,0,0,0
771388,5f915be16e37704af883f120,2020-10-19 09:47:31,2020-10-19 오전 12:00:00,12,86141AA000,CN7 W/S SIDE MLD'G RH,S14,650톤-우진2호기,0,9.54,4.42,16.98,59.52,7.13,653.42,0.0,68.48,647.99,56.0,30.9,292.5,141.7,136.7,38.6,59.8,275.8,275.2,275.0,271.1,255.1,230.2,0.0,68.4,0,0,23.4,24.9,0,0,0,0,0,0,0,0
771447,5f915be16e37704af883f15b,2020-10-19 10:00:25,2020-10-19 오전 12:00:00,11,86131AA000,CN7 W/S SIDE MLD'G LH,S14,650톤-우진2호기,1,9.55,4.44,17.04,59.46,7.13,653.42,0.0,68.51,647.99,55.9,30.9,292.6,141.8,137.1,38.8,59.9,276.0,275.4,274.8,269.7,255.0,229.9,0.0,68.2,0,0,23.5,24.9,0,0,0,0,0,0,0,0
771448,5f915be16e37704af883f15c,2020-10-19 10:00:25,2020-10-19 오전 12:00:00,12,86141AA000,CN7 W/S SIDE MLD'G RH,S14,650톤-우진2호기,0,9.55,4.44,17.04,59.46,7.13,653.42,0.0,68.51,647.99,55.9,30.9,292.6,141.8,137.1,38.8,59.9,276.0,275.4,274.8,269.7,255.0,229.9,0.0,68.2,0,0,23.5,24.9,0,0,0,0,0,0,0,0
771506,5f915be16e37704af883f196,2020-10-19 10:13:19,2020-10-19 오전 12:00:00,11,86131AA000,CN7 W/S SIDE MLD'G LH,S14,650톤-우진2호기,1,9.55,4.43,16.99,59.52,7.13,653.42,0.0,68.49,647.99,55.9,30.7,292.5,141.8,136.8,38.8,59.9,276.8,275.2,274.8,272.0,255.1,230.0,0.0,68.7,0,0,23.4,24.7,0,0,0,0,0,0,0,0
771511,5f915be16e37704af883f19b,2020-10-19 10:14:19,2020-10-19 오전 12:00:00,12,86141AA000,CN7 W/S SIDE MLD'G RH,S14,650톤-우진2호기,0,9.53,4.42,16.97,59.52,7.13,653.42,0.0,68.49,647.99,56.2,30.8,292.5,141.7,136.5,38.8,59.9,277.3,275.3,275.7,271.7,255.3,229.6,0.0,68.2,0,0,23.4,24.7,0,0,0,0,0,0,0,0
771569,5f915be16e37704af883f1d5,2020-10-19 10:27:13,2020-10-19 오전 12:00:00,11,86131AA000,CN7 W/S SIDE MLD'G LH,S14,650톤-우진2호기,1,9.53,4.41,17.02,59.52,7.13,653.42,0.0,68.47,647.99,56.2,30.8,292.5,141.7,136.6,38.2,59.7,276.0,275.3,275.0,270.2,255.0,229.8,0.0,68.4,0,0,23.2,24.5,0,0,0,0,0,0,0,0
771570,5f915be16e37704af883f1d6,2020-10-19 10:27:13,2020-10-19 오전 12:00:00,12,86141AA000,CN7 W/S SIDE MLD'G RH,S14,650톤-우진2호기,0,9.53,4.41,17.02,59.52,7.13,653.42,0.0,68.47,647.99,56.2,30.8,292.5,141.7,136.6,38.2,59.7,276.0,275.3,275.0,270.2,255.0,229.8,0.0,68.4,0,0,23.2,24.5,0,0,0,0,0,0,0,0
771628,5f915be16e37704af883f210,2020-10-19 10:40:06,2020-10-19 오전 12:00:00,11,86131AA000,CN7 W/S SIDE MLD'G LH,S14,650톤-우진2호기,1,9.55,4.43,17.03,59.52,7.13,653.42,0.0,68.5,647.99,56.0,30.8,292.6,141.9,137.3,38.7,59.9,276.4,276.0,274.9,269.9,254.9,230.3,0.0,69.1,0,0,22.8,24.1,0,0,0,0,0,0,0,0
771629,5f915be16e37704af883f211,2020-10-19 10:40:06,2020-10-19 오전 12:00:00,12,86141AA000,CN7 W/S SIDE MLD'G RH,S14,650톤-우진2호기,0,9.55,4.43,17.03,59.52,7.13,653.42,0.0,68.5,647.99,56.0,30.8,292.6,141.9,137.3,38.7,59.9,276.4,276.0,274.9,269.9,254.9,230.3,0.0,69.1,0,0,22.8,24.1,0,0,0,0,0,0,0,0
771688,5f915be16e37704af883f24c,2020-10-19 10:53:00,2020-10-19 오전 12:00:00,11,86131AA000,CN7 W/S SIDE MLD'G LH,S14,650톤-우진2호기,1,9.53,4.42,16.98,59.48,7.13,653.41,0.0,68.49,647.99,56.1,30.9,292.5,141.7,136.6,38.6,59.8,276.6,275.3,275.2,271.8,255.3,229.9,0.0,68.5,0,0,22.6,23.8,0,0,0,0,0,0,0,0
771693,5f915be16e37704af883f251,2020-10-19 10:53:58,2020-10-19 오전 12:00:00,12,86141AA000,CN7 W/S SIDE MLD'G RH,S14,650톤-우진2호기,0,9.52,4.41,17.01,59.52,7.13,653.42,0.0,68.49,647.99,56.2,30.8,292.5,141.7,136.3,38.4,59.7,275.8,275.6,275.7,271.8,254.6,230.1,0.0,68.6,0,0,22.5,23.7,0,0,0,0,0,0,0,0
771752,5f915be16e37704af883f28c,2020-10-19 11:06:52,2020-10-19 오전 12:00:00,11,86131AA000,CN7 W/S SIDE MLD'G LH,S14,650톤-우진2호기,1,9.53,4.42,17.05,59.46,7.13,653.41,0.0,68.48,647.99,56.2,30.6,292.5,141.8,136.7,38.2,59.5,276.0,275.0,275.0,269.9,255.0,230.0,0.0,68.4,0,0,22.2,23.4,0,0,0,0,0,0,0,0
771753,5f915be16e37704af883f28d,2020-10-19 11:06:52,2020-10-19 오전 12:00:00,12,86141AA000,CN7 W/S SIDE MLD'G RH,S14,650톤-우진2호기,0,9.53,4.42,17.05,59.46,7.13,653.41,0.0,68.48,647.99,56.2,30.6,292.5,141.8,136.7,38.2,59.5,276.0,275.0,275.0,269.9,255.0,230.0,0.0,68.4,0,0,22.2,23.4,0,0,0,0,0,0,0,0
771810,5f915be16e37704af883f2c6,2020-10-19 11:19:45,2020-10-19 오전 12:00:00,11,86131AA000,CN7 W/S SIDE MLD'G LH,S14,650톤-우진2호기,1,9.56,4.44,17.05,59.48,7.13,653.42,0.0,68.48,647.99,55.9,31.0,292.5,141.9,137.0,38.7,59.7,275.4,276.0,274.3,270.1,254.6,229.9,0.0,68.5,0,0,22.0,23.2,0,0,0,0,0,0,0,0
771816,5f915be16e37704af883f2cc,2020-10-19 11:20:46,2020-10-19 오전 12:00:00,12,86141AA000,CN7 W/S SIDE MLD'G RH,S14,650톤-우진2호기,0,9.55,4.44,17.03,59.52,7.13,653.42,0.0,68.49,647.99,56.0,30.8,292.5,141.9,137.0,38.9,59.9,277.0,276.0,275.1,270.7,254.7,229.9,0.0,68.6,0,0,22.0,23.1,0,0,0,0,0,0,0,0
771874,5f915be16e37704af883f306,2020-10-19 11:33:39,2020-10-19 오전 12:00:00,11,86131AA000,CN7 W/S SIDE MLD'G LH,S14,650톤-우진2호기,1,9.55,4.43,17.05,59.52,7.13,653.42,0.0,68.48,647.99,55.9,30.7,292.5,141.8,136.9,38.5,59.7,275.4,275.0,274.4,270.7,255.1,229.9,0.0,68.5,0,0,21.6,22.8,0,0,0,0,0,0,0,0
771875,5f915be16e37704af883f307,2020-10-19 11:33:39,2020-10-19 오전 12:00:00,12,86141AA000,CN7 W/S SIDE MLD'G RH,S14,650톤-우진2호기,0,9.55,4.43,17.05,59.52,7.13,653.42,0.0,68.48,647.99,55.9,30.7,292.5,141.8,136.9,38.5,59.7,275.4,275.0,274.4,270.7,255.1,229.9,0.0,68.5,0,0,21.6,22.8,0,0,0,0,0,0,0,0
771934,5f915be16e37704af883f342,2020-10-19 11:46:33,2020-10-19 오전 12:00:00,11,86131AA000,CN7 W/S SIDE MLD'G LH,S14,650톤-우진2호기,1,9.57,4.45,17.04,59.52,7.13,653.42,0.0,68.49,647.99,55.7,30.8,292.5,141.9,136.8,38.8,59.8,275.8,275.0,275.0,269.7,254.5,229.8,0.0,68.6,0,0,21.2,22.5,0,0,0,0,0,0,0,0
771935,5f915be16e37704af883f343,2020-10-19 11:46:33,2020-10-19 오전 12:00:00,12,86141AA000,CN7 W/S SIDE MLD'G RH,S14,650톤-우진2호기,0,9.57,4.45,17.04,59.52,7.13,653.42,0.0,68.49,647.99,55.7,30.8,292.5,141.9,136.8,38.8,59.8,275.8,275.0,275.0,269.7,254.5,229.8,0.0,68.6,0,0,21.2,22.5,0,0,0,0,0,0,0,0
771994,5f915be16e37704af883f37e,2020-10-19 11:59:27,2020-10-19 오전 12:00:00,11,86131AA000,CN7 W/S SIDE MLD'G LH,S14,650톤-우진2호기,1,9.56,4.44,17.01,59.52,7.13,653.42,0.0,68.49,647.99,55.8,30.8,292.5,141.8,137.1,38.9,60.0,275.2,275.3,275.8,271.3,255.0,230.2,0.0,69.1,0,0,21.0,22.2,0,0,0,0,0,0,0,0
772000,5f915beb6e37704af883f385,2020-10-19 12:00:27,2020-10-19 오전 12:00:00,12,86141AA000,CN7 W/S SIDE MLD'G RH,S14,650톤-우진2호기,0,9.54,4.42,17.03,59.52,7.13,653.42,0.0,68.48,647.99,56.0,30.9,292.5,141.8,136.7,38.7,59.8,276.2,275.4,275.0,270.9,254.9,230.0,0.0,68.5,0,0,21.0,22.1,0,0,0,0,0,0,0,0
772056,5f915beb6e37704af883f3bd,2020-10-19 12:13:21,2020-10-19 오전 12:00:00,11,86131AA000,CN7 W/S SIDE MLD'G LH,S14,650톤-우진2호기,1,9.55,4.44,17.04,59.52,7.13,653.41,0.0,68.5,647.99,55.8,30.7,292.6,141.8,137.1,38.8,59.8,276.4,274.8,275.5,269.5,255.1,230.0,0.0,67.9,0,0,20.8,22.1,0,0,0,0,0,0,0,0
772057,5f915beb6e37704af883f3be,2020-10-19 12:13:21,2020-10-19 오전 12:00:00,12,86141AA000,CN7 W/S SIDE MLD'G RH,S14,650톤-우진2호기,0,9.55,4.44,17.04,59.52,7.13,653.41,0.0,68.5,647.99,55.8,30.7,292.6,141.8,137.1,38.8,59.8,276.4,274.8,275.5,269.5,255.1,230.0,0.0,67.9,0,0,20.8,22.1,0,0,0,0,0,0,0,0
772116,5f915beb6e37704af883f3f9,2020-10-19 12:26:15,2020-10-19 오전 12:00:00,11,86131AA000,CN7 W/S SIDE MLD'G LH,S14,650톤-우진2호기,1,9.55,4.44,17.02,59.52,7.13,653.42,0.0,68.48,647.99,55.9,30.8,292.5,141.8,136.8,38.9,59.9,276.2,275.6,275.4,271.4,255.1,230.2,0.0,68.6,0,0,20.6,21.7,0,0,0,0,0,0,0,0
772122,5f915beb6e37704af883f3ff,2020-10-19 12:27:13,2020-10-19 오전 12:00:00,12,86141AA000,CN7 W/S SIDE MLD'G RH,S14,650톤-우진2호기,0,9.54,4.43,16.98,59.52,7.13,653.42,0.0,68.49,647.99,56.0,30.9,292.5,141.8,136.4,38.8,59.8,275.2,275.7,274.5,271.4,255.0,229.8,0.0,68.7,0,0,20.6,21.8,0,0,0,0,0,0,0,0
772186,5f915beb6e37704af883f43f,2020-10-19 12:42:05,2020-10-19 오전 12:00:00,11,86131AA000,CN7 W/S SIDE MLD'G LH,S14,650톤-우진2호기,1,9.55,4.44,17.05,59.52,7.13,653.42,0.0,68.48,647.99,55.9,31.0,292.5,141.9,136.8,38.6,59.7,275.7,275.5,274.9,269.5,255.0,230.3,0.0,68.5,0,0,21.0,22.1,0,0,0,0,0,0,0,0
772187,5f915beb6e37704af883f440,2020-10-19 12:42:05,2020-10-19 오전 12:00:00,12,86141AA000,CN7 W/S SIDE MLD'G RH,S14,650톤-우진2호기,0,9.55,4.44,17.05,59.52,7.13,653.42,0.0,68.48,647.99,55.9,31.0,292.5,141.9,136.8,38.6,59.7,275.7,275.5,274.9,269.5,255.0,230.3,0.0,68.5,0,0,21.0,22.1,0,0,0,0,0,0,0,0
772198,5f915beb6e37704af883f44b,2020-10-19 12:44:35,2020-10-19 오전 12:00:00,13,86131S8900,LX2 W/S SIDE MLD'G LH(RHD),S12,650톤-우진,8,11.45,3.33,19.92,64.66,6.09,655.0,0.0,59.68,69.64,65.0,30.4,293.9,168.9,128.1,22.2,13.7,245.0,249.8,249.7,244.4,240.4,225.0,0.0,38.9,0,0,21.2,24.0,0,0,0,0,0,0,0,0
772246,5f915beb6e37704af883f47b,2020-10-19 12:54:59,2020-10-19 오전 12:00:00,11,86131AA000,CN7 W/S SIDE MLD'G LH,S14,650톤-우진2호기,1,9.58,4.46,16.99,59.52,7.13,653.42,0.0,68.49,647.99,55.6,30.9,292.5,142.0,137.1,39.2,60.1,275.9,275.0,274.3,271.2,254.9,229.9,0.0,69.3,0,0,21.3,22.3,0,0,0,0,0,0,0,0
772247,5f915beb6e37704af883f47c,2020-10-19 12:54:59,2020-10-19 오전 12:00:00,12,86141AA000,CN7 W/S SIDE MLD'G RH,S14,650톤-우진2호기,0,9.58,4.46,16.99,59.52,7.13,653.42,0.0,68.49,647.99,55.6,30.9,292.5,142.0,137.1,39.2,60.1,275.9,275.0,274.3,271.2,254.9,229.9,0.0,69.3,0,0,21.3,22.3,0,0,0,0,0,0,0,0
772305,5f915beb6e37704af883f4b6,2020-10-19 13:07:53,2020-10-19 오전 12:00:00,11,86131AA000,CN7 W/S SIDE MLD'G LH,S14,650톤-우진2호기,1,9.53,4.41,16.99,59.48,7.13,653.42,0.0,68.49,647.99,56.1,31.0,292.5,141.8,136.1,38.3,59.5,275.8,274.7,275.2,271.3,255.0,230.3,0.0,67.7,0,0,21.5,22.6,0,0,0,0,0,0,0,0
772310,5f915beb6e37704af883f4bb,2020-10-19 13:08:54,2020-10-19 오전 12:00:00,12,86141AA000,CN7 W/S SIDE MLD'G RH,S14,650톤-우진2호기,0,9.52,4.41,17.03,59.52,7.13,653.42,0.0,68.49,647.99,56.3,30.7,292.5,141.8,136.6,38.2,59.5,277.2,275.2,274.4,270.4,255.3,230.1,0.0,68.6,0,0,21.5,22.6,0,0,0,0,0,0,0,0
772369,5f915beb6e37704af883f4f6,2020-10-19 13:21:47,2020-10-19 오전 12:00:00,11,86131AA000,CN7 W/S SIDE MLD'G LH,S14,650톤-우진2호기,1,9.54,4.43,17.03,59.48,7.13,653.42,0.0,68.48,647.99,55.9,30.8,292.5,141.8,136.8,38.3,59.6,276.0,275.7,275.6,269.4,255.0,230.2,0.0,68.4,0,0,21.5,22.6,0,0,0,0,0,0,0,0
772370,5f915beb6e37704af883f4f7,2020-10-19 13:21:47,2020-10-19 오전 12:00:00,12,86141AA000,CN7 W/S SIDE MLD'G RH,S14,650톤-우진2호기,0,9.54,4.43,17.03,59.48,7.13,653.42,0.0,68.48,647.99,55.9,30.8,292.5,141.8,136.8,38.3,59.6,276.0,275.7,275.6,269.4,255.0,230.2,0.0,68.4,0,0,21.5,22.6,0,0,0,0,0,0,0,0
772428,5f915beb6e37704af883f531,2020-10-19 13:34:41,2020-10-19 오전 12:00:00,11,86131AA000,CN7 W/S SIDE MLD'G LH,S14,650톤-우진2호기,1,9.56,4.45,17.01,59.52,7.12,653.42,0.0,68.5,647.99,55.8,30.9,292.5,141.9,137.0,39.0,59.9,275.7,275.3,275.1,270.5,255.4,230.3,0.0,68.3,0,0,21.6,22.7,0,0,0,0,0,0,0,0
772433,5f915beb6e37704af883f536,2020-10-19 13:35:39,2020-10-19 오전 12:00:00,12,86141AA000,CN7 W/S SIDE MLD'G RH,S14,650톤-우진2호기,0,9.56,4.44,17.02,59.52,7.12,653.42,0.0,68.49,647.99,55.8,30.8,292.5,141.8,137.2,38.7,59.9,276.1,275.8,275.6,271.2,255.3,230.0,0.0,68.4,0,0,21.6,22.7,0,0,0,0,0,0,0,0
772492,5f915beb6e37704af883f571,2020-10-19 13:48:33,2020-10-19 오전 12:00:00,11,86131AA000,CN7 W/S SIDE MLD'G LH,S14,650톤-우진2호기,1,9.53,4.42,17.02,59.52,7.12,653.42,0.0,68.5,647.99,56.1,30.8,292.5,141.8,136.5,38.5,59.7,276.2,274.8,275.4,270.7,255.2,230.0,0.0,69.3,0,0,21.7,22.8,0,0,0,0,0,0,0,0
772493,5f915beb6e37704af883f572,2020-10-19 13:48:33,2020-10-19 오전 12:00:00,12,86141AA000,CN7 W/S SIDE MLD'G RH,S14,650톤-우진2호기,0,9.53,4.42,17.02,59.52,7.12,653.42,0.0,68.5,647.99,56.1,30.8,292.5,141.8,136.5,38.5,59.7,276.2,274.8,275.4,270.7,255.2,230.0,0.0,69.3,0,0,21.7,22.8,0,0,0,0,0,0,0,0
772552,5f915beb6e37704af883f5ad,2020-10-19 14:01:27,2020-10-19 오전 12:00:00,11,86131AA000,CN7 W/S SIDE MLD'G LH,S14,650톤-우진2호기,1,9.56,4.44,17.05,59.48,7.12,653.42,0.0,68.47,647.99,55.9,30.9,292.5,141.8,136.9,38.5,59.8,276.4,274.8,274.7,269.4,255.8,230.4,0.0,69.2,0,0,21.6,22.7,0,0,0,0,0,0,0,0
772553,5f915beb6e37704af883f5ae,2020-10-19 14:01:27,2020-10-19 오전 12:00:00,12,86141AA000,CN7 W/S SIDE MLD'G RH,S14,650톤-우진2호기,0,9.56,4.44,17.05,59.48,7.12,653.42,0.0,68.47,647.99,55.9,30.9,292.5,141.8,136.9,38.5,59.8,276.4,274.8,274.7,269.4,255.8,230.4,0.0,69.2,0,0,21.6,22.7,0,0,0,0,0,0,0,0
772615,5f915beb6e37704af883f5ec,2020-10-19 14:15:19,2020-10-19 오전 12:00:00,11,86131AA000,CN7 W/S SIDE MLD'G LH,S14,650톤-우진2호기,1,9.55,4.43,17.0,59.52,7.12,653.42,0.0,68.49,647.99,55.9,30.8,292.5,141.7,136.8,38.8,59.9,276.0,275.3,275.1,271.5,254.9,230.5,0.0,68.3,0,0,21.5,22.5,0,0,0,0,0,0,0,0
772616,5f915beb6e37704af883f5ed,2020-10-19 14:15:19,2020-10-19 오전 12:00:00,12,86141AA000,CN7 W/S SIDE MLD'G RH,S14,650톤-우진2호기,0,9.55,4.43,17.0,59.52,7.12,653.42,0.0,68.49,647.99,55.9,30.8,292.5,141.7,136.8,38.8,59.9,276.0,275.3,275.1,271.5,254.9,230.5,0.0,68.3,0,0,21.5,22.5,0,0,0,0,0,0,0,0
772674,5f915beb6e37704af883f627,2020-10-19 14:28:13,2020-10-19 오전 12:00:00,11,86131AA000,CN7 W/S SIDE MLD'G LH,S14,650톤-우진2호기,1,9.53,4.41,17.0,59.46,7.12,653.42,0.0,68.49,647.99,56.3,30.8,292.5,141.8,136.4,38.2,59.6,276.2,275.2,275.0,270.0,255.2,230.0,0.0,69.2,0,0,21.5,22.5,0,0,0,0,0,0,0,0
772675,5f915beb6e37704af883f628,2020-10-19 14:28:13,2020-10-19 오전 12:00:00,12,86141AA000,CN7 W/S SIDE MLD'G RH,S14,650톤-우진2호기,0,9.53,4.41,17.0,59.46,7.12,653.42,0.0,68.49,647.99,56.3,30.8,292.5,141.8,136.4,38.2,59.6,276.2,275.2,275.0,270.0,255.2,230.0,0.0,69.2,0,0,21.5,22.5,0,0,0,0,0,0,0,0
772737,5f915beb6e37704af883f666,2020-10-19 14:42:07,2020-10-19 오전 12:00:00,11,86131AA000,CN7 W/S SIDE MLD'G LH,S14,650톤-우진2호기,1,9.56,4.44,17.01,59.48,7.12,653.42,0.0,68.49,647.99,55.9,30.8,292.5,141.9,136.7,38.4,59.7,276.5,275.0,275.0,270.0,255.2,230.2,0.0,68.4,0,0,21.5,22.5,0,0,0,0,0,0,0,0
772741,5f915beb6e37704af883f66a,2020-10-19 14:43:05,2020-10-19 오전 12:00:00,12,86141AA000,CN7 W/S SIDE MLD'G RH,S14,650톤-우진2호기,0,9.55,4.43,17.0,59.52,7.12,653.42,0.0,68.49,647.99,56.0,31.0,292.5,141.8,136.9,38.8,59.8,276.0,275.5,275.0,270.9,255.0,230.0,0.0,69.4,0,0,21.6,22.5,0,0,0,0,0,0,0,0
772800,5f915beb6e37704af883f6a5,2020-10-19 14:55:59,2020-10-19 오전 12:00:00,11,86131AA000,CN7 W/S SIDE MLD'G LH,S14,650톤-우진2호기,1,9.53,4.41,17.0,59.52,7.12,653.41,0.0,68.48,647.99,56.2,30.9,292.5,141.8,136.5,38.5,59.7,276.0,275.0,274.4,271.1,254.6,230.1,0.0,69.1,0,0,21.4,22.4,0,0,0,0,0,0,0,0
772801,5f915beb6e37704af883f6a6,2020-10-19 14:55:59,2020-10-19 오전 12:00:00,12,86141AA000,CN7 W/S SIDE MLD'G RH,S14,650톤-우진2호기,0,9.53,4.41,17.0,59.52,7.12,653.41,0.0,68.48,647.99,56.2,30.9,292.5,141.8,136.5,38.5,59.7,276.0,275.0,274.4,271.1,254.6,230.1,0.0,69.1,0,0,21.4,22.4,0,0,0,0,0,0,0,0
772860,5f915beb6e37704af883f6e1,2020-10-19 15:08:53,2020-10-19 오전 12:00:00,11,86131AA000,CN7 W/S SIDE MLD'G LH,S14,650톤-우진2호기,1,9.54,4.42,17.02,59.46,7.12,653.42,0.0,68.5,647.99,56.1,31.0,292.6,141.8,136.4,38.1,59.5,275.5,275.4,274.3,269.7,254.9,230.2,0.0,68.2,0,0,21.4,22.4,0,0,0,0,0,0,0,0
772861,5f915beb6e37704af883f6e2,2020-10-19 15:08:53,2020-10-19 오전 12:00:00,12,86141AA000,CN7 W/S SIDE MLD'G RH,S14,650톤-우진2호기,0,9.54,4.42,17.02,59.46,7.12,653.42,0.0,68.5,647.99,56.1,31.0,292.6,141.8,136.4,38.1,59.5,275.5,275.4,274.3,269.7,254.9,230.2,0.0,68.2,0,0,21.4,22.4,0,0,0,0,0,0,0,0
772923,5f915beb6e37704af883f720,2020-10-19 15:22:46,2020-10-19 오전 12:00:00,11,86131AA000,CN7 W/S SIDE MLD'G LH,S14,650톤-우진2호기,1,9.54,4.42,17.0,59.52,7.12,653.42,0.0,68.49,647.99,56.1,30.7,292.5,141.8,136.7,38.8,59.9,276.7,274.8,275.0,271.2,254.9,229.8,0.0,68.3,0,0,21.3,22.4,0,0,0,0,0,0,0,0
772924,5f915beb6e37704af883f721,2020-10-19 15:22:46,2020-10-19 오전 12:00:00,12,86141AA000,CN7 W/S SIDE MLD'G RH,S14,650톤-우진2호기,0,9.54,4.42,17.0,59.52,7.12,653.42,0.0,68.49,647.99,56.1,30.7,292.5,141.8,136.7,38.8,59.9,276.7,274.8,275.0,271.2,254.9,229.8,0.0,68.3,0,0,21.3,22.4,0,0,0,0,0,0,0,0
772983,5f915beb6e37704af883f75c,2020-10-19 15:35:40,2020-10-19 오전 12:00:00,11,86131AA000,CN7 W/S SIDE MLD'G LH,S14,650톤-우진2호기,1,9.53,4.42,17.01,59.46,7.12,653.42,0.0,68.48,647.99,56.1,30.7,292.5,141.8,136.4,38.2,59.5,275.0,275.3,275.0,269.7,254.9,230.0,0.0,67.2,0,0,21.2,22.2,0,0,0,0,0,0,0,0
772984,5f915beb6e37704af883f75d,2020-10-19 15:35:40,2020-10-19 오전 12:00:00,12,86141AA000,CN7 W/S SIDE MLD'G RH,S14,650톤-우진2호기,0,9.53,4.42,17.01,59.46,7.12,653.42,0.0,68.48,647.99,56.1,30.7,292.5,141.8,136.4,38.2,59.5,275.0,275.3,275.0,269.7,254.9,230.0,0.0,67.2,0,0,21.2,22.2,0,0,0,0,0,0,0,0
773043,5f915bf56e37704af883f799,2020-10-19 15:48:33,2020-10-19 오전 12:00:00,11,86131AA000,CN7 W/S SIDE MLD'G LH,S14,650톤-우진2호기,1,9.56,4.45,16.99,59.48,7.12,653.42,0.0,68.48,647.99,55.8,30.7,292.5,141.9,136.7,38.8,59.9,276.1,275.2,274.8,270.8,255.2,229.7,0.0,68.7,0,0,21.2,22.2,0,0,0,0,0,0,0,0
773048,5f915bf56e37704af883f79e,2020-10-19 15:49:31,2020-10-19 오전 12:00:00,12,86141AA000,CN7 W/S SIDE MLD'G RH,S14,650톤-우진2호기,0,9.55,4.43,16.98,59.52,7.12,653.42,0.0,68.48,647.99,55.9,31.0,292.5,141.8,136.7,38.8,59.9,275.7,274.9,275.3,271.8,254.8,230.1,0.0,68.2,0,0,21.0,22.0,0,0,0,0,0,0,0,0
773105,5f915bf66e37704af883f7d7,2020-10-19 16:02:25,2020-10-19 오전 12:00:00,11,86131AA000,CN7 W/S SIDE MLD'G LH,S14,650톤-우진2호기,1,9.53,4.42,16.97,59.46,7.12,653.42,0.0,68.49,647.99,56.0,30.8,292.5,141.7,136.4,38.3,59.6,274.9,275.3,274.4,271.0,255.0,229.8,0.0,68.1,0,0,20.9,22.0,0,0,0,0,0,0,0,0
773106,5f915bf66e37704af883f7d8,2020-10-19 16:02:25,2020-10-19 오전 12:00:00,12,86141AA000,CN7 W/S SIDE MLD'G RH,S14,650톤-우진2호기,0,9.53,4.42,16.97,59.46,7.12,653.42,0.0,68.49,647.99,56.0,30.8,292.5,141.7,136.4,38.3,59.6,274.9,275.3,274.4,271.0,255.0,229.8,0.0,68.1,0,0,20.9,22.0,0,0,0,0,0,0,0,0
773165,5f915bf66e37704af883f813,2020-10-19 16:15:19,2020-10-19 오전 12:00:00,11,86131AA000,CN7 W/S SIDE MLD'G LH,S14,650톤-우진2호기,1,9.53,4.41,17.0,59.46,7.12,653.42,0.0,68.5,647.99,56.2,30.8,292.5,141.7,136.5,38.3,59.6,276.0,275.4,274.7,269.5,255.0,229.8,0.0,67.2,0,0,21.0,22.1,0,0,0,0,0,0,0,0
773166,5f915bf66e37704af883f814,2020-10-19 16:15:19,2020-10-19 오전 12:00:00,12,86141AA000,CN7 W/S SIDE MLD'G RH,S14,650톤-우진2호기,0,9.53,4.41,17.0,59.46,7.12,653.42,0.0,68.5,647.99,56.2,30.8,292.5,141.7,136.5,38.3,59.6,276.0,275.4,274.7,269.5,255.0,229.8,0.0,67.2,0,0,21.0,22.1,0,0,0,0,0,0,0,0
773230,5f915bf66e37704af883f854,2020-10-19 16:29:13,2020-10-19 오전 12:00:00,11,86131AA000,CN7 W/S SIDE MLD'G LH,S14,650톤-우진2호기,1,9.55,4.44,16.97,59.52,7.12,653.42,0.0,68.49,647.99,55.9,30.9,292.4,141.8,136.7,38.9,60.0,276.2,275.9,275.0,271.2,255.0,229.9,0.0,68.1,0,0,21.1,22.1,0,0,0,0,0,0,0,0
773231,5f915bf66e37704af883f855,2020-10-19 16:29:13,2020-10-19 오전 12:00:00,12,86141AA000,CN7 W/S SIDE MLD'G RH,S14,650톤-우진2호기,0,9.55,4.44,16.97,59.52,7.12,653.42,0.0,68.49,647.99,55.9,30.9,292.4,141.8,136.7,38.9,60.0,276.2,275.9,275.0,271.2,255.0,229.9,0.0,68.1,0,0,21.1,22.1,0,0,0,0,0,0,0,0
773289,5f915bf66e37704af883f88f,2020-10-19 16:42:04,2020-10-19 오전 12:00:00,11,86131AA000,CN7 W/S SIDE MLD'G LH,S14,650톤-우진2호기,1,9.53,4.42,16.97,59.46,7.12,653.42,0.0,68.49,647.99,56.1,30.9,292.5,141.8,136.2,38.2,59.6,277.2,274.8,275.0,270.4,255.2,230.1,0.0,69.0,0,0,20.9,21.9,0,0,0,0,0,0,0,0
773290,5f915bf66e37704af883f890,2020-10-19 16:42:04,2020-10-19 오전 12:00:00,12,86141AA000,CN7 W/S SIDE MLD'G RH,S14,650톤-우진2호기,0,9.53,4.42,16.97,59.46,7.12,653.42,0.0,68.49,647.99,56.1,30.9,292.5,141.8,136.2,38.2,59.6,277.2,274.8,275.0,270.4,255.2,230.1,0.0,69.0,0,0,20.9,21.9,0,0,0,0,0,0,0,0
773354,5f915bf66e37704af883f8d0,2020-10-19 16:55:58,2020-10-19 오전 12:00:00,11,86131AA000,CN7 W/S SIDE MLD'G LH,S14,650톤-우진2호기,1,9.55,4.44,16.99,59.52,7.12,653.42,0.0,68.49,647.99,55.9,30.7,292.5,141.8,136.6,38.5,59.6,276.5,274.8,274.8,269.5,255.4,230.1,0.0,68.1,0,0,20.7,21.7,0,0,0,0,0,0,0,0
773355,5f915bf66e37704af883f8d1,2020-10-19 16:55:58,2020-10-19 오전 12:00:00,12,86141AA000,CN7 W/S SIDE MLD'G RH,S14,650톤-우진2호기,0,9.55,4.44,16.99,59.52,7.12,653.42,0.0,68.49,647.99,55.9,30.7,292.5,141.8,136.6,38.5,59.6,276.5,274.8,274.8,269.5,255.4,230.1,0.0,68.1,0,0,20.7,21.7,0,0,0,0,0,0,0,0
773412,5f915bf66e37704af883f90a,2020-10-19 17:08:51,2020-10-19 오전 12:00:00,11,86131AA000,CN7 W/S SIDE MLD'G LH,S14,650톤-우진2호기,1,9.54,4.43,16.96,59.52,7.12,653.42,0.0,68.48,647.99,56.0,30.6,292.5,141.8,136.6,38.6,59.8,276.4,274.9,275.1,271.6,255.0,230.3,0.0,68.9,0,0,20.7,21.8,0,0,0,0,0,0,0,0
773413,5f915bf66e37704af883f90b,2020-10-19 17:08:51,2020-10-19 오전 12:00:00,12,86141AA000,CN7 W/S SIDE MLD'G RH,S14,650톤-우진2호기,0,9.54,4.43,16.96,59.52,7.12,653.42,0.0,68.48,647.99,56.0,30.6,292.5,141.8,136.6,38.6,59.8,276.4,274.9,275.1,271.6,255.0,230.3,0.0,68.9,0,0,20.7,21.8,0,0,0,0,0,0,0,0
773474,5f915bf66e37704af883f948,2020-10-19 17:22:45,2020-10-19 오전 12:00:00,11,86131AA000,CN7 W/S SIDE MLD'G LH,S14,650톤-우진2호기,1,9.55,4.44,17.02,59.52,7.12,653.42,0.0,68.48,647.99,55.9,31.0,292.5,141.8,136.8,38.3,59.6,276.0,275.2,275.0,269.6,255.1,230.0,0.0,68.0,0,0,20.7,21.7,0,0,0,0,0,0,0,0
773475,5f915bf66e37704af883f949,2020-10-19 17:22:45,2020-10-19 오전 12:00:00,12,86141AA000,CN7 W/S SIDE MLD'G RH,S14,650톤-우진2호기,0,9.55,4.44,17.02,59.52,7.12,653.42,0.0,68.48,647.99,55.9,31.0,292.5,141.8,136.8,38.3,59.6,276.0,275.2,275.0,269.6,255.1,230.0,0.0,68.0,0,0,20.7,21.7,0,0,0,0,0,0,0,0
773538,5f915bf66e37704af883f988,2020-10-19 17:36:39,2020-10-19 오전 12:00:00,11,86131AA000,CN7 W/S SIDE MLD'G LH,S14,650톤-우진2호기,1,9.56,4.45,16.98,59.52,7.12,653.42,0.0,68.48,647.99,55.7,30.7,292.5,141.9,136.8,38.8,59.9,275.4,275.5,275.6,271.4,254.9,229.9,0.0,67.7,0,0,20.5,21.5,0,0,0,0,0,0,0,0
773539,5f915bf66e37704af883f989,2020-10-19 17:36:39,2020-10-19 오전 12:00:00,12,86141AA000,CN7 W/S SIDE MLD'G RH,S14,650톤-우진2호기,0,9.56,4.45,16.98,59.52,7.12,653.42,0.0,68.48,647.99,55.7,30.7,292.5,141.9,136.8,38.8,59.9,275.4,275.5,275.6,271.4,254.9,229.9,0.0,67.7,0,0,20.5,21.5,0,0,0,0,0,0,0,0
773598,5f915bf66e37704af883f9c4,2020-10-19 17:49:33,2020-10-19 오전 12:00:00,11,86131AA000,CN7 W/S SIDE MLD'G LH,S14,650톤-우진2호기,1,9.56,4.45,16.99,59.52,7.12,653.42,0.0,68.5,647.99,55.7,30.8,292.5,141.9,137.0,38.6,59.8,276.3,274.9,275.0,269.6,255.1,230.3,0.0,67.7,0,0,20.5,21.5,0,0,0,0,0,0,0,0
773599,5f915bf66e37704af883f9c5,2020-10-19 17:49:33,2020-10-19 오전 12:00:00,12,86141AA000,CN7 W/S SIDE MLD'G RH,S14,650톤-우진2호기,0,9.56,4.45,16.99,59.52,7.12,653.42,0.0,68.5,647.99,55.7,30.8,292.5,141.9,137.0,38.6,59.8,276.3,274.9,275.0,269.6,255.1,230.3,0.0,67.7,0,0,20.5,21.5,0,0,0,0,0,0,0,0
773664,5f915bf66e37704af883fa06,2020-10-19 18:04:24,2020-10-19 오전 12:00:00,11,86131AA000,CN7 W/S SIDE MLD'G LH,S14,650톤-우진2호기,1,9.54,4.42,16.96,59.52,7.12,653.42,0.0,68.48,647.99,56.0,30.6,292.5,141.8,136.5,38.4,59.7,276.1,274.7,275.0,271.1,255.1,229.7,0.0,68.9,0,0,20.5,21.6,0,0,0,0,0,0,0,0
773665,5f915bf66e37704af883fa07,2020-10-19 18:04:24,2020-10-19 오전 12:00:00,12,86141AA000,CN7 W/S SIDE MLD'G RH,S14,650톤-우진2호기,0,9.54,4.42,16.96,59.52,7.12,653.42,0.0,68.48,647.99,56.0,30.6,292.5,141.8,136.5,38.4,59.7,276.1,274.7,275.0,271.1,255.1,229.7,0.0,68.9,0,0,20.5,21.6,0,0,0,0,0,0,0,0
773723,5f915bf66e37704af883fa41,2020-10-19 18:17:18,2020-10-19 오전 12:00:00,11,86131AA000,CN7 W/S SIDE MLD'G LH,S14,650톤-우진2호기,1,9.56,4.45,16.98,59.52,7.12,653.42,0.0,68.48,647.99,55.7,30.6,292.5,141.8,136.8,38.4,59.7,276.3,275.2,275.7,269.3,255.0,230.1,0.0,67.5,0,0,20.5,21.5,0,0,0,0,0,0,0,0
773724,5f915bf66e37704af883fa42,2020-10-19 18:17:18,2020-10-19 오전 12:00:00,12,86141AA000,CN7 W/S SIDE MLD'G RH,S14,650톤-우진2호기,0,9.56,4.45,16.98,59.52,7.12,653.42,0.0,68.48,647.99,55.7,30.6,292.5,141.8,136.8,38.4,59.7,276.3,275.2,275.7,269.3,255.0,230.1,0.0,67.5,0,0,20.5,21.5,0,0,0,0,0,0,0,0
773782,5f915bf66e37704af883fa7c,2020-10-19 18:30:12,2020-10-19 오전 12:00:00,11,86131AA000,CN7 W/S SIDE MLD'G LH,S14,650톤-우진2호기,1,9.57,4.45,17.0,59.52,7.12,653.42,0.0,68.51,647.99,55.7,30.7,292.6,141.9,137.0,39.0,59.9,275.6,275.8,275.3,270.9,255.0,229.8,0.0,67.6,0,0,20.4,21.4,0,0,0,0,0,0,0,0
773783,5f915bf66e37704af883fa7d,2020-10-19 18:30:12,2020-10-19 오전 12:00:00,12,86141AA000,CN7 W/S SIDE MLD'G RH,S14,650톤-우진2호기,0,9.57,4.45,17.0,59.52,7.12,653.42,0.0,68.51,647.99,55.7,30.7,292.6,141.9,137.0,39.0,59.9,275.6,275.8,275.3,270.9,255.0,229.8,0.0,67.6,0,0,20.4,21.4,0,0,0,0,0,0,0,0
773832,5f915bf66e37704af883faae,2020-10-19 18:41:12,2020-10-19 오전 12:00:00,13,86131S8900,LX2 W/S SIDE MLD'G LH(RHD),S12,650톤-우진,8,11.45,3.34,19.87,64.66,6.08,655.0,0.0,59.66,69.64,64.8,30.4,293.9,168.9,128.4,22.7,13.8,245.3,249.9,250.3,245.7,240.1,224.5,0.0,38.4,0,0,20.6,23.3,0,0,0,0,0,0,0,0
773852,5f915bf66e37704af883fac2,2020-10-19 18:46:05,2020-10-19 오전 12:00:00,11,86131AA000,CN7 W/S SIDE MLD'G LH,S14,650톤-우진2호기,1,9.54,4.43,16.98,59.52,7.12,653.42,0.0,68.48,647.99,56.0,30.9,292.5,141.8,136.5,38.4,59.6,276.2,275.2,274.9,269.4,254.8,230.5,0.0,68.7,0,0,20.4,21.4,0,0,0,0,0,0,0,0
773853,5f915bf66e37704af883fac3,2020-10-19 18:46:05,2020-10-19 오전 12:00:00,12,86141AA000,CN7 W/S SIDE MLD'G RH,S14,650톤-우진2호기,0,9.54,4.43,16.98,59.52,7.12,653.42,0.0,68.48,647.99,56.0,30.9,292.5,141.8,136.5,38.4,59.6,276.2,275.2,274.9,269.4,254.8,230.5,0.0,68.7,0,0,20.4,21.4,0,0,0,0,0,0,0,0
773910,5f915bf66e37704af883fafc,2020-10-19 18:58:57,2020-10-19 오전 12:00:00,11,86131AA000,CN7 W/S SIDE MLD'G LH,S14,650톤-우진2호기,1,9.56,4.45,17.01,59.52,7.12,653.42,0.0,68.48,647.99,55.8,30.8,292.5,141.9,136.8,38.8,59.9,276.2,275.4,275.7,271.2,254.3,230.2,0.0,67.6,0,0,20.4,21.4,0,0,0,0,0,0,0,0
773911,5f915bf66e37704af883fafd,2020-10-19 18:58:57,2020-10-19 오전 12:00:00,12,86141AA000,CN7 W/S SIDE MLD'G RH,S14,650톤-우진2호기,0,9.56,4.45,17.01,59.52,7.12,653.42,0.0,68.48,647.99,55.8,30.8,292.5,141.9,136.8,38.8,59.9,276.2,275.4,275.7,271.2,254.3,230.2,0.0,67.6,0,0,20.4,21.4,0,0,0,0,0,0,0,0
773975,5f915bf66e37704af883fb3d,2020-10-19 19:12:51,2020-10-19 오전 12:00:00,11,86131AA000,CN7 W/S SIDE MLD'G LH,S14,650톤-우진2호기,1,9.53,4.42,16.97,59.52,7.13,653.42,0.0,68.48,647.99,56.1,30.6,292.5,141.7,136.3,38.4,59.7,276.0,275.4,275.0,270.9,255.3,230.0,0.0,67.6,0,0,20.4,21.4,0,0,0,0,0,0,0,0
773976,5f915bf66e37704af883fb3e,2020-10-19 19:12:51,2020-10-19 오전 12:00:00,12,86141AA000,CN7 W/S SIDE MLD'G RH,S14,650톤-우진2호기,0,9.53,4.42,16.97,59.52,7.13,653.42,0.0,68.48,647.99,56.1,30.6,292.5,141.7,136.3,38.4,59.7,276.0,275.4,275.0,270.9,255.3,230.0,0.0,67.6,0,0,20.4,21.4,0,0,0,0,0,0,0,0
774035,5f915bff6e37704af883fb7a,2020-10-19 19:25:45,2020-10-19 오전 12:00:00,11,86131AA000,CN7 W/S SIDE MLD'G LH,S14,650톤-우진2호기,1,9.55,4.43,16.99,59.52,7.13,653.42,0.0,68.48,647.99,56.0,30.7,292.5,141.8,136.5,38.3,59.7,275.8,276.2,274.4,269.7,254.6,229.9,0.0,66.6,0,0,20.3,21.3,0,0,0,0,0,0,0,0
774036,5f915bff6e37704af883fb7b,2020-10-19 19:25:45,2020-10-19 오전 12:00:00,12,86141AA000,CN7 W/S SIDE MLD'G RH,S14,650톤-우진2호기,0,9.55,4.43,16.99,59.52,7.13,653.42,0.0,68.48,647.99,56.0,30.7,292.5,141.8,136.5,38.3,59.7,275.8,276.2,274.4,269.7,254.6,229.9,0.0,66.6,0,0,20.3,21.3,0,0,0,0,0,0,0,0
774094,5f915bff6e37704af883fbb5,2020-10-19 19:38:39,2020-10-19 오전 12:00:00,12,86141AA000,CN7 W/S SIDE MLD'G RH,S14,650톤-우진2호기,0,9.56,4.45,16.96,59.52,7.12,653.42,0.0,68.5,647.99,55.8,30.8,292.5,141.8,136.6,38.9,59.9,276.9,275.3,275.7,271.3,255.1,230.1,0.0,68.2,0,0,20.3,21.2,0,0,0,0,0,0,0,0
774098,5f915bff6e37704af883fbb9,2020-10-19 19:39:37,2020-10-19 오전 12:00:00,11,86131AA000,CN7 W/S SIDE MLD'G LH,S14,650톤-우진2호기,1,9.56,4.44,16.95,59.52,7.13,653.42,0.0,68.48,647.99,55.8,30.7,292.5,141.8,136.8,38.6,59.8,276.6,275.0,275.1,271.6,255.1,230.5,0.0,67.6,0,0,20.3,21.3,0,0,0,0,0,0,0,0
774158,5f915bff6e37704af883fbf5,2020-10-19 19:52:31,2020-10-19 오전 12:00:00,11,86131AA000,CN7 W/S SIDE MLD'G LH,S14,650톤-우진2호기,1,9.54,4.43,16.95,59.52,7.13,653.42,0.0,68.48,647.99,56.0,30.7,292.5,141.7,136.5,38.2,59.6,275.9,275.6,275.0,270.4,255.1,229.8,0.0,67.6,0,0,20.3,21.3,0,0,0,0,0,0,0,0
774159,5f915bff6e37704af883fbf6,2020-10-19 19:52:31,2020-10-19 오전 12:00:00,12,86141AA000,CN7 W/S SIDE MLD'G RH,S14,650톤-우진2호기,0,9.54,4.43,16.95,59.52,7.13,653.42,0.0,68.48,647.99,56.0,30.7,292.5,141.7,136.5,38.2,59.6,275.9,275.6,275.0,270.4,255.1,229.8,0.0,67.6,0,0,20.3,21.3,0,0,0,0,0,0,0,0
774218,5f915bff6e37704af883fc31,2020-10-19 20:05:27,2020-10-19 오전 12:00:00,11,86131AA000,CN7 W/S SIDE MLD'G LH,S14,650톤-우진2호기,1,9.56,4.45,16.96,59.52,7.12,653.42,0.0,68.5,647.99,55.7,30.5,292.4,141.9,136.8,38.6,59.8,274.9,275.5,274.3,269.8,254.9,229.7,0.0,68.1,0,0,20.3,21.3,0,0,0,0,0,0,0,0
774219,5f915bff6e37704af883fc32,2020-10-19 20:05:27,2020-10-19 오전 12:00:00,12,86141AA000,CN7 W/S SIDE MLD'G RH,S14,650톤-우진2호기,0,9.56,4.45,16.96,59.52,7.12,653.42,0.0,68.5,647.99,55.7,30.5,292.4,141.9,136.8,38.6,59.8,274.9,275.5,274.3,269.8,254.9,229.7,0.0,68.1,0,0,20.3,21.3,0,0,0,0,0,0,0,0
774282,5f915bff6e37704af883fc71,2020-10-19 20:19:19,2020-10-19 오전 12:00:00,11,86131AA000,CN7 W/S SIDE MLD'G LH,S14,650톤-우진2호기,1,9.55,4.43,16.94,59.52,7.13,653.43,0.0,68.49,647.99,55.9,30.8,292.5,141.8,136.4,38.5,59.7,275.8,275.6,275.0,271.5,255.3,229.7,0.0,67.5,0,0,20.2,21.1,0,0,0,0,0,0,0,0
774283,5f915bff6e37704af883fc72,2020-10-19 20:19:19,2020-10-19 오전 12:00:00,12,86141AA000,CN7 W/S SIDE MLD'G RH,S14,650톤-우진2호기,0,9.55,4.43,16.94,59.52,7.13,653.43,0.0,68.49,647.99,55.9,30.8,292.5,141.8,136.4,38.5,59.7,275.8,275.6,275.0,271.5,255.3,229.7,0.0,67.5,0,0,20.2,21.1,0,0,0,0,0,0,0,0
774341,5f915bff6e37704af883fcac,2020-10-19 20:32:14,2020-10-19 오전 12:00:00,11,86131AA000,CN7 W/S SIDE MLD'G LH,S14,650톤-우진2호기,1,9.55,4.43,16.98,59.52,7.13,653.43,0.0,68.49,647.99,56.0,30.8,292.5,141.8,136.4,38.4,59.7,275.9,275.7,275.0,269.6,254.8,230.0,0.0,67.4,0,0,20.1,21.2,0,0,0,0,0,0,0,0
774342,5f915bff6e37704af883fcad,2020-10-19 20:32:14,2020-10-19 오전 12:00:00,12,86141AA000,CN7 W/S SIDE MLD'G RH,S14,650톤-우진2호기,0,9.55,4.43,16.98,59.52,7.13,653.43,0.0,68.49,647.99,56.0,30.8,292.5,141.8,136.4,38.4,59.7,275.9,275.7,275.0,269.6,254.8,230.0,0.0,67.4,0,0,20.1,21.2,0,0,0,0,0,0,0,0
774400,5f915bff6e37704af883fce7,2020-10-19 20:45:05,2020-10-19 오전 12:00:00,12,86141AA000,CN7 W/S SIDE MLD'G RH,S14,650톤-우진2호기,0,9.55,4.44,16.96,59.52,7.13,653.42,0.0,68.51,647.99,55.9,30.7,292.5,141.8,136.7,38.8,59.8,276.6,275.6,275.5,271.0,255.0,230.1,0.0,67.4,0,0,20.2,21.2,0,0,0,0,0,0,0,0
774403,5f915bff6e37704af883fcea,2020-10-19 20:46:06,2020-10-19 오전 12:00:00,11,86131AA000,CN7 W/S SIDE MLD'G LH,S14,650톤-우진2호기,1,9.56,4.45,16.96,59.52,7.13,653.43,0.0,68.48,647.99,55.8,30.8,292.5,141.9,136.6,38.5,59.8,275.2,275.7,275.0,271.5,254.8,230.0,0.0,67.4,0,0,20.2,21.2,0,0,0,0,0,0,0,0
774462,5f915bff6e37704af883fd25,2020-10-19 20:58:59,2020-10-19 오전 12:00:00,11,86131AA000,CN7 W/S SIDE MLD'G LH,S14,650톤-우진2호기,1,9.53,4.42,16.94,59.48,7.13,653.43,0.0,68.49,647.99,56.1,30.7,292.5,141.7,136.0,38.1,59.5,275.9,275.7,275.0,271.1,255.4,229.8,0.0,67.2,0,0,20.4,21.4,0,0,0,0,0,0,0,0
774463,5f915bff6e37704af883fd26,2020-10-19 20:58:59,2020-10-19 오전 12:00:00,12,86141AA000,CN7 W/S SIDE MLD'G RH,S14,650톤-우진2호기,0,9.53,4.42,16.94,59.48,7.13,653.43,0.0,68.49,647.99,56.1,30.7,292.5,141.7,136.0,38.1,59.5,275.9,275.7,275.0,271.1,255.4,229.8,0.0,67.2,0,0,20.4,21.4,0,0,0,0,0,0,0,0
774522,5f915bff6e37704af883fd61,2020-10-19 21:11:53,2020-10-19 오전 12:00:00,11,86131AA000,CN7 W/S SIDE MLD'G LH,S14,650톤-우진2호기,1,9.54,4.42,16.98,59.48,7.13,653.42,0.0,68.49,647.99,56.1,30.6,292.5,141.8,136.2,38.1,59.5,275.5,275.8,274.7,269.6,254.9,229.9,0.0,67.3,0,0,20.4,21.3,0,0,0,0,0,0,0,0
774523,5f915bff6e37704af883fd62,2020-10-19 21:11:53,2020-10-19 오전 12:00:00,12,86141AA000,CN7 W/S SIDE MLD'G RH,S14,650톤-우진2호기,0,9.54,4.42,16.98,59.48,7.13,653.42,0.0,68.49,647.99,56.1,30.6,292.5,141.8,136.2,38.1,59.5,275.5,275.8,274.7,269.6,254.9,229.9,0.0,67.3,0,0,20.4,21.3,0,0,0,0,0,0,0,0
774586,5f915bff6e37704af883fda1,2020-10-19 21:25:47,2020-10-19 오전 12:00:00,11,86131AA000,CN7 W/S SIDE MLD'G LH,S14,650톤-우진2호기,1,9.56,4.44,16.92,59.52,7.13,653.42,0.0,68.49,647.99,55.8,30.8,292.5,141.8,136.6,38.7,59.9,275.6,275.0,274.5,271.8,254.6,229.9,0.0,67.4,0,0,20.4,21.4,0,0,0,0,0,0,0,0
774587,5f915bff6e37704af883fda2,2020-10-19 21:25:47,2020-10-19 오전 12:00:00,12,86141AA000,CN7 W/S SIDE MLD'G RH,S14,650톤-우진2호기,0,9.56,4.44,16.92,59.52,7.13,653.42,0.0,68.49,647.99,55.8,30.8,292.5,141.8,136.6,38.7,59.9,275.6,275.0,274.5,271.8,254.6,229.9,0.0,67.4,0,0,20.4,21.4,0,0,0,0,0,0,0,0
774645,5f915bff6e37704af883fddc,2020-10-19 21:38:39,2020-10-19 오전 12:00:00,11,86131AA000,CN7 W/S SIDE MLD'G LH,S14,650톤-우진2호기,1,9.54,4.42,16.96,59.48,7.13,653.42,0.0,68.49,647.99,56.1,30.6,292.5,141.8,136.3,38.4,59.7,276.1,275.6,274.9,270.5,254.9,230.6,0.0,67.5,0,0,20.4,21.4,0,0,0,0,0,0,0,0
774646,5f915bff6e37704af883fddd,2020-10-19 21:38:39,2020-10-19 오전 12:00:00,12,86141AA000,CN7 W/S SIDE MLD'G RH,S14,650톤-우진2호기,0,9.54,4.42,16.96,59.48,7.13,653.42,0.0,68.49,647.99,56.1,30.6,292.5,141.8,136.3,38.4,59.7,276.1,275.6,274.9,270.5,254.9,230.6,0.0,67.5,0,0,20.4,21.4,0,0,0,0,0,0,0,0
774706,5f915bff6e37704af883fe19,2020-10-19 21:51:33,2020-10-19 오전 12:00:00,12,86141AA000,CN7 W/S SIDE MLD'G RH,S14,650톤-우진2호기,0,9.53,4.42,16.99,59.48,7.13,653.42,0.0,68.51,647.99,56.2,30.7,292.4,141.8,136.3,38.3,59.7,276.4,275.7,274.4,269.6,254.6,229.9,0.0,66.9,0,0,20.4,21.5,0,0,0,0,0,0,0,0
774709,5f915bff6e37704af883fe1c,2020-10-19 21:52:33,2020-10-19 오전 12:00:00,11,86131AA000,CN7 W/S SIDE MLD'G LH,S14,650톤-우진2호기,1,9.55,4.43,16.99,59.48,7.13,653.42,0.0,68.49,647.99,55.9,30.8,292.5,141.8,136.5,38.3,59.6,277.0,276.0,275.4,269.5,255.1,230.2,0.0,67.5,0,0,20.5,21.5,0,0,0,0,0,0,0,0
774769,5f915bff6e37704af883fe58,2020-10-19 22:05:27,2020-10-19 오전 12:00:00,11,86131AA000,CN7 W/S SIDE MLD'G LH,S14,650톤-우진2호기,1,9.56,4.44,16.95,59.52,7.13,653.42,0.0,68.5,647.99,55.8,30.9,292.5,141.8,136.7,38.7,59.9,276.9,274.9,275.2,271.5,255.2,229.6,0.0,67.6,0,0,20.4,21.4,0,0,0,0,0,0,0,0
774770,5f915bff6e37704af883fe59,2020-10-19 22:05:27,2020-10-19 오전 12:00:00,12,86141AA000,CN7 W/S SIDE MLD'G RH,S14,650톤-우진2호기,0,9.56,4.44,16.95,59.52,7.13,653.42,0.0,68.5,647.99,55.8,30.9,292.5,141.8,136.7,38.7,59.9,276.9,274.9,275.2,271.5,255.2,229.6,0.0,67.6,0,0,20.4,21.4,0,0,0,0,0,0,0,0
774830,5f915bff6e37704af883fe95,2020-10-19 22:18:20,2020-10-19 오전 12:00:00,12,86141AA000,CN7 W/S SIDE MLD'G RH,S14,650톤-우진2호기,0,9.52,4.41,16.98,59.46,7.13,653.42,0.0,68.49,647.99,56.3,30.9,292.5,141.7,136.0,38.3,59.6,277.1,275.2,275.0,270.3,254.9,229.7,0.0,66.9,0,0,20.4,21.3,0,0,0,0,0,0,0,0
774833,5f915bff6e37704af883fe98,2020-10-19 22:19:18,2020-10-19 오전 12:00:00,11,86131AA000,CN7 W/S SIDE MLD'G LH,S14,650톤-우진2호기,1,9.54,4.42,16.99,59.48,7.13,653.43,0.0,68.5,647.99,56.1,30.7,292.5,141.7,136.2,38.2,59.6,276.4,275.4,275.0,270.0,254.7,230.2,0.0,67.5,0,0,20.4,21.3,0,0,0,0,0,0,0,0
774892,5f915bff6e37704af883fed3,2020-10-19 22:32:12,2020-10-19 오전 12:00:00,11,86131AA000,CN7 W/S SIDE MLD'G LH,S14,650톤-우진2호기,1,9.55,4.43,16.99,59.48,7.12,653.42,0.0,68.49,647.99,56.1,30.7,292.5,141.8,136.4,38.6,59.8,275.9,274.8,274.9,270.1,254.6,229.7,0.0,67.5,0,0,20.4,21.3,0,0,0,0,0,0,0,0
774893,5f915bff6e37704af883fed4,2020-10-19 22:32:12,2020-10-19 오전 12:00:00,12,86141AA000,CN7 W/S SIDE MLD'G RH,S14,650톤-우진2호기,0,9.55,4.43,16.99,59.48,7.12,653.42,0.0,68.49,647.99,56.1,30.7,292.5,141.8,136.4,38.6,59.8,275.9,274.8,274.9,270.1,254.6,229.7,0.0,67.5,0,0,20.4,21.3,0,0,0,0,0,0,0,0
774954,5f915bff6e37704af883ff11,2020-10-19 22:45:06,2020-10-19 오전 12:00:00,11,86131AA000,CN7 W/S SIDE MLD'G LH,S14,650톤-우진2호기,1,9.55,4.43,16.97,59.52,7.13,653.42,0.0,68.49,647.99,56.0,30.8,292.5,141.8,136.2,38.4,59.6,276.2,275.0,275.2,270.9,255.0,230.0,0.0,67.5,0,0,20.6,21.6,0,0,0,0,0,0,0,0
774955,5f915bff6e37704af883ff12,2020-10-19 22:45:06,2020-10-19 오전 12:00:00,12,86141AA000,CN7 W/S SIDE MLD'G RH,S14,650톤-우진2호기,0,9.55,4.43,16.97,59.52,7.13,653.42,0.0,68.49,647.99,56.0,30.8,292.5,141.8,136.2,38.4,59.6,276.2,275.0,275.2,270.9,255.0,230.0,0.0,67.5,0,0,20.6,21.6,0,0,0,0,0,0,0,0
775017,5f915c096e37704af883ff51,2020-10-19 22:58:00,2020-10-19 오전 12:00:00,12,86141AA000,CN7 W/S SIDE MLD'G RH,S14,650톤-우진2호기,0,9.54,4.43,17.02,59.52,7.12,653.43,0.0,68.48,647.99,56.0,30.8,292.5,141.8,136.4,38.2,59.6,276.1,275.2,274.7,269.6,254.7,230.2,0.0,67.4,0,0,20.5,21.5,0,0,0,0,0,0,0,0
775020,5f915c096e37704af883ff54,2020-10-19 22:58:58,2020-10-19 오전 12:00:00,11,86131AA000,CN7 W/S SIDE MLD'G LH,S14,650톤-우진2호기,1,9.55,4.43,16.99,59.52,7.12,653.42,0.0,68.49,647.99,56.1,30.9,292.5,141.8,136.3,38.4,59.6,276.0,274.9,275.2,269.0,254.6,230.0,0.0,67.0,0,0,20.5,21.5,0,0,0,0,0,0,0,0
775080,5f915c096e37704af883ff90,2020-10-19 23:11:54,2020-10-19 오전 12:00:00,11,86131AA000,CN7 W/S SIDE MLD'G LH,S14,650톤-우진2호기,1,9.56,4.44,17.0,59.52,7.13,653.42,0.0,68.48,647.99,55.9,30.7,292.4,141.9,136.7,38.6,59.8,275.7,275.4,275.6,271.5,254.5,230.3,0.0,67.6,0,0,20.7,21.6,0,0,0,0,0,0,0,0
775081,5f915c096e37704af883ff91,2020-10-19 23:11:54,2020-10-19 오전 12:00:00,12,86141AA000,CN7 W/S SIDE MLD'G RH,S14,650톤-우진2호기,0,9.56,4.44,17.0,59.52,7.13,653.42,0.0,68.48,647.99,55.9,30.7,292.4,141.9,136.7,38.6,59.8,275.7,275.4,275.6,271.5,254.5,230.3,0.0,67.6,0,0,20.7,21.6,0,0,0,0,0,0,0,0
775141,5f915c096e37704af883ffcd,2020-10-19 23:24:46,2020-10-20 오전 12:00:00,14,86141AA000,CN7 W/S SIDE MLD'G RH,S14,650톤-우진2호기,1,9.54,4.42,16.97,59.52,7.13,653.42,0.0,68.49,647.99,56.0,30.8,292.4,141.8,136.3,38.5,59.8,276.0,275.3,274.7,271.5,254.9,229.8,0.0,67.6,0,0,20.7,21.6,0,0,0,0,0,0,0,0
775145,5f915c096e37704af883ffd1,2020-10-19 23:25:46,2020-10-20 오전 12:00:00,13,86131AA000,CN7 W/S SIDE MLD'G LH,S14,650톤-우진2호기,2,9.53,4.42,16.96,59.48,7.13,653.42,0.0,68.49,647.99,56.2,30.7,292.5,141.8,136.1,38.3,59.5,276.5,275.0,274.8,271.2,255.0,229.9,0.0,66.7,0,0,20.7,21.7,0,0,0,0,0,0,0,0
775199,5f915c096e37704af8840007,2020-10-19 23:38:40,2020-10-20 오전 12:00:00,13,86131AA000,CN7 W/S SIDE MLD'G LH,S14,650톤-우진2호기,2,9.54,4.43,17.0,59.52,7.13,653.42,0.0,68.48,647.99,56.0,30.7,292.5,141.8,136.5,38.3,59.7,276.5,275.9,275.0,268.9,255.3,229.9,0.0,67.6,0,0,20.7,21.7,0,0,0,0,0,0,0,0
775200,5f915c096e37704af8840008,2020-10-19 23:38:40,2020-10-20 오전 12:00:00,14,86141AA000,CN7 W/S SIDE MLD'G RH,S14,650톤-우진2호기,1,9.54,4.43,17.0,59.52,7.13,653.42,0.0,68.48,647.99,56.0,30.7,292.5,141.8,136.5,38.3,59.7,276.5,275.9,275.0,268.9,255.3,229.9,0.0,67.6,0,0,20.7,21.7,0,0,0,0,0,0,0,0
775265,5f915c096e37704af8840049,2020-10-19 23:51:33,2020-10-20 오전 12:00:00,13,86131AA000,CN7 W/S SIDE MLD'G LH,S14,650톤-우진2호기,2,9.57,4.45,17.02,59.52,7.13,653.42,0.0,68.49,647.99,55.8,30.7,292.5,141.9,136.6,38.8,59.8,276.8,275.3,275.3,270.5,254.3,229.7,0.0,67.4,0,0,20.8,21.7,0,0,0,0,0,0,0,0
775266,5f915c096e37704af884004a,2020-10-19 23:51:33,2020-10-20 오전 12:00:00,14,86141AA000,CN7 W/S SIDE MLD'G RH,S14,650톤-우진2호기,1,9.57,4.45,17.02,59.52,7.13,653.42,0.0,68.49,647.99,55.8,30.7,292.5,141.9,136.6,38.8,59.8,276.8,275.3,275.3,270.5,254.3,229.7,0.0,67.4,0,0,20.8,21.7,0,0,0,0,0,0,0,0
775335,5f915c096e37704af884008f,2020-10-20 00:04:27,2020-10-20 오전 12:00:00,14,86141AA000,CN7 W/S SIDE MLD'G RH,S14,650톤-우진2호기,1,9.54,4.42,17.0,59.52,7.13,653.42,0.0,68.49,647.99,56.2,30.7,292.5,141.7,136.1,38.5,59.7,276.5,275.7,275.7,270.3,255.1,230.2,0.0,67.8,0,0,20.8,21.8,0,0,0,0,0,0,0,0
775339,5f915c096e37704af8840093,2020-10-20 00:05:27,2020-10-20 오전 12:00:00,13,86131AA000,CN7 W/S SIDE MLD'G LH,S14,650톤-우진2호기,2,9.54,4.42,16.95,59.52,7.13,653.42,0.0,68.51,647.99,56.1,30.8,292.5,141.7,136.4,38.4,59.7,276.4,275.0,275.0,269.9,255.2,230.1,0.0,67.3,0,0,20.7,21.8,0,0,0,0,0,0,0,0
775396,5f915c096e37704af88400cc,2020-10-20 00:18:19,2020-10-20 오전 12:00:00,13,86131AA000,CN7 W/S SIDE MLD'G LH,S14,650톤-우진2호기,2,9.56,4.44,17.0,59.48,7.13,653.43,0.0,68.49,647.99,56.0,30.7,292.5,141.9,136.3,38.5,59.7,276.5,276.3,275.2,269.7,255.1,229.9,0.0,67.6,0,0,21.0,22.1,0,0,0,0,0,0,0,0
775397,5f915c096e37704af88400cd,2020-10-20 00:18:19,2020-10-20 오전 12:00:00,14,86141AA000,CN7 W/S SIDE MLD'G RH,S14,650톤-우진2호기,1,9.56,4.44,17.0,59.48,7.13,653.43,0.0,68.49,647.99,56.0,30.7,292.5,141.9,136.3,38.5,59.7,276.5,276.3,275.2,269.7,255.1,229.9,0.0,67.6,0,0,21.0,22.1,0,0,0,0,0,0,0,0
775468,5f915c096e37704af8840114,2020-10-20 00:31:13,2020-10-20 오전 12:00:00,14,86141AA000,CN7 W/S SIDE MLD'G RH,S14,650톤-우진2호기,1,9.53,4.42,17.01,59.52,7.13,653.42,0.0,68.48,647.99,56.2,30.8,292.5,141.8,136.1,38.3,59.6,276.4,274.9,275.0,271.4,255.2,230.3,0.0,67.7,0,0,21.4,22.5,0,0,0,0,0,0,0,0
775474,5f915c096e37704af884011a,2020-10-20 00:32:13,2020-10-20 오전 12:00:00,13,86131AA000,CN7 W/S SIDE MLD'G LH,S14,650톤-우진2호기,2,9.53,4.41,16.99,59.48,7.13,653.42,0.0,68.49,647.99,56.3,30.9,292.5,141.8,135.8,38.2,59.5,277.0,275.6,275.1,271.1,255.1,229.8,0.0,68.4,0,0,21.4,22.5,0,0,0,0,0,0,0,0
775551,5f915c096e37704af8840167,2020-10-20 00:45:07,2020-10-20 오전 12:00:00,13,86131AA000,CN7 W/S SIDE MLD'G LH,S14,650톤-우진2호기,2,9.54,4.43,17.0,59.52,7.13,653.42,0.0,68.48,647.99,56.0,30.8,292.4,141.8,136.5,38.2,59.6,276.3,275.1,274.5,269.6,254.7,230.0,0.0,67.7,0,0,21.6,22.6,0,0,0,0,0,0,0,0
775552,5f915c096e37704af8840168,2020-10-20 00:45:07,2020-10-20 오전 12:00:00,14,86141AA000,CN7 W/S SIDE MLD'G RH,S14,650톤-우진2호기,1,9.54,4.43,17.0,59.52,7.13,653.42,0.0,68.48,647.99,56.0,30.8,292.4,141.8,136.5,38.2,59.6,276.3,275.1,274.5,269.6,254.7,230.0,0.0,67.7,0,0,21.6,22.6,0,0,0,0,0,0,0,0
775625,5f915c096e37704af88401b1,2020-10-20 00:58:01,2020-10-20 오전 12:00:00,14,86141AA000,CN7 W/S SIDE MLD'G RH,S14,650톤-우진2호기,1,9.55,4.43,16.97,59.48,7.13,653.42,0.0,68.5,647.99,56.0,30.7,292.5,141.8,136.2,38.6,59.7,275.4,275.4,274.6,271.2,254.7,229.8,0.0,67.6,0,0,21.6,22.7,0,0,0,0,0,0,0,0
775629,5f915c096e37704af88401b5,2020-10-20 00:58:59,2020-10-20 오전 12:00:00,13,86131AA000,CN7 W/S SIDE MLD'G LH,S14,650톤-우진2호기,2,9.54,4.43,16.98,59.52,7.13,653.42,0.0,68.48,647.99,56.1,30.9,292.5,141.8,136.2,38.4,59.7,276.2,275.5,275.0,271.1,255.1,230.1,0.0,68.4,0,0,21.7,22.8,0,0,0,0,0,0,0,0
775632,5f915c096e37704af88401b8,2020-10-20 00:59:31,2020-10-20 오전 12:00:00,12,86141S8900,LX2 W/S SIDE MLD'G RH(RHD),S12,650톤-우진,0,11.44,3.33,19.9,64.28,6.08,655.0,0.0,59.68,69.64,65.0,30.4,293.9,168.7,128.1,21.8,13.5,245.0,250.2,250.3,245.3,240.0,225.2,0.0,38.5,0,0,20.7,23.8,0,0,0,0,0,0,0,0
775698,5f915c096e37704af88401fa,2020-10-20 01:10:53,2020-10-20 오전 12:00:00,14,86141AA000,CN7 W/S SIDE MLD'G RH,S14,650톤-우진2호기,1,9.52,4.4,16.98,59.46,7.13,653.42,0.0,68.49,647.99,56.4,30.7,292.5,141.7,135.8,38.1,59.5,276.5,275.3,275.0,270.2,254.9,229.8,0.0,67.7,0,0,22.0,23.1,0,0,0,0,0,0,0,0
775704,5f915c096e37704af8840200,2020-10-20 01:11:53,2020-10-20 오전 12:00:00,13,86131AA000,CN7 W/S SIDE MLD'G LH,S14,650톤-우진2호기,2,9.52,4.41,17.02,59.48,7.13,653.42,0.0,68.51,647.99,56.3,30.7,292.5,141.7,136.4,38.1,59.5,276.5,275.3,275.5,269.8,254.5,229.9,0.0,68.3,0,0,22.0,23.1,0,0,0,0,0,0,0,0
775782,5f915c096e37704af884024e,2020-10-20 01:24:48,2020-10-20 오전 12:00:00,13,86131AA000,CN7 W/S SIDE MLD'G LH,S14,650톤-우진2호기,2,9.55,4.43,17.05,59.46,7.13,653.42,0.0,68.48,647.99,56.0,30.8,292.5,141.8,136.5,38.4,59.7,276.2,274.7,274.9,270.4,254.9,230.1,0.0,68.5,0,0,22.1,23.1,0,0,0,0,0,0,0,0
775783,5f915c096e37704af884024f,2020-10-20 01:24:48,2020-10-20 오전 12:00:00,14,86141AA000,CN7 W/S SIDE MLD'G RH,S14,650톤-우진2호기,1,9.55,4.43,17.05,59.46,7.13,653.42,0.0,68.48,647.99,56.0,30.8,292.5,141.8,136.5,38.4,59.7,276.2,274.7,274.9,270.4,254.9,230.1,0.0,68.5,0,0,22.1,23.1,0,0,0,0,0,0,0,0
775858,5f915c096e37704af884029a,2020-10-20 01:37:40,2020-10-20 오전 12:00:00,14,86141AA000,CN7 W/S SIDE MLD'G RH,S14,650톤-우진2호기,1,9.53,4.42,17.01,59.52,7.13,653.42,0.0,68.48,647.99,56.1,30.9,292.5,141.8,136.1,38.2,59.6,276.2,275.5,275.0,271.3,255.3,229.7,0.0,67.8,0,0,22.2,23.2,0,0,0,0,0,0,0,0
775864,5f915c096e37704af88402a0,2020-10-20 01:38:40,2020-10-20 오전 12:00:00,13,86131AA000,CN7 W/S SIDE MLD'G LH,S14,650톤-우진2호기,2,9.51,4.4,17.02,59.46,7.13,653.42,0.0,68.48,647.99,56.4,30.8,292.5,141.6,135.9,37.9,59.4,275.8,274.9,274.8,270.9,255.0,230.1,0.0,68.0,0,0,22.2,23.2,0,0,0,0,0,0,0,0
775941,5f915c096e37704af88402ed,2020-10-20 01:51:34,2020-10-20 오전 12:00:00,13,86131AA000,CN7 W/S SIDE MLD'G LH,S14,650톤-우진2호기,2,9.53,4.41,17.04,59.48,7.13,653.41,0.0,68.5,647.99,56.3,30.7,292.5,141.8,136.5,38.3,59.6,275.9,275.2,275.2,269.5,255.0,229.5,0.0,68.2,0,0,22.2,23.3,0,0,0,0,0,0,0,0
775942,5f915c096e37704af88402ee,2020-10-20 01:51:34,2020-10-20 오전 12:00:00,14,86141AA000,CN7 W/S SIDE MLD'G RH,S14,650톤-우진2호기,1,9.53,4.41,17.04,59.48,7.13,653.41,0.0,68.5,647.99,56.3,30.7,292.5,141.8,136.5,38.3,59.6,275.9,275.2,275.2,269.5,255.0,229.5,0.0,68.2,0,0,22.2,23.3,0,0,0,0,0,0,0,0
776019,5f915c136e37704af884033c,2020-10-20 02:05:26,2020-10-20 오전 12:00:00,13,86131AA000,CN7 W/S SIDE MLD'G LH,S14,650톤-우진2호기,2,9.55,4.43,17.01,59.52,7.13,653.42,0.0,68.49,647.99,56.0,30.8,292.5,141.8,136.3,38.4,59.7,276.1,275.3,274.5,271.0,254.7,229.8,0.0,68.0,0,0,22.5,23.6,0,0,0,0,0,0,0,0
776020,5f915c136e37704af884033d,2020-10-20 02:05:26,2020-10-20 오전 12:00:00,14,86141AA000,CN7 W/S SIDE MLD'G RH,S14,650톤-우진2호기,1,9.55,4.43,17.01,59.52,7.13,653.42,0.0,68.49,647.99,56.0,30.8,292.5,141.8,136.3,38.4,59.7,276.1,275.3,274.5,271.0,254.7,229.8,0.0,68.0,0,0,22.5,23.6,0,0,0,0,0,0,0,0
776094,5f915c136e37704af8840387,2020-10-20 02:18:21,2020-10-20 오전 12:00:00,13,86131AA000,CN7 W/S SIDE MLD'G LH,S14,650톤-우진2호기,2,9.51,4.4,17.04,59.48,7.13,653.42,0.0,68.5,647.99,56.4,30.7,292.5,141.6,135.7,37.9,59.5,275.8,275.8,275.1,271.5,254.9,230.0,0.0,67.7,0,0,22.6,23.8,0,0,0,0,0,0,0,0
776095,5f915c136e37704af8840388,2020-10-20 02:18:21,2020-10-20 오전 12:00:00,14,86141AA000,CN7 W/S SIDE MLD'G RH,S14,650톤-우진2호기,1,9.51,4.4,17.04,59.48,7.13,653.42,0.0,68.5,647.99,56.4,30.7,292.5,141.6,135.7,37.9,59.5,275.8,275.8,275.1,271.5,254.9,230.0,0.0,67.7,0,0,22.6,23.8,0,0,0,0,0,0,0,0
776170,5f915c136e37704af88403d3,2020-10-20 02:31:12,2020-10-20 오전 12:00:00,13,86131AA000,CN7 W/S SIDE MLD'G LH,S14,650톤-우진2호기,2,9.52,4.41,17.08,59.48,7.13,653.42,0.0,68.48,647.99,56.4,30.7,292.5,141.7,135.9,37.7,59.3,275.9,274.8,274.9,269.9,255.2,230.5,0.0,68.5,0,0,22.7,23.8,0,0,0,0,0,0,0,0
776177,5f915c136e37704af88403da,2020-10-20 02:32:12,2020-10-20 오전 12:00:00,14,86141AA000,CN7 W/S SIDE MLD'G RH,S14,650톤-우진2호기,1,9.53,4.42,17.06,59.46,7.13,653.42,0.0,68.48,647.99,56.2,31.0,292.5,141.8,136.0,38.0,59.4,277.1,275.0,275.0,269.7,254.9,230.2,0.0,67.8,0,0,22.7,23.8,0,0,0,0,0,0,0,0
776249,5f915c136e37704af8840422,2020-10-20 02:45:06,2020-10-20 오전 12:00:00,13,86131AA000,CN7 W/S SIDE MLD'G LH,S14,650톤-우진2호기,2,9.55,4.43,17.05,59.48,7.12,653.42,0.0,68.51,647.99,56.1,30.8,292.5,141.8,136.8,38.7,59.8,275.7,275.0,274.6,270.9,254.6,229.8,0.0,68.1,0,0,22.7,23.8,0,0,0,0,0,0,0,0
776250,5f915c136e37704af8840423,2020-10-20 02:45:06,2020-10-20 오전 12:00:00,14,86141AA000,CN7 W/S SIDE MLD'G RH,S14,650톤-우진2호기,1,9.55,4.43,17.05,59.48,7.12,653.42,0.0,68.51,647.99,56.1,30.8,292.5,141.8,136.8,38.7,59.8,275.7,275.0,274.6,270.9,254.6,229.8,0.0,68.1,0,0,22.7,23.8,0,0,0,0,0,0,0,0
776323,5f915c136e37704af884046c,2020-10-20 02:58:01,2020-10-20 오전 12:00:00,13,86131AA000,CN7 W/S SIDE MLD'G LH,S14,650톤-우진2호기,2,9.52,4.41,17.05,59.48,7.12,653.41,0.0,68.48,647.99,56.3,30.8,292.5,141.7,136.3,38.1,59.5,276.0,274.9,275.6,270.0,255.4,230.2,0.0,68.4,0,0,23.0,24.0,0,0,0,0,0,0,0,0
776331,5f915c136e37704af8840474,2020-10-20 02:58:59,2020-10-20 오전 12:00:00,14,86141AA000,CN7 W/S SIDE MLD'G RH,S14,650톤-우진2호기,1,9.54,4.42,17.06,59.46,7.12,653.42,0.0,68.49,647.99,56.1,30.8,292.5,141.8,136.3,37.9,59.4,276.0,275.0,274.5,269.6,254.9,230.1,0.0,69.3,0,0,23.0,24.1,0,0,0,0,0,0,0,0
776403,5f915c136e37704af88404bc,2020-10-20 03:11:53,2020-10-20 오전 12:00:00,13,86131AA000,CN7 W/S SIDE MLD'G LH,S14,650톤-우진2호기,2,9.55,4.43,17.06,59.52,7.12,653.41,0.0,68.5,647.99,56.1,30.8,292.5,141.7,136.9,38.5,59.7,275.9,275.7,274.9,270.1,255.0,229.5,0.0,68.5,0,0,23.1,24.2,0,0,0,0,0,0,0,0
776404,5f915c136e37704af88404bd,2020-10-20 03:11:53,2020-10-20 오전 12:00:00,14,86141AA000,CN7 W/S SIDE MLD'G RH,S14,650톤-우진2호기,1,9.55,4.43,17.06,59.52,7.12,653.41,0.0,68.5,647.99,56.1,30.8,292.5,141.7,136.9,38.5,59.7,275.9,275.7,274.9,270.1,255.0,229.5,0.0,68.5,0,0,23.1,24.2,0,0,0,0,0,0,0,0
776479,5f915c136e37704af8840508,2020-10-20 03:24:45,2020-10-20 오전 12:00:00,13,86131AA000,CN7 W/S SIDE MLD'G LH,S14,650톤-우진2호기,2,9.53,4.42,17.03,59.52,7.12,653.41,0.0,68.48,647.99,56.2,30.7,292.5,141.7,136.2,38.1,59.6,276.4,275.0,275.0,271.4,255.2,229.7,0.0,69.0,0,0,23.2,24.3,0,0,0,0,0,0,0,0
776480,5f915c136e37704af8840509,2020-10-20 03:24:45,2020-10-20 오전 12:00:00,14,86141AA000,CN7 W/S SIDE MLD'G RH,S14,650톤-우진2호기,1,9.53,4.42,17.03,59.52,7.12,653.41,0.0,68.48,647.99,56.2,30.7,292.5,141.7,136.2,38.1,59.6,276.4,275.0,275.0,271.4,255.2,229.7,0.0,69.0,0,0,23.2,24.3,0,0,0,0,0,0,0,0
776544,5f915c136e37704af8840549,2020-10-20 03:39:39,2020-10-20 오전 12:00:00,13,86131AA000,CN7 W/S SIDE MLD'G LH,S14,650톤-우진2호기,2,9.53,4.42,17.06,59.48,7.12,653.41,0.0,68.5,647.99,56.2,30.9,292.5,141.7,136.5,38.2,59.6,276.6,275.2,275.0,269.4,254.9,229.8,0.0,68.7,0,0,23.2,24.3,0,0,0,0,0,0,0,0
776545,5f915c136e37704af884054a,2020-10-20 03:39:39,2020-10-20 오전 12:00:00,14,86141AA000,CN7 W/S SIDE MLD'G RH,S14,650톤-우진2호기,1,9.53,4.42,17.06,59.48,7.12,653.41,0.0,68.5,647.99,56.2,30.9,292.5,141.7,136.5,38.2,59.6,276.6,275.2,275.0,269.4,254.9,229.8,0.0,68.7,0,0,23.2,24.3,0,0,0,0,0,0,0,0
776604,5f915c136e37704af8840585,2020-10-20 03:52:31,2020-10-20 오전 12:00:00,13,86131AA000,CN7 W/S SIDE MLD'G LH,S14,650톤-우진2호기,2,9.56,4.45,17.05,59.52,7.12,653.41,0.0,68.48,647.99,55.9,30.7,292.5,141.8,136.8,38.5,59.7,275.6,275.5,274.6,271.1,254.9,230.0,0.0,68.9,0,0,23.3,24.4,0,0,0,0,0,0,0,0
776605,5f915c136e37704af8840586,2020-10-20 03:52:31,2020-10-20 오전 12:00:00,14,86141AA000,CN7 W/S SIDE MLD'G RH,S14,650톤-우진2호기,1,9.56,4.45,17.05,59.52,7.12,653.41,0.0,68.48,647.99,55.9,30.7,292.5,141.8,136.8,38.5,59.7,275.6,275.5,274.6,271.1,254.9,230.0,0.0,68.9,0,0,23.3,24.4,0,0,0,0,0,0,0,0
776663,5f915c136e37704af88405c0,2020-10-20 04:05:24,2020-10-20 오전 12:00:00,13,86131AA000,CN7 W/S SIDE MLD'G LH,S14,650톤-우진2호기,2,9.53,4.41,17.02,59.48,7.12,653.41,0.0,68.48,647.99,56.2,30.7,292.5,141.7,136.2,38.3,59.6,275.1,275.4,275.3,271.8,255.0,230.2,0.0,68.3,0,0,23.4,24.5,0,0,0,0,0,0,0,0
776668,5f915c136e37704af88405c5,2020-10-20 04:06:24,2020-10-20 오전 12:00:00,14,86141AA000,CN7 W/S SIDE MLD'G RH,S14,650톤-우진2호기,1,9.52,4.4,17.03,59.46,7.12,653.41,0.0,68.49,647.99,56.3,30.8,292.5,141.6,135.8,38.0,59.4,276.5,274.9,275.0,271.3,255.2,230.1,0.0,68.9,0,0,23.5,24.5,0,0,0,0,0,0,0,0
776729,5f915c136e37704af8840602,2020-10-20 04:20:17,2020-10-20 오전 12:00:00,13,86131AA000,CN7 W/S SIDE MLD'G LH,S14,650톤-우진2호기,2,9.55,4.43,17.09,59.48,7.12,653.41,0.0,68.47,647.99,56.0,30.8,292.5,141.7,136.6,38.3,59.6,276.1,276.2,275.2,269.2,254.3,230.0,0.0,69.2,0,0,23.6,24.6,0,0,0,0,0,0,0,0
776730,5f915c136e37704af8840603,2020-10-20 04:20:17,2020-10-20 오전 12:00:00,14,86141AA000,CN7 W/S SIDE MLD'G RH,S14,650톤-우진2호기,1,9.55,4.43,17.09,59.48,7.12,653.41,0.0,68.47,647.99,56.0,30.8,292.5,141.7,136.6,38.3,59.6,276.1,276.2,275.2,269.2,254.3,230.0,0.0,69.2,0,0,23.6,24.6,0,0,0,0,0,0,0,0
776789,5f915c136e37704af884063e,2020-10-20 04:33:09,2020-10-20 오전 12:00:00,13,86131AA000,CN7 W/S SIDE MLD'G LH,S14,650톤-우진2호기,2,9.53,4.42,17.08,59.48,7.12,653.41,0.0,68.47,647.99,56.1,31.1,292.5,141.7,136.4,38.3,59.6,276.1,275.3,275.5,271.0,255.3,229.8,0.0,69.2,0,0,23.6,24.7,0,0,0,0,0,0,0,0
776790,5f915c136e37704af884063f,2020-10-20 04:33:09,2020-10-20 오전 12:00:00,14,86141AA000,CN7 W/S SIDE MLD'G RH,S14,650톤-우진2호기,1,9.53,4.42,17.08,59.48,7.12,653.41,0.0,68.47,647.99,56.1,31.1,292.5,141.7,136.4,38.3,59.6,276.1,275.3,275.5,271.0,255.3,229.8,0.0,69.2,0,0,23.6,24.7,0,0,0,0,0,0,0,0
776847,5f915c136e37704af8840678,2020-10-20 04:47:02,2020-10-20 오전 12:00:00,13,86131AA000,CN7 W/S SIDE MLD'G LH,S14,650톤-우진2호기,2,9.53,4.42,17.08,59.48,7.12,653.42,0.0,68.48,647.99,56.2,30.9,292.6,141.8,136.2,38.3,59.6,276.5,276.2,275.6,269.6,254.7,229.5,0.0,68.6,0,0,23.6,24.7,0,0,0,0,0,0,0,0
776848,5f915c136e37704af8840679,2020-10-20 04:47:02,2020-10-20 오전 12:00:00,14,86141AA000,CN7 W/S SIDE MLD'G RH,S14,650톤-우진2호기,1,9.53,4.42,17.08,59.48,7.12,653.42,0.0,68.48,647.99,56.2,30.9,292.6,141.8,136.2,38.3,59.6,276.5,276.2,275.6,269.6,254.7,229.5,0.0,68.6,0,0,23.6,24.7,0,0,0,0,0,0,0,0
776894,5f915c136e37704af88406a7,2020-10-20 04:59:56,2020-10-20 오전 12:00:00,13,86131AA000,CN7 W/S SIDE MLD'G LH,S14,650톤-우진2호기,2,9.54,4.43,17.05,59.52,7.12,653.41,0.0,68.49,647.99,56.0,30.9,292.6,141.7,136.9,38.7,59.7,276.4,274.8,275.3,271.3,254.9,229.8,0.0,69.4,0,0,23.7,24.8,0,0,0,0,0,0,0,0
776895,5f915c136e37704af88406a8,2020-10-20 04:59:56,2020-10-20 오전 12:00:00,14,86141AA000,CN7 W/S SIDE MLD'G RH,S14,650톤-우진2호기,1,9.54,4.43,17.05,59.52,7.12,653.41,0.0,68.49,647.99,56.0,30.9,292.6,141.7,136.9,38.7,59.7,276.4,274.8,275.3,271.3,254.9,229.8,0.0,69.4,0,0,23.7,24.8,0,0,0,0,0,0,0,0
776942,5f915c136e37704af88406d7,2020-10-20 05:12:50,2020-10-20 오전 12:00:00,13,86131AA000,CN7 W/S SIDE MLD'G LH,S14,650톤-우진2호기,2,9.52,4.4,17.1,59.48,7.12,653.41,0.0,68.51,647.99,56.3,30.8,292.6,141.6,136.2,38.1,59.5,276.0,275.2,275.3,270.7,255.0,230.1,0.0,69.5,0,0,23.8,24.9,0,0,0,0,0,0,0,0
776946,5f915c136e37704af88406db,2020-10-20 05:13:48,2020-10-20 오전 12:00:00,14,86141AA000,CN7 W/S SIDE MLD'G RH,S14,650톤-우진2호기,1,9.53,4.41,17.09,59.46,7.12,653.41,0.0,68.49,647.99,56.2,30.8,292.5,141.7,136.0,37.8,59.3,276.5,275.5,275.0,270.2,254.9,229.9,0.0,69.7,0,0,23.8,24.9,0,0,0,0,0,0,0,0
776993,5f915c136e37704af884070a,2020-10-20 05:26:42,2020-10-20 오전 12:00:00,13,86131AA000,CN7 W/S SIDE MLD'G LH,S14,650톤-우진2호기,2,9.54,4.43,17.13,59.48,7.12,653.41,0.0,68.49,647.99,56.1,30.9,292.6,141.7,136.7,38.2,59.5,275.8,275.6,275.0,269.5,255.1,230.2,0.0,69.4,0,0,23.8,24.9,0,0,0,0,0,0,0,0
776994,5f915c136e37704af884070b,2020-10-20 05:26:42,2020-10-20 오전 12:00:00,14,86141AA000,CN7 W/S SIDE MLD'G RH,S14,650톤-우진2호기,1,9.54,4.43,17.13,59.48,7.12,653.41,0.0,68.49,647.99,56.1,30.9,292.6,141.7,136.7,38.2,59.5,275.8,275.6,275.0,269.5,255.1,230.2,0.0,69.4,0,0,23.8,24.9,0,0,0,0,0,0,0,0
777043,5f915c1e6e37704af884073d,2020-10-20 05:39:35,2020-10-20 오전 12:00:00,13,86131AA000,CN7 W/S SIDE MLD'G LH,S14,650톤-우진2호기,2,9.55,4.43,17.09,59.46,7.12,653.41,0.0,68.48,647.99,56.0,30.8,292.6,141.7,136.7,38.5,59.7,275.8,275.7,275.0,271.3,255.0,229.9,0.0,69.5,0,0,23.7,24.8,0,0,0,0,0,0,0,0
777044,5f915c1e6e37704af884073e,2020-10-20 05:39:35,2020-10-20 오전 12:00:00,14,86141AA000,CN7 W/S SIDE MLD'G RH,S14,650톤-우진2호기,1,9.55,4.43,17.09,59.46,7.12,653.41,0.0,68.48,647.99,56.0,30.8,292.6,141.7,136.7,38.5,59.7,275.8,275.7,275.0,271.3,255.0,229.9,0.0,69.5,0,0,23.7,24.8,0,0,0,0,0,0,0,0
777104,5f915c1e6e37704af884077a,2020-10-20 05:53:29,2020-10-20 오전 12:00:00,13,86131AA000,CN7 W/S SIDE MLD'G LH,S14,650톤-우진2호기,2,9.52,4.4,17.08,59.46,7.12,653.41,0.0,68.48,647.99,56.4,30.8,292.5,141.6,136.3,37.8,59.4,275.5,275.3,274.5,270.4,255.0,230.1,0.0,69.6,0,0,23.6,24.7,0,0,0,0,0,0,0,0
777105,5f915c1e6e37704af884077b,2020-10-20 05:53:29,2020-10-20 오전 12:00:00,14,86141AA000,CN7 W/S SIDE MLD'G RH,S14,650톤-우진2호기,1,9.52,4.4,17.08,59.46,7.12,653.41,0.0,68.48,647.99,56.4,30.8,292.5,141.6,136.3,37.8,59.4,275.5,275.3,274.5,270.4,255.0,230.1,0.0,69.6,0,0,23.6,24.7,0,0,0,0,0,0,0,0
777160,5f915c1e6e37704af88407b2,2020-10-20 06:06:21,2020-10-20 오전 12:00:00,13,86131AA000,CN7 W/S SIDE MLD'G LH,S14,650톤-우진2호기,2,9.53,4.42,17.14,59.48,7.12,653.41,0.0,68.48,647.99,56.2,30.8,292.5,141.8,136.5,38.1,59.5,276.9,275.6,275.2,269.6,255.1,230.1,0.0,68.7,0,0,23.6,24.7,0,0,0,0,0,0,0,0
777161,5f915c1e6e37704af88407b3,2020-10-20 06:06:21,2020-10-20 오전 12:00:00,14,86141AA000,CN7 W/S SIDE MLD'G RH,S14,650톤-우진2호기,1,9.53,4.42,17.14,59.48,7.12,653.41,0.0,68.48,647.99,56.2,30.8,292.5,141.8,136.5,38.1,59.5,276.9,275.6,275.2,269.6,255.1,230.1,0.0,68.7,0,0,23.6,24.7,0,0,0,0,0,0,0,0
777219,5f915c1e6e37704af88407ed,2020-10-20 06:20:14,2020-10-20 오전 12:00:00,13,86131AA000,CN7 W/S SIDE MLD'G LH,S14,650톤-우진2호기,2,9.36,4.24,21.1,59.36,7.12,653.45,0.0,68.12,647.99,60.5,31.2,293.9,140.7,133.1,37.2,57.7,276.2,275.0,275.3,271.7,254.9,230.5,0.0,69.5,0,0,23.5,24.5,0,0,0,0,0,0,0,0
777220,5f915c1e6e37704af88407ee,2020-10-20 06:20:14,2020-10-20 오전 12:00:00,14,86141AA000,CN7 W/S SIDE MLD'G RH,S14,650톤-우진2호기,1,9.36,4.24,21.1,59.36,7.12,653.45,0.0,68.12,647.99,60.5,31.2,293.9,140.7,133.1,37.2,57.7,276.2,275.0,275.3,271.7,254.9,230.5,0.0,69.5,0,0,23.5,24.5,0,0,0,0,0,0,0,0
777605,5f915c1e6e37704af884096f,2020-10-20 08:44:31,2020-10-20 오전 12:00:00,12,86141S8900,LX2 W/S SIDE MLD'G RH(RHD),S12,650톤-우진,0,11.45,3.33,20.07,64.32,6.08,655.0,0.0,59.69,69.64,64.9,30.5,293.9,168.9,128.2,21.9,13.6,245.2,250.0,249.7,245.0,240.1,225.4,0.0,39.9,0,0,19.7,23.6,0,0,0,0,0,0,0,0
777704,5f915c1e6e37704af88409d2,2020-10-20 09:22:18,2020-10-20 오전 12:00:00,20,86131T1000,"RG3 MOLD'G W/SHLD, LH",S14,650톤-우진2호기,22,1.31,1.18,13.05,59.34,7.12,654.24,0.0,53.43,647.99,108.3,30.8,294.7,150.0,136.1,36.0,56.1,285.0,286.0,285.2,277.4,264.5,236.6,0.0,70.4,0,0,22.8,24.0,0,0,0,0,0,0,0,0
777705,5f915c1e6e37704af88409d3,2020-10-20 09:22:18,2020-10-20 오전 12:00:00,21,86141T1000,"RG3 MOLD'G W/SHLD, RH",S14,650톤-우진2호기,153,1.31,1.18,13.05,59.34,7.12,654.24,0.0,53.43,647.99,108.3,30.8,294.7,150.0,136.1,36.0,56.1,285.0,286.0,285.2,277.4,264.5,236.6,0.0,70.4,0,0,22.8,24.0,0,0,0,0,0,0,0,0
777771,5f915c1e6e37704af8840a15,2020-10-20 09:37:12,2020-10-20 오전 12:00:00,20,86131T1000,"RG3 MOLD'G W/SHLD, LH",S14,650톤-우진2호기,22,1.08,0.95,13.06,61.76,6.8,654.26,0.0,53.25,4.63,127.3,31.0,290.7,143.4,118.6,58.1,62.5,285.9,285.1,285.2,275.1,265.3,234.7,0.0,70.0,0,0,22.7,23.8,0,0,0,0,0,0,0,0
777772,5f915c1e6e37704af8840a16,2020-10-20 09:37:12,2020-10-20 오전 12:00:00,21,86141T1000,"RG3 MOLD'G W/SHLD, RH",S14,650톤-우진2호기,153,1.08,0.95,13.06,61.76,6.8,654.26,0.0,53.25,4.63,127.3,31.0,290.7,143.4,118.6,58.1,62.5,285.9,285.1,285.2,275.1,265.3,234.7,0.0,70.0,0,0,22.7,23.8,0,0,0,0,0,0,0,0
777841,5f915c1e6e37704af8840a5b,2020-10-20 09:52:38,2020-10-20 오전 12:00:00,20,86131T1000,"RG3 MOLD'G W/SHLD, LH",S14,650톤-우진2호기,22,1.07,0.94,13.12,61.78,6.8,654.25,0.0,53.56,4.63,127.3,31.0,290.7,143.0,118.2,57.6,62.1,287.2,285.7,285.1,276.7,264.9,235.0,0.0,70.2,0,0,22.6,23.8,0,0,0,0,0,0,0,0
777842,5f915c1e6e37704af8840a5c,2020-10-20 09:52:38,2020-10-20 오전 12:00:00,21,86141T1000,"RG3 MOLD'G W/SHLD, RH",S14,650톤-우진2호기,153,1.07,0.94,13.12,61.78,6.8,654.25,0.0,53.56,4.63,127.3,31.0,290.7,143.0,118.2,57.6,62.1,287.2,285.7,285.1,276.7,264.9,235.0,0.0,70.2,0,0,22.6,23.8,0,0,0,0,0,0,0,0
777910,5f915c1e6e37704af8840aa0,2020-10-20 10:08:06,2020-10-20 오전 12:00:00,20,86131T1000,"RG3 MOLD'G W/SHLD, LH",S14,650톤-우진2호기,22,1.06,0.94,13.18,61.78,6.8,654.23,0.0,53.54,4.63,127.7,31.0,290.8,142.6,117.7,56.8,60.9,285.5,285.4,284.9,274.5,264.8,234.8,0.0,69.2,0,0,22.7,23.8,0,0,0,0,0,0,0,0
777911,5f915c1e6e37704af8840aa1,2020-10-20 10:08:06,2020-10-20 오전 12:00:00,21,86141T1000,"RG3 MOLD'G W/SHLD, RH",S14,650톤-우진2호기,153,1.06,0.94,13.18,61.78,6.8,654.23,0.0,53.54,4.63,127.7,31.0,290.8,142.6,117.7,56.8,60.9,285.5,285.4,284.9,274.5,264.8,234.8,0.0,69.2,0,0,22.7,23.8,0,0,0,0,0,0,0,0
777977,5f915c1e6e37704af8840ae3,2020-10-20 10:22:31,2020-10-20 오전 12:00:00,20,86131T1000,"RG3 MOLD'G W/SHLD, LH",S14,650톤-우진2호기,22,1.06,0.94,13.14,61.78,6.8,654.24,0.0,53.55,4.63,127.8,31.0,290.7,142.6,117.4,57.2,61.4,286.4,285.3,285.0,275.8,265.0,235.2,0.0,68.9,0,0,22.6,23.7,0,0,0,0,0,0,0,0
777978,5f915c1e6e37704af8840ae4,2020-10-20 10:22:31,2020-10-20 오전 12:00:00,21,86141T1000,"RG3 MOLD'G W/SHLD, RH",S14,650톤-우진2호기,153,1.06,0.94,13.14,61.78,6.8,654.24,0.0,53.55,4.63,127.8,31.0,290.7,142.6,117.4,57.2,61.4,286.4,285.3,285.0,275.8,265.0,235.2,0.0,68.9,0,0,22.6,23.7,0,0,0,0,0,0,0,0
778047,5f915c276e37704af8840b2a,2020-10-20 10:37:57,2020-10-20 오전 12:00:00,20,86131T1000,"RG3 MOLD'G W/SHLD, LH",S14,650톤-우진2호기,22,1.06,0.94,13.22,61.76,6.8,654.24,0.0,53.62,4.63,128.1,30.8,290.7,142.7,117.7,57.3,61.8,285.9,286.1,285.0,275.8,265.1,234.9,0.0,68.6,0,0,22.6,23.7,0,0,0,0,0,0,0,0
778048,5f915c276e37704af8840b2b,2020-10-20 10:37:57,2020-10-20 오전 12:00:00,21,86141T1000,"RG3 MOLD'G W/SHLD, RH",S14,650톤-우진2호기,153,1.06,0.94,13.22,61.76,6.8,654.24,0.0,53.62,4.63,128.1,30.8,290.7,142.7,117.7,57.3,61.8,285.9,286.1,285.0,275.8,265.1,234.9,0.0,68.6,0,0,22.6,23.7,0,0,0,0,0,0,0,0
778118,5f915c276e37704af8840b71,2020-10-20 10:53:24,2020-10-20 오전 12:00:00,20,86131T1000,"RG3 MOLD'G W/SHLD, LH",S14,650톤-우진2호기,22,1.06,0.93,13.12,61.78,6.8,654.25,0.0,53.62,4.63,128.3,30.9,290.8,142.5,117.2,56.7,60.8,286.7,285.7,285.0,275.0,264.2,234.8,0.0,68.5,0,0,22.7,23.8,0,0,0,0,0,0,0,0
778119,5f915c276e37704af8840b72,2020-10-20 10:53:24,2020-10-20 오전 12:00:00,21,86141T1000,"RG3 MOLD'G W/SHLD, RH",S14,650톤-우진2호기,153,1.06,0.93,13.12,61.78,6.8,654.25,0.0,53.62,4.63,128.3,30.9,290.8,142.5,117.2,56.7,60.8,286.7,285.7,285.0,275.0,264.2,234.8,0.0,68.5,0,0,22.7,23.8,0,0,0,0,0,0,0,0
778186,5f915c276e37704af8840bb5,2020-10-20 11:08:51,2020-10-20 오전 12:00:00,20,86131T1000,"RG3 MOLD'G W/SHLD, LH",S14,650톤-우진2호기,22,1.06,0.93,13.1,61.76,6.81,654.27,0.0,53.62,4.63,128.3,30.9,290.7,142.2,116.6,56.5,60.9,286.0,285.2,285.0,275.4,264.9,235.0,0.0,68.3,0,0,22.6,23.7,0,0,0,0,0,0,0,0
778187,5f915c276e37704af8840bb6,2020-10-20 11:08:51,2020-10-20 오전 12:00:00,21,86141T1000,"RG3 MOLD'G W/SHLD, RH",S14,650톤-우진2호기,153,1.06,0.93,13.1,61.76,6.81,654.27,0.0,53.62,4.63,128.3,30.9,290.7,142.2,116.6,56.5,60.9,286.0,285.2,285.0,275.4,264.9,235.0,0.0,68.3,0,0,22.6,23.7,0,0,0,0,0,0,0,0
778257,5f915c276e37704af8840bfc,2020-10-20 11:24:16,2020-10-20 오전 12:00:00,20,86131T1000,"RG3 MOLD'G W/SHLD, LH",S14,650톤-우진2호기,22,1.06,0.93,13.15,61.78,6.81,654.26,0.0,53.62,4.63,128.2,30.9,290.8,142.4,117.2,56.9,61.1,286.7,285.7,285.5,276.3,265.2,235.1,0.0,68.1,0,0,22.6,23.6,0,0,0,0,0,0,0,0
778258,5f915c276e37704af8840bfd,2020-10-20 11:24:16,2020-10-20 오전 12:00:00,21,86141T1000,"RG3 MOLD'G W/SHLD, RH",S14,650톤-우진2호기,153,1.06,0.93,13.15,61.78,6.81,654.26,0.0,53.62,4.63,128.2,30.9,290.8,142.4,117.2,56.9,61.1,286.7,285.7,285.5,276.3,265.2,235.1,0.0,68.1,0,0,22.6,23.6,0,0,0,0,0,0,0,0
778330,5f915c276e37704af8840c45,2020-10-20 11:40:45,2020-10-20 오전 12:00:00,20,86131T1000,"RG3 MOLD'G W/SHLD, LH",S14,650톤-우진2호기,22,1.06,0.93,13.11,61.78,6.81,654.28,0.0,53.6,4.63,128.4,30.9,290.7,142.1,116.9,56.1,60.3,286.5,284.8,284.9,275.2,265.0,235.3,0.0,67.8,0,0,22.4,23.4,0,0,0,0,0,0,0,0
778331,5f915c276e37704af8840c46,2020-10-20 11:40:45,2020-10-20 오전 12:00:00,21,86141T1000,"RG3 MOLD'G W/SHLD, RH",S14,650톤-우진2호기,153,1.06,0.93,13.11,61.78,6.81,654.28,0.0,53.6,4.63,128.4,30.9,290.7,142.1,116.9,56.1,60.3,286.5,284.8,284.9,275.2,265.0,235.3,0.0,67.8,0,0,22.4,23.4,0,0,0,0,0,0,0,0
778396,5f915c276e37704af8840c87,2020-10-20 11:55:10,2020-10-20 오전 12:00:00,21,86141T1000,"RG3 MOLD'G W/SHLD, RH",S14,650톤-우진2호기,153,1.05,0.93,13.1,61.74,6.81,654.24,0.0,53.61,4.63,128.6,31.0,290.7,142.0,116.4,56.3,60.5,286.1,285.4,285.0,275.2,265.0,235.4,0.0,68.0,0,0,22.2,23.3,0,0,0,0,0,0,0,0
778399,5f915c276e37704af8840c8a,2020-10-20 11:56:13,2020-10-20 오전 12:00:00,20,86131T1000,"RG3 MOLD'G W/SHLD, LH",S14,650톤-우진2호기,22,1.05,0.93,13.08,61.78,6.81,654.25,0.0,53.6,4.63,128.6,30.8,290.8,141.9,116.6,56.2,60.3,286.1,285.4,284.6,274.7,265.0,235.4,0.0,68.0,0,0,22.3,23.4,0,0,0,0,0,0,0,0
778465,5f915c276e37704af8840ccc,2020-10-20 12:10:37,2020-10-20 오전 12:00:00,20,86131T1000,"RG3 MOLD'G W/SHLD, LH",S14,650톤-우진2호기,22,1.05,0.93,13.15,61.76,6.81,654.23,0.0,53.61,4.63,128.5,30.9,290.7,142.1,117.1,56.4,60.8,286.1,284.9,285.6,276.1,264.9,235.0,0.0,67.9,0,0,22.0,23.0,0,0,0,0,0,0,0,0
778466,5f915c276e37704af8840ccd,2020-10-20 12:10:37,2020-10-20 오전 12:00:00,21,86141T1000,"RG3 MOLD'G W/SHLD, RH",S14,650톤-우진2호기,153,1.05,0.93,13.15,61.76,6.81,654.23,0.0,53.61,4.63,128.5,30.9,290.7,142.1,117.1,56.4,60.8,286.1,284.9,285.6,276.1,264.9,235.0,0.0,67.9,0,0,22.0,23.0,0,0,0,0,0,0,0,0
778547,5f915c276e37704af8840d1e,2020-10-20 12:26:03,2020-10-20 오전 12:00:00,20,86131T1000,"RG3 MOLD'G W/SHLD, LH",S14,650톤-우진2호기,22,1.05,0.93,13.13,61.74,6.81,654.24,0.0,53.61,4.63,128.5,30.9,290.6,142.1,116.8,56.4,60.8,285.8,286.2,284.9,274.5,264.9,234.7,0.0,67.8,0,0,21.8,22.8,0,0,0,0,0,0,0,0
778548,5f915c276e37704af8840d1f,2020-10-20 12:26:03,2020-10-20 오전 12:00:00,21,86141T1000,"RG3 MOLD'G W/SHLD, RH",S14,650톤-우진2호기,153,1.05,0.93,13.13,61.74,6.81,654.24,0.0,53.61,4.63,128.5,30.9,290.6,142.1,116.8,56.4,60.8,285.8,286.2,284.9,274.5,264.9,234.7,0.0,67.8,0,0,21.8,22.8,0,0,0,0,0,0,0,0
778636,5f915c276e37704af8840d77,2020-10-20 12:40:28,2020-10-20 오전 12:00:00,21,86141T1000,"RG3 MOLD'G W/SHLD, RH",S14,650톤-우진2호기,153,1.05,0.93,13.06,61.78,6.81,654.23,0.0,53.61,4.63,128.5,30.9,290.8,142.1,116.9,56.9,61.0,285.7,284.8,285.2,276.6,265.0,234.9,0.0,67.6,0,0,21.5,22.5,0,0,0,0,0,0,0,0
778641,5f915c276e37704af8840d7c,2020-10-20 12:41:30,2020-10-20 오전 12:00:00,20,86131T1000,"RG3 MOLD'G W/SHLD, LH",S14,650톤-우진2호기,22,1.05,0.93,13.05,61.76,6.81,654.24,0.0,53.62,4.63,128.5,30.9,290.6,142.2,116.9,56.8,61.3,285.9,285.4,285.6,275.9,265.1,234.9,0.0,67.7,0,0,21.5,22.4,0,0,0,0,0,0,0,0
778736,5f915c276e37704af8840ddb,2020-10-20 12:56:56,2020-10-20 오전 12:00:00,20,86131T1000,"RG3 MOLD'G W/SHLD, LH",S14,650톤-우진2호기,22,1.06,0.93,13.13,61.76,6.81,654.27,0.0,53.62,4.63,128.4,31.0,290.8,142.3,117.1,56.4,60.4,286.6,285.6,285.3,275.6,265.2,235.1,0.0,67.4,0,0,21.4,22.5,0,0,0,0,0,0,0,0
778737,5f915c276e37704af8840ddc,2020-10-20 12:56:56,2020-10-20 오전 12:00:00,21,86141T1000,"RG3 MOLD'G W/SHLD, RH",S14,650톤-우진2호기,153,1.06,0.93,13.13,61.76,6.81,654.27,0.0,53.62,4.63,128.4,31.0,290.8,142.3,117.1,56.4,60.4,286.6,285.6,285.3,275.6,265.2,235.1,0.0,67.4,0,0,21.4,22.5,0,0,0,0,0,0,0,0
778831,5f915c276e37704af8840e3a,2020-10-20 13:13:24,2020-10-20 오전 12:00:00,20,86131T1000,"RG3 MOLD'G W/SHLD, LH",S14,650톤-우진2호기,22,1.05,0.93,13.1,61.78,6.81,654.25,0.0,53.6,4.63,128.6,30.8,290.8,142.0,116.8,56.4,60.5,286.4,284.8,285.4,274.4,264.8,235.4,0.0,65.8,0,0,21.3,22.4,0,0,0,0,0,0,0,0
778832,5f915c276e37704af8840e3b,2020-10-20 13:13:24,2020-10-20 오전 12:00:00,21,86141T1000,"RG3 MOLD'G W/SHLD, RH",S14,650톤-우진2호기,153,1.05,0.93,13.1,61.78,6.81,654.25,0.0,53.6,4.63,128.6,30.8,290.8,142.0,116.8,56.4,60.5,286.4,284.8,285.4,274.4,264.8,235.4,0.0,65.8,0,0,21.3,22.4,0,0,0,0,0,0,0,0
778921,5f915c276e37704af8840e94,2020-10-20 13:27:50,2020-10-20 오전 12:00:00,21,86141T1000,"RG3 MOLD'G W/SHLD, RH",S14,650톤-우진2호기,153,1.05,0.93,13.1,61.78,6.81,654.24,0.0,53.61,4.63,128.5,30.9,290.6,142.0,116.9,56.5,61.0,286.3,285.6,284.7,275.9,264.6,235.1,0.0,67.5,0,0,21.1,22.1,0,0,0,0,0,0,0,0
778926,5f915c276e37704af8840e99,2020-10-20 13:28:52,2020-10-20 오전 12:00:00,20,86131T1000,"RG3 MOLD'G W/SHLD, LH",S14,650톤-우진2호기,22,1.05,0.93,13.09,61.78,6.81,654.25,0.0,53.6,4.63,128.6,31.0,290.8,142.0,116.8,56.6,60.8,286.3,284.6,285.6,275.8,265.1,234.9,0.0,66.8,0,0,21.1,22.1,0,0,0,0,0,0,0,0
779010,5f915c316e37704af8840eee,2020-10-20 13:43:17,2020-10-20 오전 12:00:00,20,86131T1000,"RG3 MOLD'G W/SHLD, LH",S14,650톤-우진2호기,22,1.05,0.93,13.11,61.78,6.81,654.23,0.0,53.61,4.63,128.5,31.0,290.6,142.2,116.8,56.6,61.1,285.9,285.7,284.5,275.3,264.7,235.2,0.0,67.3,0,0,21.0,22.0,0,0,0,0,0,0,0,0
779011,5f915c316e37704af8840eef,2020-10-20 13:43:17,2020-10-20 오전 12:00:00,21,86141T1000,"RG3 MOLD'G W/SHLD, RH",S14,650톤-우진2호기,153,1.05,0.93,13.11,61.78,6.81,654.23,0.0,53.61,4.63,128.5,31.0,290.6,142.2,116.8,56.6,61.1,285.9,285.7,284.5,275.3,264.7,235.2,0.0,67.3,0,0,21.0,22.0,0,0,0,0,0,0,0,0
779112,5f915c316e37704af8840f54,2020-10-20 13:59:45,2020-10-20 오전 12:00:00,20,86131T1000,"RG3 MOLD'G W/SHLD, LH",S14,650톤-우진2호기,22,1.06,0.93,13.08,61.78,6.81,654.28,0.0,53.63,4.63,128.5,31.0,290.6,142.2,116.5,56.5,61.0,285.7,284.9,285.0,274.7,265.4,235.2,0.0,67.1,0,0,21.1,21.9,0,0,0,0,0,0,0,0
779113,5f915c316e37704af8840f55,2020-10-20 13:59:45,2020-10-20 오전 12:00:00,21,86141T1000,"RG3 MOLD'G W/SHLD, RH",S14,650톤-우진2호기,153,1.06,0.93,13.08,61.78,6.81,654.28,0.0,53.63,4.63,128.5,31.0,290.6,142.2,116.5,56.5,61.0,285.7,284.9,285.0,274.7,265.4,235.2,0.0,67.1,0,0,21.1,21.9,0,0,0,0,0,0,0,0
779207,5f915c316e37704af8840fb3,2020-10-20 14:15:12,2020-10-20 오전 12:00:00,20,86131T1000,"RG3 MOLD'G W/SHLD, LH",S14,650톤-우진2호기,22,1.05,0.93,13.13,61.78,6.81,654.23,0.0,53.6,4.63,128.6,30.9,290.7,142.0,116.6,56.4,60.7,285.5,285.6,285.1,275.5,265.7,235.2,0.0,67.0,0,0,21.2,22.1,0,0,0,0,0,0,0,0
779208,5f915c316e37704af8840fb4,2020-10-20 14:15:12,2020-10-20 오전 12:00:00,21,86141T1000,"RG3 MOLD'G W/SHLD, RH",S14,650톤-우진2호기,153,1.05,0.93,13.13,61.78,6.81,654.23,0.0,53.6,4.63,128.6,30.9,290.7,142.0,116.6,56.4,60.7,285.5,285.6,285.1,275.5,265.7,235.2,0.0,67.0,0,0,21.2,22.1,0,0,0,0,0,0,0,0
779301,5f915c316e37704af8841011,2020-10-20 14:30:38,2020-10-20 오전 12:00:00,21,86141T1000,"RG3 MOLD'G W/SHLD, RH",S14,650톤-우진2호기,153,1.06,0.93,13.1,61.78,6.81,654.28,0.0,53.6,4.63,128.4,30.8,290.6,142.2,117.1,56.8,61.3,285.8,284.9,285.0,275.3,265.6,234.7,0.0,66.7,0,0,21.2,22.1,0,0,0,0,0,0,0,0
779306,5f915c316e37704af8841016,2020-10-20 14:31:40,2020-10-20 오전 12:00:00,20,86131T1000,"RG3 MOLD'G W/SHLD, LH",S14,650톤-우진2호기,22,1.06,0.93,13.02,61.78,6.81,654.27,0.0,53.62,4.63,128.4,30.9,290.8,142.3,117.0,56.5,60.7,286.0,285.4,284.5,276.5,264.6,235.2,0.0,66.8,0,0,21.2,22.2,0,0,0,0,0,0,0,0
779357,5f915c316e37704af8841049,2020-10-20 14:40:24,2020-10-20 오전 12:00:00,12,86141S8900,LX2 W/S SIDE MLD'G RH(RHD),S12,650톤-우진,0,11.45,3.33,19.93,64.32,6.09,655.0,0.0,59.67,69.64,64.9,30.4,293.9,168.9,128.3,22.3,13.7,245.1,250.1,250.3,245.0,239.9,225.2,0.0,39.5,0,0,21.1,24.1,0,0,0,0,0,0,0,0
779393,5f915c316e37704af884106d,2020-10-20 14:46:05,2020-10-20 오전 12:00:00,20,86131T1000,"RG3 MOLD'G W/SHLD, LH",S14,650톤-우진2호기,22,1.05,0.93,13.08,61.74,6.81,654.24,0.0,53.61,4.63,128.6,30.9,290.6,142.1,116.5,56.3,60.9,286.3,284.9,285.0,275.2,265.0,235.2,0.0,67.2,0,0,21.2,22.1,0,0,0,0,0,0,0,0
779394,5f915c316e37704af884106e,2020-10-20 14:46:05,2020-10-20 오전 12:00:00,21,86141T1000,"RG3 MOLD'G W/SHLD, RH",S14,650톤-우진2호기,153,1.05,0.93,13.08,61.74,6.81,654.24,0.0,53.61,4.63,128.6,30.9,290.6,142.1,116.5,56.3,60.9,286.3,284.9,285.0,275.2,265.0,235.2,0.0,67.2,0,0,21.2,22.1,0,0,0,0,0,0,0,0
779491,5f915c316e37704af88410cf,2020-10-20 15:01:32,2020-10-20 오전 12:00:00,20,86131T1000,"RG3 MOLD'G W/SHLD, LH",S14,650톤-우진2호기,22,1.06,0.93,13.11,61.78,6.81,654.28,0.0,53.61,4.63,128.7,31.0,290.8,142.2,116.9,56.4,60.6,286.2,284.8,285.1,275.9,264.9,234.9,0.0,66.6,0,0,21.4,22.4,0,0,0,0,0,0,0,0
779492,5f915c316e37704af88410d0,2020-10-20 15:01:32,2020-10-20 오전 12:00:00,21,86141T1000,"RG3 MOLD'G W/SHLD, RH",S14,650톤-우진2호기,153,1.06,0.93,13.11,61.78,6.81,654.28,0.0,53.61,4.63,128.7,31.0,290.8,142.2,116.9,56.4,60.6,286.2,284.8,285.1,275.9,264.9,234.9,0.0,66.6,0,0,21.4,22.4,0,0,0,0,0,0,0,0
779582,5f915c316e37704af884112a,2020-10-20 15:15:57,2020-10-20 오전 12:00:00,21,86141T1000,"RG3 MOLD'G W/SHLD, RH",S14,650톤-우진2호기,153,1.05,0.93,13.07,61.76,6.81,654.23,0.0,53.61,4.63,128.6,31.0,290.8,142.2,116.6,56.6,60.7,286.1,285.1,284.7,275.0,264.9,235.2,0.0,66.5,0,0,21.2,22.2,0,0,0,0,0,0,0,0
779587,5f915c316e37704af884112f,2020-10-20 15:16:57,2020-10-20 오전 12:00:00,20,86131T1000,"RG3 MOLD'G W/SHLD, LH",S14,650톤-우진2호기,22,1.05,0.93,13.12,61.74,6.81,654.23,0.0,53.6,4.63,128.6,30.9,290.6,142.1,116.9,56.6,61.2,286.2,286.0,285.5,275.0,264.9,235.2,0.0,67.0,0,0,21.3,22.4,0,0,0,0,0,0,0,0
779676,5f915c316e37704af8841188,2020-10-20 15:31:24,2020-10-20 오전 12:00:00,20,86131T1000,"RG3 MOLD'G W/SHLD, LH",S14,650톤-우진2호기,22,1.06,0.93,13.03,61.78,6.81,654.28,0.0,53.62,4.63,128.5,30.9,290.7,142.2,116.8,56.6,61.0,285.6,286.0,284.5,274.8,265.4,234.8,0.0,66.4,0,0,21.2,22.2,0,0,0,0,0,0,0,0
779677,5f915c316e37704af8841189,2020-10-20 15:31:24,2020-10-20 오전 12:00:00,21,86141T1000,"RG3 MOLD'G W/SHLD, RH",S14,650톤-우진2호기,153,1.06,0.93,13.03,61.78,6.81,654.28,0.0,53.62,4.63,128.5,30.9,290.7,142.2,116.8,56.6,61.0,285.6,286.0,284.5,274.8,265.4,234.8,0.0,66.4,0,0,21.2,22.2,0,0,0,0,0,0,0,0
779772,5f915c316e37704af88411e8,2020-10-20 15:46:49,2020-10-20 오전 12:00:00,20,86131T1000,"RG3 MOLD'G W/SHLD, LH",S14,650톤-우진2호기,22,1.05,0.93,13.13,61.76,6.81,654.23,0.0,53.63,4.63,128.5,30.8,290.7,142.2,116.8,56.4,60.9,285.5,285.7,284.5,275.6,264.9,234.9,0.0,66.4,0,0,21.3,22.2,0,0,0,0,0,0,0,0
779773,5f915c316e37704af88411e9,2020-10-20 15:46:49,2020-10-20 오전 12:00:00,21,86141T1000,"RG3 MOLD'G W/SHLD, RH",S14,650톤-우진2호기,153,1.05,0.93,13.13,61.76,6.81,654.23,0.0,53.63,4.63,128.5,30.8,290.7,142.2,116.8,56.4,60.9,285.5,285.7,284.5,275.6,264.9,234.9,0.0,66.4,0,0,21.3,22.2,0,0,0,0,0,0,0,0
779866,5f915c316e37704af8841246,2020-10-20 16:01:16,2020-10-20 오전 12:00:00,21,86141T1000,"RG3 MOLD'G W/SHLD, RH",S14,650톤-우진2호기,153,1.06,0.93,13.1,61.76,6.81,654.27,0.0,53.62,4.63,128.6,31.0,290.7,142.4,116.9,56.4,60.7,285.5,285.4,284.6,275.7,264.6,235.1,0.0,66.4,0,0,21.3,22.1,0,0,0,0,0,0,0,0
779872,5f915c316e37704af884124c,2020-10-20 16:02:18,2020-10-20 오전 12:00:00,20,86131T1000,"RG3 MOLD'G W/SHLD, LH",S14,650톤-우진2호기,22,1.06,0.93,13.06,61.78,6.81,654.28,0.0,53.6,4.63,128.6,30.8,290.6,142.2,116.9,56.5,61.0,286.3,284.8,284.7,276.0,264.9,235.1,0.0,66.4,0,0,21.3,22.2,0,0,0,0,0,0,0,0
779961,5f915c316e37704af88412a5,2020-10-20 16:16:41,2020-10-20 오전 12:00:00,21,86141T1000,"RG3 MOLD'G W/SHLD, RH",S14,650톤-우진2호기,153,1.05,0.93,13.05,61.78,6.81,654.24,0.0,53.61,4.63,128.6,30.9,290.7,142.0,116.5,56.2,60.5,286.8,284.7,284.7,274.5,264.8,235.0,0.0,66.9,0,0,21.3,22.2,0,0,0,0,0,0,0,0
779967,5f915c316e37704af88412ab,2020-10-20 16:17:44,2020-10-20 오전 12:00:00,20,86131T1000,"RG3 MOLD'G W/SHLD, LH",S14,650톤-우진2호기,22,1.05,0.93,13.08,61.76,6.81,654.23,0.0,53.61,4.63,128.5,30.8,290.7,142.2,116.6,56.2,60.7,285.8,285.7,285.4,274.5,264.9,234.8,0.0,65.9,0,0,21.3,22.2,0,0,0,0,0,0,0,0
780052,5f915c3b6e37704af8841301,2020-10-20 16:32:08,2020-10-20 오전 12:00:00,20,86131T1000,"RG3 MOLD'G W/SHLD, LH",S14,650톤-우진2호기,22,1.06,0.93,13.02,61.78,6.81,654.28,0.0,53.62,4.63,128.7,30.8,290.7,142.3,116.8,56.6,61.1,285.7,285.8,285.0,276.0,265.0,234.8,0.0,65.8,0,0,21.3,22.3,0,0,0,0,0,0,0,0
780060,5f915c3b6e37704af8841309,2020-10-20 16:33:11,2020-10-20 오전 12:00:00,21,86141T1000,"RG3 MOLD'G W/SHLD, RH",S14,650톤-우진2호기,153,1.05,0.93,13.08,61.78,6.81,654.23,0.0,53.61,4.63,128.5,31.0,290.7,142.2,116.7,56.4,60.8,285.9,284.7,284.7,275.5,265.6,235.2,0.0,66.4,0,0,21.4,22.2,0,0,0,0,0,0,0,0
780150,5f915c3b6e37704af8841363,2020-10-20 16:47:36,2020-10-20 오전 12:00:00,20,86131T1000,"RG3 MOLD'G W/SHLD, LH",S14,650톤-우진2호기,22,1.05,0.93,13.06,61.74,6.81,654.24,0.0,53.61,4.63,128.5,30.9,290.6,142.1,116.7,56.3,60.7,285.8,285.8,284.9,274.7,264.9,235.4,0.0,66.3,0,0,21.2,22.1,0,0,0,0,0,0,0,0
780151,5f915c3b6e37704af8841364,2020-10-20 16:47:36,2020-10-20 오전 12:00:00,21,86141T1000,"RG3 MOLD'G W/SHLD, RH",S14,650톤-우진2호기,153,1.05,0.93,13.06,61.74,6.81,654.24,0.0,53.61,4.63,128.5,30.9,290.6,142.1,116.7,56.3,60.7,285.8,285.8,284.9,274.7,264.9,235.4,0.0,66.3,0,0,21.2,22.1,0,0,0,0,0,0,0,0
780246,5f915c3b6e37704af88413c3,2020-10-20 17:03:01,2020-10-20 오전 12:00:00,20,86131T1000,"RG3 MOLD'G W/SHLD, LH",S14,650톤-우진2호기,22,1.05,0.93,13.02,61.76,6.81,654.23,0.0,53.63,4.63,128.5,30.8,290.7,142.2,116.4,56.2,60.6,285.6,284.8,285.1,275.7,265.1,234.8,0.0,66.3,0,0,21.2,22.3,0,0,0,0,0,0,0,0
780247,5f915c3b6e37704af88413c4,2020-10-20 17:03:01,2020-10-20 오전 12:00:00,21,86141T1000,"RG3 MOLD'G W/SHLD, RH",S14,650톤-우진2호기,153,1.05,0.93,13.02,61.76,6.81,654.23,0.0,53.63,4.63,128.5,30.8,290.7,142.2,116.4,56.2,60.6,285.6,284.8,285.1,275.7,265.1,234.8,0.0,66.3,0,0,21.2,22.3,0,0,0,0,0,0,0,0
780334,5f915c3b6e37704af884141b,2020-10-20 17:17:26,2020-10-20 오전 12:00:00,20,86131T1000,"RG3 MOLD'G W/SHLD, LH",S14,650톤-우진2호기,22,1.06,0.93,13.1,61.78,6.81,654.28,0.0,53.61,4.63,128.5,30.9,290.7,142.2,116.7,56.5,60.8,286.0,285.9,285.2,275.2,264.3,235.4,0.0,66.3,0,0,21.2,22.1,0,0,0,0,0,0,0,0
780342,5f915c3b6e37704af8841423,2020-10-20 17:18:28,2020-10-20 오전 12:00:00,21,86141T1000,"RG3 MOLD'G W/SHLD, RH",S14,650톤-우진2호기,153,1.05,0.93,13.03,61.76,6.81,654.23,0.0,53.61,4.63,128.5,30.8,290.6,142.2,116.9,56.2,60.6,286.0,285.1,285.0,275.9,265.8,235.0,0.0,66.4,0,0,21.3,22.1,0,0,0,0,0,0,0,0
780433,5f915c3b6e37704af884147e,2020-10-20 17:32:53,2020-10-20 오전 12:00:00,20,86131T1000,"RG3 MOLD'G W/SHLD, LH",S14,650톤-우진2호기,22,1.05,0.93,13.09,61.78,6.81,654.24,0.0,53.61,4.63,128.6,30.8,290.6,142.2,116.6,56.3,61.1,285.8,285.6,284.4,275.3,265.0,234.7,0.0,66.3,0,0,21.2,22.2,0,0,0,0,0,0,0,0
780434,5f915c3b6e37704af884147f,2020-10-20 17:32:53,2020-10-20 오전 12:00:00,21,86141T1000,"RG3 MOLD'G W/SHLD, RH",S14,650톤-우진2호기,153,1.05,0.93,13.09,61.78,6.81,654.24,0.0,53.61,4.63,128.6,30.8,290.6,142.2,116.6,56.3,61.1,285.8,285.6,284.4,275.3,265.0,234.7,0.0,66.3,0,0,21.2,22.2,0,0,0,0,0,0,0,0
780529,5f915c3b6e37704af88414de,2020-10-20 17:48:21,2020-10-20 오전 12:00:00,20,86131T1000,"RG3 MOLD'G W/SHLD, LH",S14,650톤-우진2호기,22,1.05,0.93,13.03,61.78,6.81,654.23,0.0,53.6,4.63,128.5,30.8,290.7,142.1,116.5,56.3,60.8,286.3,285.8,285.1,275.8,265.1,234.9,0.0,66.3,0,0,21.2,22.1,0,0,0,0,0,0,0,0
780530,5f915c3b6e37704af88414df,2020-10-20 17:48:21,2020-10-20 오전 12:00:00,21,86141T1000,"RG3 MOLD'G W/SHLD, RH",S14,650톤-우진2호기,153,1.05,0.93,13.03,61.78,6.81,654.23,0.0,53.6,4.63,128.5,30.8,290.7,142.1,116.5,56.3,60.8,286.3,285.8,285.1,275.8,265.1,234.9,0.0,66.3,0,0,21.2,22.1,0,0,0,0,0,0,0,0
780618,5f915c3b6e37704af8841537,2020-10-20 18:02:45,2020-10-20 오전 12:00:00,20,86131T1000,"RG3 MOLD'G W/SHLD, LH",S14,650톤-우진2호기,22,1.06,0.93,13.1,61.78,6.81,654.28,0.0,53.61,4.63,128.4,30.9,290.7,142.5,116.8,56.5,60.8,286.5,284.6,285.0,274.7,265.1,234.6,0.0,65.4,0,0,21.2,22.2,0,0,0,0,0,0,0,0
780626,5f915c3b6e37704af884153f,2020-10-20 18:03:46,2020-10-20 오전 12:00:00,21,86141T1000,"RG3 MOLD'G W/SHLD, RH",S14,650톤-우진2호기,153,1.06,0.93,13.07,61.78,6.81,654.27,0.0,53.62,4.63,128.4,30.9,290.6,142.4,116.7,56.3,60.8,285.9,284.7,285.1,275.4,264.2,235.0,0.0,65.6,0,0,21.1,22.0,0,0,0,0,0,0,0,0
780715,5f915c3b6e37704af8841598,2020-10-20 18:18:10,2020-10-20 오전 12:00:00,20,86131T1000,"RG3 MOLD'G W/SHLD, LH",S14,650톤-우진2호기,22,1.05,0.93,13.06,61.76,6.81,654.23,0.0,53.6,4.63,128.5,30.9,290.6,142.1,116.5,56.1,60.5,285.7,284.8,284.6,274.9,264.8,235.0,0.0,66.4,0,0,21.3,22.2,0,0,0,0,0,0,0,0
780723,5f915c3b6e37704af88415a0,2020-10-20 18:19:13,2020-10-20 오전 12:00:00,21,86141T1000,"RG3 MOLD'G W/SHLD, RH",S14,650톤-우진2호기,153,1.06,0.93,13.06,61.78,6.81,654.28,0.0,53.61,4.63,128.5,30.8,290.6,142.2,116.6,56.4,60.9,285.7,285.8,284.5,274.7,264.9,234.9,0.0,66.6,0,0,21.3,22.1,0,0,0,0,0,0,0,0
780816,5f915c3b6e37704af88415fd,2020-10-20 18:34:38,2020-10-20 오전 12:00:00,20,86131T1000,"RG3 MOLD'G W/SHLD, LH",S14,650톤-우진2호기,22,1.06,0.93,13.04,61.8,6.81,654.28,0.0,53.61,4.63,128.8,31.0,290.6,142.2,116.4,56.2,60.7,286.2,285.1,285.6,275.2,265.0,235.3,0.0,66.1,0,0,21.4,22.3,0,0,0,0,0,0,0,0
780817,5f915c3b6e37704af88415fe,2020-10-20 18:34:38,2020-10-20 오전 12:00:00,21,86141T1000,"RG3 MOLD'G W/SHLD, RH",S14,650톤-우진2호기,153,1.06,0.93,13.04,61.8,6.81,654.28,0.0,53.61,4.63,128.8,31.0,290.6,142.2,116.4,56.2,60.7,286.2,285.1,285.6,275.2,265.0,235.3,0.0,66.1,0,0,21.4,22.3,0,0,0,0,0,0,0,0
780910,5f915c3b6e37704af884165b,2020-10-20 18:50:07,2020-10-20 오전 12:00:00,20,86131T1000,"RG3 MOLD'G W/SHLD, LH",S14,650톤-우진2호기,22,1.06,0.93,13.12,61.78,6.81,654.26,0.0,53.68,4.63,128.6,31.0,290.6,142.5,116.7,56.5,61.1,285.5,285.8,285.0,274.9,265.2,234.7,0.0,66.8,0,0,21.1,22.0,0,0,0,0,0,0,0,0
780911,5f915c3b6e37704af884165c,2020-10-20 18:50:07,2020-10-20 오전 12:00:00,21,86141T1000,"RG3 MOLD'G W/SHLD, RH",S14,650톤-우진2호기,153,1.06,0.93,13.12,61.78,6.81,654.26,0.0,53.68,4.63,128.6,31.0,290.6,142.5,116.7,56.5,61.1,285.5,285.8,285.0,274.9,265.2,234.7,0.0,66.8,0,0,21.1,22.0,0,0,0,0,0,0,0,0
781007,5f915c456e37704af88416bd,2020-10-20 19:05:32,2020-10-20 오전 12:00:00,20,86131T1000,"RG3 MOLD'G W/SHLD, LH",S14,650톤-우진2호기,22,1.06,0.93,13.13,61.78,6.81,654.26,0.0,53.66,4.63,128.5,31.0,290.6,142.4,116.8,56.4,60.9,286.1,286.0,284.9,275.0,264.7,235.0,0.0,66.1,0,0,21.2,22.0,0,0,0,0,0,0,0,0
781015,5f915c456e37704af88416c5,2020-10-20 19:06:35,2020-10-20 오전 12:00:00,21,86141T1000,"RG3 MOLD'G W/SHLD, RH",S14,650톤-우진2호기,153,1.06,0.93,13.05,61.75,6.81,654.28,0.0,53.65,4.63,128.7,30.9,290.8,142.3,116.7,56.5,60.6,286.3,285.4,285.3,275.3,265.2,235.2,0.0,66.0,0,0,21.1,22.0,0,0,0,0,0,0,0,0
781103,5f915c456e37704af884171d,2020-10-20 19:21:00,2020-10-20 오전 12:00:00,20,86131T1000,"RG3 MOLD'G W/SHLD, LH",S14,650톤-우진2호기,22,1.06,0.93,13.1,61.78,6.81,654.27,0.0,53.67,4.63,128.6,30.9,290.7,142.4,116.6,56.1,60.5,286.2,285.0,285.0,274.9,264.8,235.0,0.0,65.0,0,0,21.1,22.0,0,0,0,0,0,0,0,0
781104,5f915c456e37704af884171e,2020-10-20 19:21:00,2020-10-20 오전 12:00:00,21,86141T1000,"RG3 MOLD'G W/SHLD, RH",S14,650톤-우진2호기,153,1.06,0.93,13.1,61.78,6.81,654.27,0.0,53.67,4.63,128.6,30.9,290.7,142.4,116.6,56.1,60.5,286.2,285.0,285.0,274.9,264.8,235.0,0.0,65.0,0,0,21.1,22.0,0,0,0,0,0,0,0,0
781199,5f915c456e37704af884177d,2020-10-20 19:36:25,2020-10-20 오전 12:00:00,20,86131T1000,"RG3 MOLD'G W/SHLD, LH",S14,650톤-우진2호기,22,1.06,0.93,13.07,61.78,6.81,654.27,0.0,53.66,4.63,128.6,30.9,290.6,142.3,116.7,56.5,61.1,286.0,285.1,284.8,275.3,265.6,235.0,0.0,67.0,0,0,21.1,22.0,0,0,0,0,0,0,0,0
781200,5f915c456e37704af884177e,2020-10-20 19:36:25,2020-10-20 오전 12:00:00,21,86141T1000,"RG3 MOLD'G W/SHLD, RH",S14,650톤-우진2호기,153,1.06,0.93,13.07,61.78,6.81,654.27,0.0,53.66,4.63,128.6,30.9,290.6,142.3,116.7,56.5,61.1,286.0,285.1,284.8,275.3,265.6,235.0,0.0,67.0,0,0,21.1,22.0,0,0,0,0,0,0,0,0
781284,5f915c456e37704af88417d2,2020-10-20 19:50:51,2020-10-20 오전 12:00:00,20,86131T1000,"RG3 MOLD'G W/SHLD, LH",S14,650톤-우진2호기,22,1.06,0.93,13.07,61.78,6.8,654.27,0.0,53.67,4.63,128.6,30.8,290.6,142.4,116.7,56.0,60.4,285.8,284.9,284.6,274.8,264.8,234.9,0.0,66.1,0,0,21.1,22.0,0,0,0,0,0,0,0,0
781291,5f915c456e37704af88417d9,2020-10-20 19:51:54,2020-10-20 오전 12:00:00,21,86141T1000,"RG3 MOLD'G W/SHLD, RH",S14,650톤-우진2호기,153,1.06,0.93,13.05,61.78,6.8,654.26,0.0,53.67,4.63,128.5,30.9,290.6,142.5,116.8,56.3,60.8,286.4,285.6,285.1,275.0,265.7,234.7,0.0,66.8,0,0,21.1,22.0,0,0,0,0,0,0,0,0
781384,5f915c456e37704af8841836,2020-10-20 20:07:20,2020-10-20 오전 12:00:00,20,86131T1000,"RG3 MOLD'G W/SHLD, LH",S14,650톤-우진2호기,22,1.06,0.93,13.01,61.78,6.8,654.27,0.0,53.65,4.63,128.7,30.9,290.5,142.1,116.3,55.8,60.4,285.7,285.6,284.8,274.5,265.4,235.2,0.0,66.4,0,0,21.1,22.0,0,0,0,0,0,0,0,0
781385,5f915c456e37704af8841837,2020-10-20 20:07:20,2020-10-20 오전 12:00:00,21,86141T1000,"RG3 MOLD'G W/SHLD, RH",S14,650톤-우진2호기,153,1.06,0.93,13.01,61.78,6.8,654.27,0.0,53.65,4.63,128.7,30.9,290.5,142.1,116.3,55.8,60.4,285.7,285.6,284.8,274.5,265.4,235.2,0.0,66.4,0,0,21.1,22.0,0,0,0,0,0,0,0,0
781484,5f915c456e37704af884189a,2020-10-20 20:23:47,2020-10-20 오전 12:00:00,20,86131T1000,"RG3 MOLD'G W/SHLD, LH",S14,650톤-우진2호기,22,1.05,0.93,13.07,61.78,6.8,654.24,0.0,53.63,4.63,128.7,30.9,290.6,142.1,116.2,56.1,60.8,285.7,284.8,285.0,275.5,265.0,235.0,0.0,66.0,0,0,21.1,22.0,0,0,0,0,0,0,0,0
781485,5f915c456e37704af884189b,2020-10-20 20:23:47,2020-10-20 오전 12:00:00,21,86141T1000,"RG3 MOLD'G W/SHLD, RH",S14,650톤-우진2호기,153,1.05,0.93,13.07,61.78,6.8,654.24,0.0,53.63,4.63,128.7,30.9,290.6,142.1,116.2,56.1,60.8,285.7,284.8,285.0,275.5,265.0,235.0,0.0,66.0,0,0,21.1,22.0,0,0,0,0,0,0,0,0
781534,5f915c456e37704af88418cc,2020-10-20 20:31:58,2020-10-20 오전 12:00:00,12,86141S8900,LX2 W/S SIDE MLD'G RH(RHD),S12,650톤-우진,0,11.44,3.33,19.92,64.32,6.08,655.0,0.0,59.68,69.64,65.0,30.4,293.9,168.8,128.1,22.1,13.6,245.1,249.9,250.3,245.1,240.0,225.1,0.0,39.1,0,0,19.3,22.6,0,0,0,0,0,0,0,0
781573,5f915c456e37704af88418f3,2020-10-20 20:38:12,2020-10-20 오전 12:00:00,20,86131T1000,"RG3 MOLD'G W/SHLD, LH",S14,650톤-우진2호기,22,1.06,0.93,13.0,61.78,6.8,654.26,0.0,53.64,4.63,128.6,30.9,290.7,142.5,116.7,56.0,60.3,285.9,285.7,284.7,275.1,265.0,234.9,0.0,66.0,0,0,21.2,22.0,0,0,0,0,0,0,0,0
781580,5f915c456e37704af88418fa,2020-10-20 20:39:15,2020-10-20 오전 12:00:00,21,86141T1000,"RG3 MOLD'G W/SHLD, RH",S14,650톤-우진2호기,153,1.06,0.93,13.04,61.78,6.8,654.26,0.0,53.65,4.63,128.6,30.9,290.7,142.5,116.7,56.4,60.9,286.0,285.4,285.0,275.9,264.7,235.0,0.0,66.0,0,0,21.1,22.0,0,0,0,0,0,0,0,0
781670,5f915c456e37704af8841954,2020-10-20 20:53:38,2020-10-20 오전 12:00:00,20,86131T1000,"RG3 MOLD'G W/SHLD, LH",S14,650톤-우진2호기,22,1.05,0.93,13.06,61.72,6.8,654.24,0.0,53.61,4.63,128.5,30.8,290.7,142.2,116.3,56.2,60.5,286.1,285.0,284.9,274.6,265.0,234.7,0.0,66.3,0,0,21.1,21.9,0,0,0,0,0,0,0,0
781671,5f915c456e37704af8841955,2020-10-20 20:53:38,2020-10-20 오전 12:00:00,21,86141T1000,"RG3 MOLD'G W/SHLD, RH",S14,650톤-우진2호기,153,1.05,0.93,13.06,61.72,6.8,654.24,0.0,53.61,4.63,128.5,30.8,290.7,142.2,116.3,56.2,60.5,286.1,285.0,284.9,274.6,265.0,234.7,0.0,66.3,0,0,21.1,21.9,0,0,0,0,0,0,0,0
781764,5f915c456e37704af88419b2,2020-10-20 21:09:06,2020-10-20 오전 12:00:00,20,86131T1000,"RG3 MOLD'G W/SHLD, LH",S14,650톤-우진2호기,22,1.06,0.93,13.03,61.78,6.8,654.27,0.0,53.62,4.63,128.6,30.9,290.6,142.4,116.5,56.3,60.9,286.0,285.6,285.3,276.5,265.2,235.1,0.0,65.5,0,0,21.0,21.8,0,0,0,0,0,0,0,0
781765,5f915c456e37704af88419b3,2020-10-20 21:09:06,2020-10-20 오전 12:00:00,21,86141T1000,"RG3 MOLD'G W/SHLD, RH",S14,650톤-우진2호기,153,1.06,0.93,13.03,61.78,6.8,654.27,0.0,53.62,4.63,128.6,30.9,290.6,142.4,116.5,56.3,60.9,286.0,285.6,285.3,276.5,265.2,235.1,0.0,65.5,0,0,21.0,21.8,0,0,0,0,0,0,0,0
781861,5f915c456e37704af8841a13,2020-10-20 21:24:33,2020-10-20 오전 12:00:00,20,86131T1000,"RG3 MOLD'G W/SHLD, LH",S14,650톤-우진2호기,22,1.06,0.93,13.02,61.78,6.8,654.27,0.0,53.63,4.63,128.6,30.8,290.7,142.4,116.2,55.8,60.2,286.4,285.6,284.9,274.7,265.0,234.8,0.0,66.6,0,0,21.1,21.9,0,0,0,0,0,0,0,0
781862,5f915c456e37704af8841a14,2020-10-20 21:24:33,2020-10-20 오전 12:00:00,21,86141T1000,"RG3 MOLD'G W/SHLD, RH",S14,650톤-우진2호기,153,1.06,0.93,13.02,61.78,6.8,654.27,0.0,53.63,4.63,128.6,30.8,290.7,142.4,116.2,55.8,60.2,286.4,285.6,284.9,274.7,265.0,234.8,0.0,66.6,0,0,21.1,21.9,0,0,0,0,0,0,0,0
781952,5f915c456e37704af8841a6e,2020-10-20 21:38:56,2020-10-20 오전 12:00:00,20,86131T1000,"RG3 MOLD'G W/SHLD, LH",S14,650톤-우진2호기,22,1.06,0.93,13.04,61.78,6.8,654.27,0.0,53.62,4.63,128.4,30.8,290.7,142.3,116.5,56.2,60.8,286.8,285.8,285.0,276.0,265.4,234.9,0.0,65.7,0,0,21.1,21.9,0,0,0,0,0,0,0,0
781953,5f915c456e37704af8841a6f,2020-10-20 21:38:56,2020-10-20 오전 12:00:00,21,86141T1000,"RG3 MOLD'G W/SHLD, RH",S14,650톤-우진2호기,153,1.06,0.93,13.04,61.78,6.8,654.27,0.0,53.62,4.63,128.4,30.8,290.7,142.3,116.5,56.2,60.8,286.8,285.8,285.0,276.0,265.4,234.9,0.0,65.7,0,0,21.1,21.9,0,0,0,0,0,0,0,0
782048,5f915c4f6e37704af8841acf,2020-10-20 21:54:24,2020-10-20 오전 12:00:00,20,86131T1000,"RG3 MOLD'G W/SHLD, LH",S14,650톤-우진2호기,22,1.06,0.93,13.04,61.69,6.8,654.26,0.0,53.6,4.63,128.5,30.9,290.6,142.6,116.6,56.3,60.9,286.2,284.5,284.7,274.9,265.7,235.4,0.0,66.8,0,0,21.0,21.9,0,0,0,0,0,0,0,0
782049,5f915c4f6e37704af8841ad0,2020-10-20 21:54:24,2020-10-20 오전 12:00:00,21,86141T1000,"RG3 MOLD'G W/SHLD, RH",S14,650톤-우진2호기,153,1.06,0.93,13.04,61.69,6.8,654.26,0.0,53.6,4.63,128.5,30.9,290.6,142.6,116.6,56.3,60.9,286.2,284.5,284.7,274.9,265.7,235.4,0.0,66.8,0,0,21.0,21.9,0,0,0,0,0,0,0,0
782146,5f915c4f6e37704af8841b31,2020-10-20 22:09:49,2020-10-20 오전 12:00:00,20,86131T1000,"RG3 MOLD'G W/SHLD, LH",S14,650톤-우진2호기,22,1.06,0.93,13.02,61.74,6.8,654.27,0.0,53.63,4.63,128.5,30.9,290.6,142.4,116.1,55.8,60.4,285.2,284.8,284.7,274.8,264.9,235.0,0.0,66.7,0,0,21.0,21.8,0,0,0,0,0,0,0,0
782147,5f915c4f6e37704af8841b32,2020-10-20 22:09:49,2020-10-20 오전 12:00:00,21,86141T1000,"RG3 MOLD'G W/SHLD, RH",S14,650톤-우진2호기,153,1.06,0.93,13.02,61.74,6.8,654.27,0.0,53.63,4.63,128.5,30.9,290.6,142.4,116.1,55.8,60.4,285.2,284.8,284.7,274.8,264.9,235.0,0.0,66.7,0,0,21.0,21.8,0,0,0,0,0,0,0,0
782236,5f915c4f6e37704af8841b8b,2020-10-20 22:24:14,2020-10-20 오전 12:00:00,20,86131T1000,"RG3 MOLD'G W/SHLD, LH",S14,650톤-우진2호기,22,1.06,0.93,13.01,61.72,6.8,654.26,0.0,53.62,4.63,128.3,30.8,290.7,142.5,116.7,56.3,60.6,285.8,284.7,284.9,275.9,264.6,235.0,0.0,65.8,0,0,21.1,22.0,0,0,0,0,0,0,0,0
782243,5f915c4f6e37704af8841b92,2020-10-20 22:25:16,2020-10-20 오전 12:00:00,21,86141T1000,"RG3 MOLD'G W/SHLD, RH",S14,650톤-우진2호기,153,1.06,0.93,12.99,61.72,6.8,654.26,0.0,53.62,4.63,128.3,30.8,290.7,142.6,116.7,56.4,61.0,285.3,285.6,285.0,276.0,264.9,234.4,0.0,65.5,0,0,21.2,22.0,0,0,0,0,0,0,0,0
782337,5f915c4f6e37704af8841bf0,2020-10-20 22:40:41,2020-10-20 오전 12:00:00,20,86131T1000,"RG3 MOLD'G W/SHLD, LH",S14,650톤-우진2호기,22,1.06,0.93,13.01,61.72,6.8,654.26,0.0,53.61,4.63,128.3,30.9,290.6,142.5,116.5,55.9,60.5,286.5,285.8,285.2,274.4,265.1,234.7,0.0,66.8,0,0,21.0,21.8,0,0,0,0,0,0,0,0
782338,5f915c4f6e37704af8841bf1,2020-10-20 22:40:41,2020-10-20 오전 12:00:00,21,86141T1000,"RG3 MOLD'G W/SHLD, RH",S14,650톤-우진2호기,153,1.06,0.93,13.01,61.72,6.8,654.26,0.0,53.61,4.63,128.3,30.9,290.6,142.5,116.5,55.9,60.5,286.5,285.8,285.2,274.4,265.1,234.7,0.0,66.8,0,0,21.0,21.8,0,0,0,0,0,0,0,0
782433,5f915c4f6e37704af8841c50,2020-10-20 22:56:07,2020-10-20 오전 12:00:00,20,86131T1000,"RG3 MOLD'G W/SHLD, LH",S14,650톤-우진2호기,22,1.06,0.93,12.99,61.78,6.81,654.28,0.0,53.61,4.63,128.5,30.8,290.7,142.2,116.2,55.8,60.2,286.5,284.8,285.6,274.4,265.4,235.1,0.0,65.6,0,0,21.0,21.8,0,0,0,0,0,0,0,0
782434,5f915c4f6e37704af8841c51,2020-10-20 22:56:07,2020-10-20 오전 12:00:00,21,86141T1000,"RG3 MOLD'G W/SHLD, RH",S14,650톤-우진2호기,153,1.06,0.93,12.99,61.78,6.81,654.28,0.0,53.61,4.63,128.5,30.8,290.7,142.2,116.2,55.8,60.2,286.5,284.8,285.6,274.4,265.4,235.1,0.0,65.6,0,0,21.0,21.8,0,0,0,0,0,0,0,0
782529,5f915c4f6e37704af8841cb0,2020-10-20 23:11:34,2020-10-20 오전 12:00:00,20,86131T1000,"RG3 MOLD'G W/SHLD, LH",S14,650톤-우진2호기,22,1.06,0.93,13.03,61.76,6.8,654.27,0.0,53.6,4.63,128.6,30.9,290.6,142.4,116.5,56.3,60.9,286.2,284.9,284.5,275.9,265.0,235.2,0.0,65.9,0,0,21.1,22.0,0,0,0,0,0,0,0,0
782530,5f915c4f6e37704af8841cb1,2020-10-20 23:11:34,2020-10-20 오전 12:00:00,21,86141T1000,"RG3 MOLD'G W/SHLD, RH",S14,650톤-우진2호기,153,1.06,0.93,13.03,61.76,6.8,654.27,0.0,53.6,4.63,128.6,30.9,290.6,142.4,116.5,56.3,60.9,286.2,284.9,284.5,275.9,265.0,235.2,0.0,65.9,0,0,21.1,22.0,0,0,0,0,0,0,0,0
782620,5f915c4f6e37704af8841d0b,2020-10-20 23:25:59,2020-10-21 오전 12:00:00,17,86131T1000,"RG3 MOLD'G W/SHLD, LH",S14,650톤-우진2호기,3,1.06,0.93,13.05,61.96,6.81,654.26,0.0,53.62,4.63,128.3,30.9,290.6,142.6,116.4,55.9,60.5,286.5,284.7,284.7,273.9,264.2,235.0,0.0,65.2,0,0,21.0,21.9,0,0,0,0,0,0,0,0
782621,5f915c4f6e37704af8841d0c,2020-10-20 23:25:59,2020-10-21 오전 12:00:00,18,86141T1000,"RG3 MOLD'G W/SHLD, RH",S14,650톤-우진2호기,86,1.06,0.93,13.05,61.96,6.81,654.26,0.0,53.62,4.63,128.3,30.9,290.6,142.6,116.4,55.9,60.5,286.5,284.7,284.7,273.9,264.2,235.0,0.0,65.2,0,0,21.0,21.9,0,0,0,0,0,0,0,0
782715,5f915c4f6e37704af8841d6a,2020-10-20 23:41:25,2020-10-21 오전 12:00:00,17,86131T1000,"RG3 MOLD'G W/SHLD, LH",S14,650톤-우진2호기,3,1.06,0.93,13.0,61.78,6.81,654.28,0.0,53.62,4.63,128.4,30.8,290.7,142.4,116.0,55.7,60.2,285.9,284.7,285.0,275.8,264.8,234.7,0.0,65.7,0,0,21.1,22.0,0,0,0,0,0,0,0,0
782716,5f915c4f6e37704af8841d6b,2020-10-20 23:41:25,2020-10-21 오전 12:00:00,18,86141T1000,"RG3 MOLD'G W/SHLD, RH",S14,650톤-우진2호기,86,1.06,0.93,13.0,61.78,6.81,654.28,0.0,53.62,4.63,128.4,30.8,290.7,142.4,116.0,55.7,60.2,285.9,284.7,285.0,275.8,264.8,234.7,0.0,65.7,0,0,21.1,22.0,0,0,0,0,0,0,0,0
782809,5f915c4f6e37704af8841dc8,2020-10-20 23:56:53,2020-10-21 오전 12:00:00,17,86131T1000,"RG3 MOLD'G W/SHLD, LH",S14,650톤-우진2호기,3,1.06,0.93,13.0,61.78,6.81,654.26,0.0,53.61,4.63,128.3,30.7,290.6,142.5,116.3,55.8,60.4,285.6,284.9,285.0,275.5,265.1,235.1,0.0,65.8,0,0,21.0,21.9,0,0,0,0,0,0,0,0
782810,5f915c4f6e37704af8841dc9,2020-10-20 23:56:53,2020-10-21 오전 12:00:00,18,86141T1000,"RG3 MOLD'G W/SHLD, RH",S14,650톤-우진2호기,86,1.06,0.93,13.0,61.78,6.81,654.26,0.0,53.61,4.63,128.3,30.7,290.6,142.5,116.3,55.8,60.4,285.6,284.9,285.0,275.5,265.1,235.1,0.0,65.8,0,0,21.0,21.9,0,0,0,0,0,0,0,0
782900,5f915c4f6e37704af8841e23,2020-10-21 00:11:17,2020-10-21 오전 12:00:00,17,86131T1000,"RG3 MOLD'G W/SHLD, LH",S14,650톤-우진2호기,3,1.05,0.93,13.03,61.76,6.81,654.23,0.0,53.6,4.63,128.5,30.8,290.6,142.2,116.0,55.8,60.6,285.7,284.9,285.0,275.7,264.4,235.0,0.0,66.3,0,0,21.1,22.0,0,0,0,0,0,0,0,0
782901,5f915c4f6e37704af8841e24,2020-10-21 00:11:17,2020-10-21 오전 12:00:00,18,86141T1000,"RG3 MOLD'G W/SHLD, RH",S14,650톤-우진2호기,86,1.05,0.93,13.03,61.76,6.81,654.23,0.0,53.6,4.63,128.5,30.8,290.6,142.2,116.0,55.8,60.6,285.7,284.9,285.0,275.7,264.4,235.0,0.0,66.3,0,0,21.1,22.0,0,0,0,0,0,0,0,0
782997,5f915c4f6e37704af8841e84,2020-10-21 00:26:44,2020-10-21 오전 12:00:00,17,86131T1000,"RG3 MOLD'G W/SHLD, LH",S14,650톤-우진2호기,3,1.06,0.93,12.99,61.78,6.81,654.27,0.0,53.6,4.63,128.3,30.8,290.7,142.4,116.2,55.9,60.2,286.3,285.2,285.0,274.6,264.8,235.3,0.0,65.8,0,0,21.4,22.4,0,0,0,0,0,0,0,0
782998,5f915c4f6e37704af8841e85,2020-10-21 00:26:44,2020-10-21 오전 12:00:00,18,86141T1000,"RG3 MOLD'G W/SHLD, RH",S14,650톤-우진2호기,86,1.06,0.93,12.99,61.78,6.81,654.27,0.0,53.6,4.63,128.3,30.8,290.7,142.4,116.2,55.9,60.2,286.3,285.2,285.0,274.6,264.8,235.3,0.0,65.8,0,0,21.4,22.4,0,0,0,0,0,0,0,0
783096,5f915c596e37704af8841ee8,2020-10-21 00:42:11,2020-10-21 오전 12:00:00,17,86131T1000,"RG3 MOLD'G W/SHLD, LH",S14,650톤-우진2호기,3,1.06,0.93,13.02,61.77,6.81,654.27,0.0,53.56,4.63,128.4,30.8,290.6,142.5,116.1,55.7,60.3,285.5,285.2,285.1,274.1,265.5,234.9,0.0,65.5,0,0,21.4,22.4,0,0,0,0,0,0,0,0
783097,5f915c596e37704af8841ee9,2020-10-21 00:42:11,2020-10-21 오전 12:00:00,18,86141T1000,"RG3 MOLD'G W/SHLD, RH",S14,650톤-우진2호기,86,1.06,0.93,13.02,61.77,6.81,654.27,0.0,53.56,4.63,128.4,30.8,290.6,142.5,116.1,55.7,60.3,285.5,285.2,285.1,274.1,265.5,234.9,0.0,65.5,0,0,21.4,22.4,0,0,0,0,0,0,0,0
783183,5f915c596e37704af8841f3f,2020-10-21 00:56:34,2020-10-21 오전 12:00:00,17,86131T1000,"RG3 MOLD'G W/SHLD, LH",S14,650톤-우진2호기,3,1.06,0.93,12.99,61.78,6.81,654.28,0.0,53.58,4.63,128.5,30.9,290.5,142.4,115.8,55.7,60.5,286.2,285.8,285.0,275.6,265.6,234.8,0.0,65.8,0,0,21.5,22.5,0,0,0,0,0,0,0,0
783184,5f915c596e37704af8841f40,2020-10-21 00:56:34,2020-10-21 오전 12:00:00,18,86141T1000,"RG3 MOLD'G W/SHLD, RH",S14,650톤-우진2호기,86,1.06,0.93,12.99,61.78,6.81,654.28,0.0,53.58,4.63,128.5,30.9,290.5,142.4,115.8,55.7,60.5,286.2,285.8,285.0,275.6,265.6,234.8,0.0,65.8,0,0,21.5,22.5,0,0,0,0,0,0,0,0
783281,5f915c596e37704af8841fa1,2020-10-21 01:12:02,2020-10-21 오전 12:00:00,17,86131T1000,"RG3 MOLD'G W/SHLD, LH",S14,650톤-우진2호기,3,1.06,0.93,13.01,61.78,6.81,654.26,0.0,53.58,4.63,128.4,30.9,290.5,142.6,116.3,55.9,60.6,286.1,286.4,284.8,275.5,265.1,234.9,0.0,66.6,0,0,21.7,22.7,0,0,0,0,0,0,0,0
783282,5f915c596e37704af8841fa2,2020-10-21 01:12:02,2020-10-21 오전 12:00:00,18,86141T1000,"RG3 MOLD'G W/SHLD, RH",S14,650톤-우진2호기,86,1.06,0.93,13.01,61.78,6.81,654.26,0.0,53.58,4.63,128.4,30.9,290.5,142.6,116.3,55.9,60.6,286.1,286.4,284.8,275.5,265.1,234.9,0.0,66.6,0,0,21.7,22.7,0,0,0,0,0,0,0,0
783374,5f915c596e37704af8841ffe,2020-10-21 01:27:28,2020-10-21 오전 12:00:00,17,86131T1000,"RG3 MOLD'G W/SHLD, LH",S14,650톤-우진2호기,3,1.06,0.94,13.02,61.78,6.81,654.26,0.0,53.59,4.63,128.3,31.0,290.6,142.7,116.4,56.1,60.7,285.8,284.7,285.1,275.7,264.7,235.2,0.0,66.0,0,0,21.8,22.7,0,0,0,0,0,0,0,0
783375,5f915c596e37704af8841fff,2020-10-21 01:27:28,2020-10-21 오전 12:00:00,18,86141T1000,"RG3 MOLD'G W/SHLD, RH",S14,650톤-우진2호기,86,1.06,0.94,13.02,61.78,6.81,654.26,0.0,53.59,4.63,128.3,31.0,290.6,142.7,116.4,56.1,60.7,285.8,284.7,285.1,275.7,264.7,235.2,0.0,66.0,0,0,21.8,22.7,0,0,0,0,0,0,0,0
783467,5f915c596e37704af884205b,2020-10-21 01:41:53,2020-10-21 오전 12:00:00,18,86141T1000,"RG3 MOLD'G W/SHLD, RH",S14,650톤-우진2호기,86,1.06,0.93,13.04,61.78,6.81,654.28,0.0,53.58,4.63,128.5,30.8,290.6,142.4,115.8,55.4,59.9,285.8,285.7,285.0,274.9,265.5,234.5,0.0,66.7,0,0,22.0,22.9,0,0,0,0,0,0,0,0
783473,5f915c596e37704af8842061,2020-10-21 01:42:55,2020-10-21 오전 12:00:00,17,86131T1000,"RG3 MOLD'G W/SHLD, LH",S14,650톤-우진2호기,3,1.06,0.93,13.07,61.78,6.81,654.27,0.0,53.58,4.63,128.4,30.9,290.6,142.5,115.9,55.4,59.9,286.0,285.0,285.0,274.5,265.1,235.1,0.0,66.1,0,0,22.1,23.0,0,0,0,0,0,0,0,0
783562,5f915c596e37704af88420ba,2020-10-21 01:57:19,2020-10-21 오전 12:00:00,17,86131T1000,"RG3 MOLD'G W/SHLD, LH",S14,650톤-우진2호기,3,1.06,0.93,13.05,61.78,6.81,654.26,0.0,53.58,4.63,128.4,30.8,290.6,142.5,116.2,55.9,60.5,286.3,285.1,285.5,275.5,265.2,235.1,0.0,65.7,0,0,22.4,23.2,0,0,0,0,0,0,0,0
783563,5f915c596e37704af88420bb,2020-10-21 01:57:19,2020-10-21 오전 12:00:00,18,86141T1000,"RG3 MOLD'G W/SHLD, RH",S14,650톤-우진2호기,86,1.06,0.93,13.05,61.78,6.81,654.26,0.0,53.58,4.63,128.4,30.8,290.6,142.5,116.2,55.9,60.5,286.3,285.1,285.5,275.5,265.2,235.1,0.0,65.7,0,0,22.4,23.2,0,0,0,0,0,0,0,0
783647,5f915c596e37704af884210f,2020-10-21 02:12:46,2020-10-21 오전 12:00:00,17,86131T1000,"RG3 MOLD'G W/SHLD, LH",S14,650톤-우진2호기,3,1.06,0.93,13.03,61.78,6.81,654.27,0.0,53.57,4.63,128.3,30.8,290.6,142.4,116.3,56.0,60.6,286.1,284.6,285.2,274.8,264.4,234.8,0.0,66.1,0,0,22.4,23.4,0,0,0,0,0,0,0,0
783648,5f915c596e37704af8842110,2020-10-21 02:12:46,2020-10-21 오전 12:00:00,18,86141T1000,"RG3 MOLD'G W/SHLD, RH",S14,650톤-우진2호기,86,1.06,0.93,13.03,61.78,6.81,654.27,0.0,53.57,4.63,128.3,30.8,290.6,142.4,116.3,56.0,60.6,286.1,284.6,285.2,274.8,264.4,234.8,0.0,66.1,0,0,22.4,23.4,0,0,0,0,0,0,0,0
783729,5f915c596e37704af8842161,2020-10-21 02:28:14,2020-10-21 오전 12:00:00,17,86131T1000,"RG3 MOLD'G W/SHLD, LH",S14,650톤-우진2호기,3,1.06,0.93,12.99,61.78,6.81,654.27,0.0,53.58,4.63,128.4,30.7,290.6,142.5,115.9,55.7,60.2,286.3,284.8,285.1,275.3,265.3,234.8,0.0,65.7,0,0,22.5,23.5,0,0,0,0,0,0,0,0
783730,5f915c596e37704af8842162,2020-10-21 02:28:14,2020-10-21 오전 12:00:00,18,86141T1000,"RG3 MOLD'G W/SHLD, RH",S14,650톤-우진2호기,86,1.06,0.93,12.99,61.78,6.81,654.27,0.0,53.58,4.63,128.4,30.7,290.6,142.5,115.9,55.7,60.2,286.3,284.8,285.1,275.3,265.3,234.8,0.0,65.7,0,0,22.5,23.5,0,0,0,0,0,0,0,0
783807,5f915c596e37704af88421af,2020-10-21 02:42:37,2020-10-21 오전 12:00:00,17,86131T1000,"RG3 MOLD'G W/SHLD, LH",S14,650톤-우진2호기,3,1.06,0.93,13.05,61.78,6.81,654.26,0.0,53.59,4.63,128.3,30.9,290.6,142.7,116.2,55.9,60.6,285.7,285.5,284.8,275.3,265.3,234.7,0.0,65.6,0,0,22.7,23.6,0,0,0,0,0,0,0,0
783808,5f915c596e37704af88421b0,2020-10-21 02:42:37,2020-10-21 오전 12:00:00,18,86141T1000,"RG3 MOLD'G W/SHLD, RH",S14,650톤-우진2호기,86,1.06,0.93,13.05,61.78,6.81,654.26,0.0,53.59,4.63,128.3,30.9,290.6,142.7,116.2,55.9,60.6,285.7,285.5,284.8,275.3,265.3,234.7,0.0,65.6,0,0,22.7,23.6,0,0,0,0,0,0,0,0
783891,5f915c596e37704af8842203,2020-10-21 02:58:05,2020-10-21 오전 12:00:00,17,86131T1000,"RG3 MOLD'G W/SHLD, LH",S14,650톤-우진2호기,3,1.06,0.93,12.97,61.78,6.81,654.28,0.0,53.58,4.63,128.4,30.8,290.5,142.5,115.8,55.5,60.1,286.3,284.7,285.0,274.9,264.4,234.6,0.0,65.9,0,0,23.0,24.0,0,0,0,0,0,0,0,0
783892,5f915c596e37704af8842204,2020-10-21 02:58:05,2020-10-21 오전 12:00:00,18,86141T1000,"RG3 MOLD'G W/SHLD, RH",S14,650톤-우진2호기,86,1.06,0.93,12.97,61.78,6.81,654.28,0.0,53.58,4.63,128.4,30.8,290.5,142.5,115.8,55.5,60.1,286.3,284.7,285.0,274.9,264.4,234.6,0.0,65.9,0,0,23.0,24.0,0,0,0,0,0,0,0,0
783969,5f915c596e37704af8842251,2020-10-21 03:13:32,2020-10-21 오전 12:00:00,17,86131T1000,"RG3 MOLD'G W/SHLD, LH",S14,650톤-우진2호기,3,1.06,0.93,13.04,61.78,6.81,654.26,0.0,53.59,4.63,128.4,30.9,290.6,142.6,116.0,55.9,60.3,285.2,285.1,285.0,275.7,264.7,234.4,0.0,66.7,0,0,23.1,24.1,0,0,0,0,0,0,0,0
783970,5f915c596e37704af8842252,2020-10-21 03:13:32,2020-10-21 오전 12:00:00,18,86141T1000,"RG3 MOLD'G W/SHLD, RH",S14,650톤-우진2호기,86,1.06,0.93,13.04,61.78,6.81,654.26,0.0,53.59,4.63,128.4,30.9,290.6,142.6,116.0,55.9,60.3,285.2,285.1,285.0,275.7,264.7,234.4,0.0,66.7,0,0,23.1,24.1,0,0,0,0,0,0,0,0
784046,5f915c626e37704af884229f,2020-10-21 03:27:56,2020-10-21 오전 12:00:00,17,86131T1000,"RG3 MOLD'G W/SHLD, LH",S14,650톤-우진2호기,3,1.06,0.93,13.01,61.78,6.81,654.27,0.0,53.59,4.63,128.5,30.7,290.6,142.5,115.7,55.4,59.9,286.6,284.9,284.9,274.6,265.1,235.2,0.0,66.8,0,0,23.1,24.0,0,0,0,0,0,0,0,0
784053,5f915c626e37704af88422a6,2020-10-21 03:28:58,2020-10-21 오전 12:00:00,18,86141T1000,"RG3 MOLD'G W/SHLD, RH",S14,650톤-우진2호기,86,1.06,0.93,13.01,61.76,6.81,654.26,0.0,53.59,4.63,128.4,31.0,290.6,142.6,115.9,55.5,60.0,285.9,285.2,284.9,274.8,264.8,234.7,0.0,66.7,0,0,23.1,24.1,0,0,0,0,0,0,0,0
784129,5f915c626e37704af88422f2,2020-10-21 03:43:23,2020-10-21 오전 12:00:00,17,86131T1000,"RG3 MOLD'G W/SHLD, LH",S14,650톤-우진2호기,3,1.06,0.93,12.95,61.78,6.81,654.27,0.0,53.58,4.63,128.4,30.8,290.6,142.5,115.9,55.8,60.4,286.7,285.7,285.7,276.1,264.9,234.9,0.0,67.0,0,0,23.2,24.1,0,0,0,0,0,0,0,0
784135,5f915c626e37704af88422f8,2020-10-21 03:44:26,2020-10-21 오전 12:00:00,18,86141T1000,"RG3 MOLD'G W/SHLD, RH",S14,650톤-우진2호기,86,1.06,0.93,13.0,61.78,6.81,654.28,0.0,53.6,4.63,128.5,30.9,290.5,142.4,115.6,55.6,60.3,286.3,285.0,285.2,275.8,265.1,235.1,0.0,66.9,0,0,23.2,24.2,0,0,0,0,0,0,0,0
784213,5f915c626e37704af8842346,2020-10-21 03:58:49,2020-10-21 오전 12:00:00,17,86131T1000,"RG3 MOLD'G W/SHLD, LH",S14,650톤-우진2호기,3,1.06,0.93,12.98,61.78,6.81,654.26,0.0,53.59,4.63,128.4,30.8,290.6,142.6,116.1,55.6,60.0,286.1,285.2,284.8,275.0,265.1,235.0,0.0,67.0,0,0,23.2,24.2,0,0,0,0,0,0,0,0
784219,5f915c626e37704af884234c,2020-10-21 03:59:51,2020-10-21 오전 12:00:00,18,86141T1000,"RG3 MOLD'G W/SHLD, RH",S14,650톤-우진2호기,86,1.06,0.93,12.98,61.76,6.81,654.26,0.0,53.59,4.63,128.3,30.9,290.6,142.7,116.1,55.9,60.4,286.5,285.5,285.4,275.2,265.0,234.8,0.0,66.9,0,0,23.3,24.2,0,0,0,0,0,0,0,0
784293,5f915c626e37704af8842396,2020-10-21 04:14:18,2020-10-21 오전 12:00:00,17,86131T1000,"RG3 MOLD'G W/SHLD, LH",S14,650톤-우진2호기,3,1.06,0.93,12.97,61.78,6.81,654.27,0.0,53.59,4.63,128.4,30.8,290.5,142.7,116.1,55.6,60.4,286.4,286.2,284.9,274.8,264.9,235.1,0.0,66.5,0,0,23.2,24.1,0,0,0,0,0,0,0,0
784294,5f915c626e37704af8842397,2020-10-21 04:14:18,2020-10-21 오전 12:00:00,18,86141T1000,"RG3 MOLD'G W/SHLD, RH",S14,650톤-우진2호기,86,1.06,0.93,12.97,61.78,6.81,654.27,0.0,53.59,4.63,128.4,30.8,290.5,142.7,116.1,55.6,60.4,286.4,286.2,284.9,274.8,264.9,235.1,0.0,66.5,0,0,23.2,24.1,0,0,0,0,0,0,0,0
784371,5f915c636e37704af88423e4,2020-10-21 04:28:41,2020-10-21 오전 12:00:00,17,86131T1000,"RG3 MOLD'G W/SHLD, LH",S14,650톤-우진2호기,3,1.06,0.93,12.92,61.78,6.81,654.26,0.0,53.59,4.63,128.4,31.0,290.5,142.6,116.1,55.9,60.6,285.7,285.2,285.0,275.8,264.8,235.0,0.0,67.1,0,0,23.3,24.2,0,0,0,0,0,0,0,0
784378,5f915c636e37704af88423eb,2020-10-21 04:29:43,2020-10-21 오전 12:00:00,18,86141T1000,"RG3 MOLD'G W/SHLD, RH",S14,650톤-우진2호기,86,1.06,0.93,12.97,61.78,6.81,654.27,0.0,53.6,4.63,128.3,30.7,290.6,142.6,116.0,55.8,60.5,285.6,284.7,284.5,275.4,264.8,234.8,0.0,66.5,0,0,23.4,24.4,0,0,0,0,0,0,0,0
784461,5f915c636e37704af884243e,2020-10-21 04:46:11,2020-10-21 오전 12:00:00,17,86131T1000,"RG3 MOLD'G W/SHLD, LH",S14,650톤-우진2호기,3,1.06,0.94,12.93,61.78,6.81,654.26,0.0,53.58,4.63,128.3,31.0,290.6,142.6,116.2,56.1,60.7,285.6,285.6,284.8,275.9,265.0,235.1,0.0,66.8,0,0,23.4,24.4,0,0,0,0,0,0,0,0
784467,5f915c636e37704af8842444,2020-10-21 04:47:13,2020-10-21 오전 12:00:00,18,86141T1000,"RG3 MOLD'G W/SHLD, RH",S14,650톤-우진2호기,86,1.06,0.93,12.98,61.78,6.81,654.26,0.0,53.58,4.63,128.4,30.7,290.5,142.6,116.1,56.1,60.9,285.2,284.7,284.3,275.7,264.9,234.9,0.0,66.9,0,0,23.4,24.5,0,0,0,0,0,0,0,0
784543,5f915c636e37704af8842490,2020-10-21 05:01:39,2020-10-21 오전 12:00:00,17,86131T1000,"RG3 MOLD'G W/SHLD, LH",S14,650톤-우진2호기,3,1.06,0.93,12.99,61.78,6.81,654.27,0.0,53.58,4.63,128.3,30.8,290.6,142.5,116.3,56.0,60.6,286.1,285.6,285.0,275.7,264.5,235.0,0.0,67.7,0,0,23.5,24.5,0,0,0,0,0,0,0,0
784544,5f915c636e37704af8842491,2020-10-21 05:01:39,2020-10-21 오전 12:00:00,18,86141T1000,"RG3 MOLD'G W/SHLD, RH",S14,650톤-우진2호기,86,1.06,0.93,12.99,61.78,6.81,654.27,0.0,53.58,4.63,128.3,30.8,290.6,142.5,116.3,56.0,60.6,286.1,285.6,285.0,275.7,264.5,235.0,0.0,67.7,0,0,23.5,24.5,0,0,0,0,0,0,0,0
784622,5f915c636e37704af88424df,2020-10-21 05:17:05,2020-10-21 오전 12:00:00,17,86131T1000,"RG3 MOLD'G W/SHLD, LH",S14,650톤-우진2호기,3,1.06,0.93,12.98,61.78,6.81,654.26,0.0,53.58,4.63,128.3,30.8,290.4,142.6,116.1,55.8,60.6,285.0,285.8,284.6,274.6,265.1,235.0,0.0,66.6,0,0,23.5,24.5,0,0,0,0,0,0,0,0
784629,5f915c636e37704af88424e6,2020-10-21 05:18:07,2020-10-21 오전 12:00:00,18,86141T1000,"RG3 MOLD'G W/SHLD, RH",S14,650톤-우진2호기,86,1.06,0.94,13.02,61.76,6.81,654.25,0.0,53.59,4.63,128.3,31.0,290.5,142.7,116.3,55.8,60.4,286.4,285.3,285.1,274.4,265.2,234.6,0.0,66.2,0,0,23.4,24.3,0,0,0,0,0,0,0,0
784710,5f915c636e37704af8842537,2020-10-21 05:32:33,2020-10-21 오전 12:00:00,17,86131T1000,"RG3 MOLD'G W/SHLD, LH",S14,650톤-우진2호기,3,1.06,0.94,12.96,61.76,6.81,654.26,0.0,53.59,4.63,128.3,30.8,290.6,142.7,116.0,55.8,60.4,285.6,285.3,284.5,275.5,265.0,234.8,0.0,66.3,0,0,23.5,24.5,0,0,0,0,0,0,0,0
784718,5f915c636e37704af884253f,2020-10-21 05:33:35,2020-10-21 오전 12:00:00,18,86141T1000,"RG3 MOLD'G W/SHLD, RH",S14,650톤-우진2호기,86,1.06,0.93,12.99,62.12,6.81,654.26,0.0,53.6,4.63,128.4,30.9,290.5,142.6,115.9,55.9,60.7,286.5,284.9,285.0,275.0,265.0,235.1,0.0,66.7,0,0,23.4,24.4,0,0,0,0,0,0,0,0
784803,5f915c636e37704af8842594,2020-10-21 05:47:59,2020-10-21 오전 12:00:00,17,86131T1000,"RG3 MOLD'G W/SHLD, LH",S14,650톤-우진2호기,3,1.06,0.94,12.95,61.78,6.81,654.26,0.0,53.61,4.63,128.3,31.0,290.5,142.7,116.1,55.9,60.6,286.2,285.7,285.4,275.5,265.0,235.0,0.0,68.4,0,0,23.5,24.5,0,0,0,0,0,0,0,0
784804,5f915c636e37704af8842595,2020-10-21 05:47:59,2020-10-21 오전 12:00:00,18,86141T1000,"RG3 MOLD'G W/SHLD, RH",S14,650톤-우진2호기,86,1.06,0.94,12.95,61.78,6.81,654.26,0.0,53.61,4.63,128.3,31.0,290.5,142.7,116.1,55.9,60.6,286.2,285.7,285.4,275.5,265.0,235.0,0.0,68.4,0,0,23.5,24.5,0,0,0,0,0,0,0,0
784860,5f915c636e37704af88425cd,2020-10-21 05:56:58,2020-10-21 오전 12:00:00,15,86131S8900,LX2 W/S SIDE MLD'G LH(RHD),S12,650톤-우진,0,11.45,3.34,20.08,64.3,6.07,655.0,0.0,59.67,69.64,64.7,30.4,294.0,168.8,128.4,21.9,13.5,245.1,250.0,249.9,245.0,239.9,225.2,0.0,39.6,0,0,19.8,23.6,0,0,0,0,0,0,0,0
784902,5f915c636e37704af88425f7,2020-10-21 06:03:25,2020-10-21 오전 12:00:00,17,86131T1000,"RG3 MOLD'G W/SHLD, LH",S14,650톤-우진2호기,3,1.06,0.93,12.98,61.78,6.81,654.26,0.0,53.58,4.63,128.4,30.9,290.5,142.6,115.9,55.8,60.5,285.8,284.9,285.0,274.7,264.7,235.2,0.0,67.4,0,0,23.3,24.4,0,0,0,0,0,0,0,0
784903,5f915c636e37704af88425f8,2020-10-21 06:03:25,2020-10-21 오전 12:00:00,18,86141T1000,"RG3 MOLD'G W/SHLD, RH",S14,650톤-우진2호기,86,1.06,0.93,12.98,61.78,6.81,654.26,0.0,53.58,4.63,128.4,30.9,290.5,142.6,115.9,55.8,60.5,285.8,284.9,285.0,274.7,264.7,235.2,0.0,67.4,0,0,23.3,24.4,0,0,0,0,0,0,0,0
784998,5f915c636e37704af8842657,2020-10-21 06:18:52,2020-10-21 오전 12:00:00,17,86131T1000,"RG3 MOLD'G W/SHLD, LH",S14,650톤-우진2호기,3,1.06,0.93,12.89,62.2,6.81,654.27,0.0,53.59,4.63,128.4,30.8,290.6,142.5,115.9,55.9,60.6,286.4,285.5,285.1,275.8,264.6,234.9,0.0,66.8,0,0,23.2,24.3,0,0,0,0,0,0,0,0
785010,5f915c6d6e37704af8842664,2020-10-21 06:20:55,2020-10-21 오전 12:00:00,18,86141T1000,"RG3 MOLD'G W/SHLD, RH",S14,650톤-우진2호기,86,1.06,0.93,12.98,61.78,6.81,654.27,0.0,53.6,4.63,128.4,31.0,290.5,142.5,115.9,55.5,60.2,286.6,285.0,285.2,274.8,264.3,235.0,0.0,67.8,0,0,23.2,24.4,0,0,0,0,0,0,0,0
785093,5f915c6d6e37704af88426b7,2020-10-21 06:34:18,2020-10-21 오전 12:00:00,17,86131T1000,"RG3 MOLD'G W/SHLD, LH",S14,650톤-우진2호기,3,1.06,0.94,12.97,61.76,6.81,654.26,0.0,53.58,4.63,128.3,30.8,290.5,142.7,116.2,55.9,60.7,286.8,285.3,285.1,275.2,265.1,235.0,0.0,68.5,0,0,23.2,24.2,0,0,0,0,0,0,0,0
785108,5f915c6d6e37704af88426c6,2020-10-21 06:36:23,2020-10-21 오전 12:00:00,18,86141T1000,"RG3 MOLD'G W/SHLD, RH",S14,650톤-우진2호기,86,1.06,0.94,12.98,61.78,6.81,654.25,0.0,53.58,4.63,128.3,30.8,290.7,142.7,116.3,56.1,60.6,285.5,285.5,284.6,275.7,264.9,235.1,0.0,67.6,0,0,23.1,24.2,0,0,0,0,0,0,0,0
785191,5f915c6d6e37704af8842719,2020-10-21 06:49:46,2020-10-21 오전 12:00:00,17,86131T1000,"RG3 MOLD'G W/SHLD, LH",S14,650톤-우진2호기,3,1.06,0.93,12.99,61.78,6.81,654.26,0.0,53.59,4.63,128.4,30.9,290.6,142.6,115.8,55.7,60.2,285.2,284.9,284.4,274.6,264.9,234.8,0.0,68.6,0,0,23.0,24.1,0,0,0,0,0,0,0,0
785199,5f915c6d6e37704af8842721,2020-10-21 06:50:48,2020-10-21 오전 12:00:00,18,86141T1000,"RG3 MOLD'G W/SHLD, RH",S14,650톤-우진2호기,86,1.06,0.93,12.98,61.78,6.81,654.26,0.0,53.59,4.63,128.4,30.9,290.6,142.7,116.1,55.8,60.4,286.7,285.8,284.9,275.2,265.2,235.1,0.0,66.4,0,0,22.8,24.1,0,0,0,0,0,0,0,0
785281,5f915c6d6e37704af8842773,2020-10-21 07:04:11,2020-10-21 오전 12:00:00,17,86131T1000,"RG3 MOLD'G W/SHLD, LH",S14,650톤-우진2호기,3,1.06,0.93,12.96,61.76,6.81,654.27,0.0,53.6,4.63,128.4,31.0,290.5,142.5,115.8,55.7,60.5,286.1,284.8,285.0,275.6,265.4,234.8,0.0,67.9,0,0,22.8,24.0,0,0,0,0,0,0,0,0
785293,5f915c6d6e37704af884277f,2020-10-21 07:06:14,2020-10-21 오전 12:00:00,18,86141T1000,"RG3 MOLD'G W/SHLD, RH",S14,650톤-우진2호기,86,1.06,0.93,12.93,61.78,6.81,654.28,0.0,53.59,4.63,128.5,31.0,290.6,142.4,115.8,55.5,60.1,285.5,284.6,284.9,274.4,265.6,235.3,0.0,67.0,0,0,22.9,24.0,0,0,0,0,0,0,0,0
785378,5f915c6d6e37704af88427d4,2020-10-21 07:19:37,2020-10-21 오전 12:00:00,17,86131T1000,"RG3 MOLD'G W/SHLD, LH",S14,650톤-우진2호기,3,1.06,0.93,13.01,61.78,6.81,654.26,0.0,53.58,4.63,128.4,30.9,290.6,142.5,116.1,55.9,60.5,285.3,285.0,285.0,275.6,264.7,235.2,0.0,66.8,0,0,23.1,24.2,0,0,0,0,0,0,0,0
785392,5f915c6d6e37704af88427e2,2020-10-21 07:21:40,2020-10-21 오전 12:00:00,18,86141T1000,"RG3 MOLD'G W/SHLD, RH",S14,650톤-우진2호기,86,1.06,0.94,12.95,61.78,6.81,654.26,0.0,53.59,4.63,128.3,31.0,290.5,142.7,116.2,56.0,60.8,286.0,284.7,285.4,276.3,265.3,235.0,0.0,67.7,0,0,23.1,24.2,0,0,0,0,0,0,0,0
785474,5f915c6d6e37704af8842834,2020-10-21 07:35:05,2020-10-21 오전 12:00:00,17,86131T1000,"RG3 MOLD'G W/SHLD, LH",S14,650톤-우진2호기,3,1.06,0.93,13.0,62.2,6.81,654.26,0.0,53.59,4.63,128.4,30.8,290.6,142.5,116.0,55.8,60.4,286.0,284.6,284.9,274.5,264.9,234.8,0.0,67.4,0,0,23.2,24.2,0,0,0,0,0,0,0,0
785482,5f915c6d6e37704af884283c,2020-10-21 07:36:05,2020-10-21 오전 12:00:00,18,86141T1000,"RG3 MOLD'G W/SHLD, RH",S14,650톤-우진2호기,86,1.06,0.94,12.97,61.8,6.81,654.26,0.0,53.58,4.63,128.3,30.9,290.5,142.7,116.1,55.8,60.5,286.2,285.6,284.7,274.3,265.8,235.1,0.0,68.4,0,0,23.1,24.1,0,0,0,0,0,0,0,0
785569,5f915c6d6e37704af8842893,2020-10-21 07:50:31,2020-10-21 오전 12:00:00,17,86131T1000,"RG3 MOLD'G W/SHLD, LH",S14,650톤-우진2호기,3,1.06,0.93,12.96,61.78,6.81,654.27,0.0,53.59,4.63,128.5,30.9,290.5,142.5,115.9,55.8,60.7,286.1,285.8,285.7,275.7,265.3,235.0,0.0,68.2,0,0,22.8,24.0,0,0,0,0,0,0,0,0
785584,5f915c6d6e37704af88428a2,2020-10-21 07:52:36,2020-10-21 오전 12:00:00,18,86141T1000,"RG3 MOLD'G W/SHLD, RH",S14,650톤-우진2호기,86,1.06,0.93,12.94,61.78,6.81,654.28,0.0,53.57,4.63,128.6,30.8,290.5,142.3,115.6,55.5,60.2,286.2,285.2,285.0,274.8,265.6,235.2,0.0,67.5,0,0,22.8,23.8,0,0,0,0,0,0,0,0
785665,5f915c6d6e37704af88428f3,2020-10-21 08:05:57,2020-10-21 오전 12:00:00,17,86131T1000,"RG3 MOLD'G W/SHLD, LH",S14,650톤-우진2호기,3,1.06,0.93,12.93,61.78,6.81,654.26,0.0,53.59,4.63,128.4,31.0,290.6,142.6,116.1,55.9,60.4,286.2,285.1,285.0,275.6,264.7,235.1,0.0,68.6,0,0,22.7,23.7,0,0,0,0,0,0,0,0
785680,5f915c6d6e37704af8842902,2020-10-21 08:08:00,2020-10-21 오전 12:00:00,18,86141T1000,"RG3 MOLD'G W/SHLD, RH",S14,650톤-우진2호기,86,1.06,0.93,12.89,61.78,6.81,654.26,0.0,53.6,4.63,128.4,30.9,290.4,142.6,116.0,56.0,60.9,285.4,285.8,285.1,275.6,264.7,234.8,0.0,67.6,0,0,22.7,23.7,0,0,0,0,0,0,0,0
785763,5f915c6d6e37704af8842955,2020-10-21 08:21:24,2020-10-21 오전 12:00:00,17,86131T1000,"RG3 MOLD'G W/SHLD, LH",S14,650톤-우진2호기,3,1.06,0.93,12.96,61.78,6.81,654.27,0.0,53.59,4.63,128.5,30.8,290.5,142.4,115.8,55.4,60.1,285.6,286.1,285.3,274.7,265.6,234.6,0.0,67.2,0,0,22.6,23.5,0,0,0,0,0,0,0,0
785771,5f915c6d6e37704af884295d,2020-10-21 08:22:26,2020-10-21 오전 12:00:00,18,86141T1000,"RG3 MOLD'G W/SHLD, RH",S14,650톤-우진2호기,86,1.06,0.93,12.97,61.78,6.82,654.26,0.0,53.59,4.63,128.3,30.9,290.5,142.6,116.0,55.5,60.2,285.2,285.2,284.8,274.5,264.8,234.6,0.0,67.8,0,0,22.6,23.5,0,0,0,0,0,0,0,0
785862,5f915c6d6e37704af88429b8,2020-10-21 08:36:52,2020-10-21 오전 12:00:00,17,86131T1000,"RG3 MOLD'G W/SHLD, LH",S14,650톤-우진2호기,3,1.06,0.93,12.97,61.78,6.82,654.28,0.0,53.59,4.63,128.5,30.9,290.6,142.4,115.6,55.5,60.2,286.4,284.5,285.3,276.0,265.0,235.0,0.0,67.5,0,0,22.5,23.4,0,0,0,0,0,0,0,0
785868,5f915c6d6e37704af88429be,2020-10-21 08:37:52,2020-10-21 오전 12:00:00,18,86141T1000,"RG3 MOLD'G W/SHLD, RH",S14,650톤-우진2호기,86,1.06,0.93,12.97,61.78,6.82,654.28,0.0,53.61,4.63,128.6,31.0,290.6,142.3,115.4,55.4,60.0,286.1,285.2,284.9,275.5,265.1,234.6,0.0,67.6,0,0,22.5,23.4,0,0,0,0,0,0,0,0
785952,5f915c6d6e37704af8842a12,2020-10-21 08:51:17,2020-10-21 오전 12:00:00,17,86131T1000,"RG3 MOLD'G W/SHLD, LH",S14,650톤-우진2호기,3,1.06,0.93,13.03,61.78,6.82,654.26,0.0,53.59,4.63,128.4,30.9,290.5,142.6,115.9,55.5,60.3,285.6,285.5,284.9,274.8,265.4,234.9,0.0,67.5,0,0,22.5,23.4,0,0,0,0,0,0,0,0
785966,5f915c6d6e37704af8842a20,2020-10-21 08:53:20,2020-10-21 오전 12:00:00,18,86141T1000,"RG3 MOLD'G W/SHLD, RH",S14,650톤-우진2호기,86,1.06,0.94,12.91,61.78,6.81,654.26,0.0,53.59,4.63,128.3,31.0,290.5,142.6,116.2,55.9,60.6,285.7,285.0,285.5,276.3,264.8,235.2,0.0,67.4,0,0,22.4,23.4,0,0,0,0,0,0,0,0
786049,5f915c776e37704af8842a74,2020-10-21 09:06:43,2020-10-21 오전 12:00:00,17,86131T1000,"RG3 MOLD'G W/SHLD, LH",S14,650톤-우진2호기,3,1.06,0.93,12.92,61.78,6.81,654.27,0.0,53.59,4.63,128.4,30.9,290.6,142.5,115.9,55.9,60.6,285.9,284.9,285.6,275.6,265.1,235.1,0.0,67.4,0,0,22.5,23.6,0,0,0,0,0,0,0,0
786055,5f915c776e37704af8842a7a,2020-10-21 09:07:43,2020-10-21 오전 12:00:00,18,86141T1000,"RG3 MOLD'G W/SHLD, RH",S14,650톤-우진2호기,86,1.06,0.93,12.96,61.78,6.81,654.28,0.0,53.58,4.63,128.5,30.9,290.5,142.3,115.8,55.7,60.5,286.1,285.9,285.0,275.1,264.9,235.1,0.0,67.5,0,0,22.6,23.6,0,0,0,0,0,0,0,0
786143,5f915c776e37704af8842ad2,2020-10-21 09:22:09,2020-10-21 오전 12:00:00,17,86131T1000,"RG3 MOLD'G W/SHLD, LH",S14,650톤-우진2호기,3,1.06,0.93,12.97,61.78,6.8,654.26,0.0,53.58,4.63,128.4,30.9,290.5,142.5,116.1,56.0,60.8,284.9,285.3,285.1,275.5,265.0,235.0,0.0,67.6,0,0,22.4,23.5,0,0,0,0,0,0,0,0
786151,5f915c776e37704af8842ada,2020-10-21 09:23:11,2020-10-21 오전 12:00:00,18,86141T1000,"RG3 MOLD'G W/SHLD, RH",S14,650톤-우진2호기,86,1.06,0.93,12.95,61.78,6.81,654.26,0.0,53.59,4.63,128.4,30.8,290.6,142.5,115.9,56.0,60.7,286.5,284.8,285.5,275.9,265.3,234.8,0.0,67.6,0,0,22.4,23.5,0,0,0,0,0,0,0,0
786232,5f915c776e37704af8842b2b,2020-10-21 09:36:35,2020-10-21 오전 12:00:00,17,86131T1000,"RG3 MOLD'G W/SHLD, LH",S14,650톤-우진2호기,3,1.06,0.93,12.97,61.78,6.8,654.28,0.0,53.59,4.63,128.5,30.9,290.5,142.3,115.5,55.2,59.9,286.1,285.3,285.3,274.9,265.4,235.0,0.0,67.4,0,0,22.2,23.2,0,0,0,0,0,0,0,0
786247,5f915c776e37704af8842b3a,2020-10-21 09:38:37,2020-10-21 오전 12:00:00,18,86141T1000,"RG3 MOLD'G W/SHLD, RH",S14,650톤-우진2호기,86,1.06,0.93,12.98,61.78,6.8,654.27,0.0,53.6,4.63,128.4,30.8,290.5,142.6,115.8,55.5,60.0,285.2,285.4,285.0,275.3,264.7,234.7,0.0,68.2,0,0,22.0,23.1,0,0,0,0,0,0,0,0
786326,5f915c776e37704af8842b89,2020-10-21 09:52:01,2020-10-21 오전 12:00:00,17,86131T1000,"RG3 MOLD'G W/SHLD, LH",S14,650톤-우진2호기,3,1.06,0.93,12.94,61.78,6.8,654.26,0.0,53.6,4.63,128.4,30.9,290.5,142.6,116.0,55.9,60.7,286.2,284.7,285.1,276.1,265.1,234.9,0.0,66.7,0,0,21.9,22.8,0,0,0,0,0,0,0,0
786334,5f915c776e37704af8842b91,2020-10-21 09:53:01,2020-10-21 오전 12:00:00,18,86141T1000,"RG3 MOLD'G W/SHLD, RH",S14,650톤-우진2호기,86,1.06,0.93,13.0,61.78,6.8,654.27,0.0,53.59,4.63,128.5,30.8,290.5,142.5,115.7,55.9,60.8,286.2,285.7,285.0,275.8,265.4,234.8,0.0,67.2,0,0,21.9,22.8,0,0,0,0,0,0,0,0
786424,5f915c776e37704af8842beb,2020-10-21 10:07:28,2020-10-21 오전 12:00:00,17,86131T1000,"RG3 MOLD'G W/SHLD, LH",S14,650톤-우진2호기,3,1.06,0.93,12.98,61.78,6.8,654.27,0.0,53.59,4.63,128.5,30.9,290.6,142.5,116.0,55.6,60.2,286.0,285.6,285.6,274.5,264.8,235.2,0.0,67.1,0,0,21.6,22.8,0,0,0,0,0,0,0,0
786430,5f915c776e37704af8842bf1,2020-10-21 10:08:29,2020-10-21 오전 12:00:00,18,86141T1000,"RG3 MOLD'G W/SHLD, RH",S14,650톤-우진2호기,86,1.06,0.93,12.99,61.78,6.8,654.27,0.0,53.58,4.63,128.4,30.8,290.5,142.5,116.0,55.6,60.2,286.2,285.2,285.4,275.0,264.9,235.2,0.0,67.6,0,0,21.7,22.8,0,0,0,0,0,0,0,0
786516,5f915c776e37704af8842c47,2020-10-21 10:22:55,2020-10-21 오전 12:00:00,17,86131T1000,"RG3 MOLD'G W/SHLD, LH",S14,650톤-우진2호기,3,1.06,0.93,12.94,61.78,6.8,654.28,0.0,53.58,4.63,128.5,30.8,290.5,142.4,116.0,55.9,60.6,286.3,285.7,285.3,275.5,265.2,235.1,0.0,68.1,0,0,21.3,22.3,0,0,0,0,0,0,0,0
786531,5f915c776e37704af8842c56,2020-10-21 10:24:58,2020-10-21 오전 12:00:00,18,86141T1000,"RG3 MOLD'G W/SHLD, RH",S14,650톤-우진2호기,86,1.06,0.93,12.95,61.76,6.8,654.27,0.0,53.6,4.63,128.5,30.8,290.6,142.4,115.7,55.5,60.1,286.2,285.0,284.9,274.4,264.8,235.1,0.0,68.0,0,0,21.3,22.2,0,0,0,0,0,0,0,0
786613,5f915c776e37704af8842ca8,2020-10-21 10:38:20,2020-10-21 오전 12:00:00,17,86131T1000,"RG3 MOLD'G W/SHLD, LH",S14,650톤-우진2호기,3,1.06,0.93,12.95,61.78,6.8,654.27,0.0,53.58,4.63,128.5,30.7,290.5,142.6,115.9,55.7,60.5,286.5,284.7,284.9,275.3,265.0,234.8,0.0,67.5,0,0,21.2,22.2,0,0,0,0,0,0,0,0
786628,5f915c776e37704af8842cb7,2020-10-21 10:40:25,2020-10-21 오전 12:00:00,18,86141T1000,"RG3 MOLD'G W/SHLD, RH",S14,650톤-우진2호기,86,1.06,0.93,12.94,61.76,6.8,654.27,0.0,53.58,4.63,128.4,31.0,290.5,142.5,115.9,55.9,60.7,285.2,284.7,285.0,276.2,264.7,234.9,0.0,67.6,0,0,21.2,22.2,0,0,0,0,0,0,0,0
786710,5f915c776e37704af8842d09,2020-10-21 10:53:47,2020-10-21 오전 12:00:00,17,86131T1000,"RG3 MOLD'G W/SHLD, LH",S14,650톤-우진2호기,3,1.06,0.93,12.93,61.78,6.8,654.29,0.0,53.57,4.63,128.6,30.9,290.5,142.3,115.3,55.2,59.8,285.8,285.7,285.0,275.1,264.9,235.2,0.0,67.4,0,0,21.2,22.3,0,0,0,0,0,0,0,0
786717,5f915c776e37704af8842d10,2020-10-21 10:54:50,2020-10-21 오전 12:00:00,18,86141T1000,"RG3 MOLD'G W/SHLD, RH",S14,650톤-우진2호기,86,1.06,0.93,12.93,61.78,6.8,654.28,0.0,53.58,4.63,128.6,30.9,290.5,142.3,115.7,55.1,59.8,286.5,284.9,285.5,274.6,265.0,235.4,0.0,67.4,0,0,21.1,22.2,0,0,0,0,0,0,0,0
786808,5f915c776e37704af8842d6b,2020-10-21 11:09:15,2020-10-21 오전 12:00:00,17,86131T1000,"RG3 MOLD'G W/SHLD, LH",S14,650톤-우진2호기,3,1.06,0.93,12.97,61.78,6.8,654.27,0.0,53.59,4.63,128.5,30.9,290.5,142.4,115.8,55.8,60.6,285.6,284.7,284.5,276.0,264.7,235.0,0.0,67.7,0,0,21.4,22.3,0,0,0,0,0,0,0,0
786815,5f915c776e37704af8842d72,2020-10-21 11:10:15,2020-10-21 오전 12:00:00,18,86141T1000,"RG3 MOLD'G W/SHLD, RH",S14,650톤-우진2호기,86,1.06,0.93,12.93,61.78,6.8,654.27,0.0,53.59,4.63,128.4,30.9,290.6,142.5,115.8,55.7,60.2,286.0,285.0,285.3,275.7,265.0,235.1,0.0,67.8,0,0,21.3,22.2,0,0,0,0,0,0,0,0
786895,5f915c776e37704af8842dc2,2020-10-21 11:25:42,2020-10-21 오전 12:00:00,17,86131T1000,"RG3 MOLD'G W/SHLD, LH",S14,650톤-우진2호기,3,1.06,0.93,13.02,61.78,6.8,654.26,0.0,53.6,4.63,128.4,30.9,290.5,142.7,116.0,55.8,60.5,285.7,285.0,284.7,275.2,265.0,234.9,0.0,67.4,0,0,21.2,22.2,0,0,0,0,0,0,0,0
786906,5f915c776e37704af8842dcd,2020-10-21 11:27:47,2020-10-21 오전 12:00:00,18,86141T1000,"RG3 MOLD'G W/SHLD, RH",S14,650톤-우진2호기,86,1.06,0.93,12.91,61.78,6.8,654.27,0.0,53.58,4.63,128.4,30.7,290.7,142.5,116.0,56.0,60.5,286.4,285.3,285.4,275.9,265.0,235.2,0.0,67.4,0,0,21.1,22.0,0,0,0,0,0,0,0,0
786967,5f915c776e37704af8842e0a,2020-10-21 11:41:10,2020-10-21 오전 12:00:00,17,86131T1000,"RG3 MOLD'G W/SHLD, LH",S14,650톤-우진2호기,3,1.06,0.93,12.96,61.78,6.8,654.26,0.0,53.58,4.63,128.3,30.8,290.5,142.5,116.0,55.8,60.7,285.9,285.3,284.8,274.2,265.5,234.9,0.0,67.3,0,0,20.9,21.8,0,0,0,0,0,0,0,0
786972,5f915c776e37704af8842e0f,2020-10-21 11:42:12,2020-10-21 오전 12:00:00,18,86141T1000,"RG3 MOLD'G W/SHLD, RH",S14,650톤-우진2호기,86,1.06,0.93,13.01,62.2,6.8,654.26,0.0,53.59,4.63,128.4,30.9,290.5,142.5,116.1,55.9,60.6,285.4,285.0,284.4,274.8,264.6,235.1,0.0,67.3,0,0,20.9,21.8,0,0,0,0,0,0,0,0
787018,5f915c816e37704af8842e3e,2020-10-21 11:52:50,2020-10-21 오전 12:00:00,15,86131S8900,LX2 W/S SIDE MLD'G LH(RHD),S12,650톤-우진,0,11.45,3.33,19.93,64.32,6.09,655.0,0.0,59.68,69.64,65.0,30.4,293.9,168.8,128.2,21.6,13.5,244.9,249.8,250.0,245.8,239.9,225.2,0.0,40.4,0,0,20.4,24.2,0,0,0,0,0,0,0,0
787039,5f915c816e37704af8842e53,2020-10-21 11:57:38,2020-10-21 오전 12:00:00,17,86131T1000,"RG3 MOLD'G W/SHLD, LH",S14,650톤-우진2호기,3,1.06,0.94,12.96,61.78,6.8,654.26,0.0,53.59,4.63,128.3,30.9,290.5,142.6,115.9,55.9,60.6,285.7,285.6,285.4,276.1,265.0,234.8,0.0,67.0,0,0,20.9,21.8,0,0,0,0,0,0,0,0
787045,5f915c816e37704af8842e59,2020-10-21 11:58:41,2020-10-21 오전 12:00:00,18,86141T1000,"RG3 MOLD'G W/SHLD, RH",S14,650톤-우진2호기,86,1.06,0.93,13.01,61.78,6.8,654.26,0.0,53.6,4.63,128.3,30.9,290.5,142.5,115.8,55.8,60.6,285.7,284.9,285.0,275.5,265.2,234.6,0.0,67.3,0,0,21.0,21.8,0,0,0,0,0,0,0,0
787105,5f915c816e37704af8842e95,2020-10-21 12:12:03,2020-10-21 오전 12:00:00,17,86131T1000,"RG3 MOLD'G W/SHLD, LH",S14,650톤-우진2호기,3,1.06,0.94,12.95,61.78,6.8,654.25,0.0,53.6,4.63,128.2,30.9,290.6,142.7,116.2,55.7,60.3,286.0,285.7,285.2,274.4,265.0,234.7,0.0,67.1,0,0,20.9,21.8,0,0,0,0,0,0,0,0
787115,5f915c816e37704af8842e9f,2020-10-21 12:14:06,2020-10-21 오전 12:00:00,18,86141T1000,"RG3 MOLD'G W/SHLD, RH",S14,650톤-우진2호기,86,1.06,0.94,12.97,61.76,6.8,654.25,0.0,53.58,4.63,128.3,31.0,290.5,142.6,116.4,56.2,61.0,285.0,285.2,284.6,276.1,264.9,235.0,0.0,66.6,0,0,20.8,21.7,0,0,0,0,0,0,0,0
787176,5f915c816e37704af8842edc,2020-10-21 12:27:30,2020-10-21 오전 12:00:00,17,86131T1000,"RG3 MOLD'G W/SHLD, LH",S14,650톤-우진2호기,3,1.06,0.93,13.0,61.76,6.8,654.26,0.0,53.59,4.63,128.4,30.8,290.5,142.5,115.8,55.9,60.7,284.9,285.2,284.9,274.8,264.7,234.8,0.0,66.7,0,0,20.7,21.5,0,0,0,0,0,0,0,0
787182,5f915c816e37704af8842ee2,2020-10-21 12:28:31,2020-10-21 오전 12:00:00,18,86141T1000,"RG3 MOLD'G W/SHLD, RH",S14,650톤-우진2호기,86,1.06,0.93,12.93,61.74,6.8,654.27,0.0,53.58,4.63,128.4,30.8,290.5,142.4,115.8,55.7,60.3,286.4,285.8,285.0,274.7,264.9,235.3,0.0,67.0,0,0,20.7,21.6,0,0,0,0,0,0,0,0
787246,5f915c816e37704af8842f22,2020-10-21 12:42:55,2020-10-21 오전 12:00:00,17,86131T1000,"RG3 MOLD'G W/SHLD, LH",S14,650톤-우진2호기,3,1.06,0.93,12.98,61.76,6.8,654.26,0.0,53.58,4.63,128.3,30.7,290.5,142.5,116.1,56.2,61.2,286.5,285.1,285.4,276.2,265.0,235.1,0.0,67.3,0,0,20.6,21.7,0,0,0,0,0,0,0,0
787252,5f915c816e37704af8842f28,2020-10-21 12:43:58,2020-10-21 오전 12:00:00,18,86141T1000,"RG3 MOLD'G W/SHLD, RH",S14,650톤-우진2호기,86,1.06,0.93,12.92,61.74,6.8,654.26,0.0,53.59,4.63,128.3,30.8,290.6,142.5,116.0,55.9,60.5,285.6,284.8,285.1,275.9,265.0,234.8,0.0,67.2,0,0,20.7,21.7,0,0,0,0,0,0,0,0
787315,5f915c816e37704af8842f67,2020-10-21 12:58:23,2020-10-21 오전 12:00:00,17,86131T1000,"RG3 MOLD'G W/SHLD, LH",S14,650톤-우진2호기,3,1.06,0.94,12.95,61.76,6.8,654.24,0.0,53.59,4.63,128.2,30.9,290.5,142.8,116.4,56.0,60.8,286.3,284.8,285.1,274.9,265.2,235.1,0.0,67.0,0,0,21.1,22.1,0,0,0,0,0,0,0,0
787321,5f915c816e37704af8842f6d,2020-10-21 12:59:23,2020-10-21 오전 12:00:00,18,86141T1000,"RG3 MOLD'G W/SHLD, RH",S14,650톤-우진2호기,86,1.06,0.94,12.97,61.74,6.8,654.24,0.0,53.59,4.63,128.2,30.8,290.5,142.8,116.5,56.2,61.0,286.0,286.0,284.4,276.2,265.1,234.8,0.0,66.7,0,0,21.3,22.2,0,0,0,0,0,0,0,0
787379,5f915c816e37704af8842fa7,2020-10-21 13:12:46,2020-10-21 오전 12:00:00,17,86131T1000,"RG3 MOLD'G W/SHLD, LH",S14,650톤-우진2호기,3,1.06,0.94,13.0,61.72,6.8,654.26,0.0,53.58,4.63,128.3,30.9,290.6,142.7,116.1,55.9,60.5,286.0,285.7,285.5,275.0,265.2,234.9,0.0,66.3,0,0,21.5,22.4,0,0,0,0,0,0,0,0
787385,5f915c816e37704af8842fad,2020-10-21 13:13:49,2020-10-21 오전 12:00:00,18,86141T1000,"RG3 MOLD'G W/SHLD, RH",S14,650톤-우진2호기,86,1.06,0.93,12.97,61.72,6.8,654.26,0.0,53.6,4.63,128.3,30.9,290.6,142.6,116.1,55.9,60.5,286.5,284.9,285.1,275.0,265.2,235.3,0.0,67.4,0,0,21.6,22.5,0,0,0,0,0,0,0,0
787449,5f915c816e37704af8842fed,2020-10-21 13:28:14,2020-10-21 오전 12:00:00,17,86131T1000,"RG3 MOLD'G W/SHLD, LH",S14,650톤-우진2호기,3,1.06,0.94,12.99,61.76,6.81,654.25,0.0,53.61,4.63,128.3,30.9,290.5,142.7,116.2,56.2,61.1,286.2,285.2,284.8,275.5,264.7,235.1,0.0,67.9,0,0,21.7,22.7,0,0,0,0,0,0,0,0
787455,5f915c816e37704af8842ff3,2020-10-21 13:29:14,2020-10-21 오전 12:00:00,18,86141T1000,"RG3 MOLD'G W/SHLD, RH",S14,650톤-우진2호기,86,1.06,0.94,12.97,61.74,6.8,654.25,0.0,53.58,4.63,128.3,30.9,290.6,142.7,116.2,56.2,60.9,285.6,285.7,285.4,275.0,264.7,234.9,0.0,67.4,0,0,21.7,22.7,0,0,0,0,0,0,0,0
787520,5f915c816e37704af8843034,2020-10-21 13:43:39,2020-10-21 오전 12:00:00,17,86131T1000,"RG3 MOLD'G W/SHLD, LH",S14,650톤-우진2호기,3,1.06,0.94,13.02,61.74,6.81,654.24,0.0,53.59,4.63,128.2,30.8,290.6,142.8,116.4,56.2,60.9,285.2,285.3,285.1,275.4,264.5,235.1,0.0,67.4,0,0,22.0,22.8,0,0,0,0,0,0,0,0
787526,5f915c816e37704af884303a,2020-10-21 13:44:41,2020-10-21 오전 12:00:00,18,86141T1000,"RG3 MOLD'G W/SHLD, RH",S14,650톤-우진2호기,86,1.06,0.94,13.01,61.78,6.81,654.25,0.0,53.58,4.63,128.3,30.9,290.5,142.6,116.3,56.3,61.0,286.1,284.7,285.4,275.7,264.9,235.2,0.0,67.3,0,0,22.0,22.8,0,0,0,0,0,0,0,0
787585,5f915c816e37704af8843075,2020-10-21 13:58:03,2020-10-21 오전 12:00:00,17,86131T1000,"RG3 MOLD'G W/SHLD, LH",S14,650톤-우진2호기,3,1.06,0.94,13.01,61.78,6.81,654.25,0.0,53.58,4.63,128.3,31.0,290.6,142.7,116.2,56.1,60.7,285.2,285.8,284.9,274.6,264.8,234.7,0.0,66.4,0,0,22.0,22.9,0,0,0,0,0,0,0,0
787591,5f915c816e37704af884307b,2020-10-21 13:59:06,2020-10-21 오전 12:00:00,18,86141T1000,"RG3 MOLD'G W/SHLD, RH",S14,650톤-우진2호기,86,1.06,0.93,12.99,61.78,6.81,654.26,0.0,53.57,4.63,128.3,30.8,290.6,142.6,116.4,56.1,60.8,285.4,285.3,285.2,274.9,264.7,235.0,0.0,67.4,0,0,22.0,23.0,0,0,0,0,0,0,0,0
787656,5f915c816e37704af88430bc,2020-10-21 14:13:31,2020-10-21 오전 12:00:00,17,86131T1000,"RG3 MOLD'G W/SHLD, LH",S14,650톤-우진2호기,3,1.06,0.93,12.91,61.76,6.81,654.26,0.0,53.58,4.63,128.4,30.7,290.6,142.5,116.0,56.0,60.7,286.2,284.9,285.0,276.4,264.8,235.2,0.0,66.1,0,0,22.0,23.0,0,0,0,0,0,0,0,0
787663,5f915c816e37704af88430c3,2020-10-21 14:14:33,2020-10-21 오전 12:00:00,18,86141T1000,"RG3 MOLD'G W/SHLD, RH",S14,650톤-우진2호기,86,1.06,0.93,12.9,61.74,6.81,654.27,0.0,53.58,4.63,128.4,31.0,290.6,142.4,115.9,55.9,60.7,286.4,285.7,285.0,275.9,265.0,235.0,0.0,67.5,0,0,22.1,23.0,0,0,0,0,0,0,0,0
787739,5f915c816e37704af884310f,2020-10-21 14:28:57,2020-10-21 오전 12:00:00,17,86131T1000,"RG3 MOLD'G W/SHLD, LH",S14,650톤-우진2호기,3,1.06,0.94,12.92,61.74,6.81,654.25,0.0,53.58,4.63,128.2,30.9,290.5,142.8,116.3,55.9,60.7,285.7,285.4,284.9,275.1,265.0,234.5,0.0,66.3,0,0,22.0,22.8,0,0,0,0,0,0,0,0
787746,5f915c816e37704af8843116,2020-10-21 14:29:59,2020-10-21 오전 12:00:00,18,86141T1000,"RG3 MOLD'G W/SHLD, RH",S14,650톤-우진2호기,86,1.06,0.94,13.01,61.78,6.81,654.25,0.0,53.6,4.63,128.2,30.9,290.5,142.8,116.3,56.1,61.0,286.3,284.9,285.4,275.7,265.4,234.9,0.0,66.7,0,0,22.0,22.9,0,0,0,0,0,0,0,0
787807,5f915c816e37704af8843153,2020-10-21 14:43:21,2020-10-21 오전 12:00:00,17,86131T1000,"RG3 MOLD'G W/SHLD, LH",S14,650톤-우진2호기,3,1.06,0.93,12.95,61.76,6.81,654.26,0.0,53.59,4.63,128.4,30.8,290.5,142.5,115.9,55.8,60.6,285.6,284.8,284.9,275.7,264.9,234.8,0.0,66.8,0,0,22.1,23.0,0,0,0,0,0,0,0,0
787817,5f915c816e37704af884315d,2020-10-21 14:45:26,2020-10-21 오전 12:00:00,18,86141T1000,"RG3 MOLD'G W/SHLD, RH",S14,650톤-우진2호기,86,1.06,0.93,12.98,61.78,6.81,654.27,0.0,53.58,4.63,128.5,30.9,290.6,142.4,115.7,55.6,60.2,285.5,284.8,284.6,274.4,264.9,235.1,0.0,67.0,0,0,22.1,23.1,0,0,0,0,0,0,0,0
787876,5f915c816e37704af8843198,2020-10-21 14:58:49,2020-10-21 오전 12:00:00,17,86131T1000,"RG3 MOLD'G W/SHLD, LH",S14,650톤-우진2호기,3,1.06,0.94,13.01,61.74,6.81,654.25,0.0,53.58,4.63,128.3,31.0,290.5,142.7,116.3,56.0,60.7,287.0,285.2,285.0,275.3,265.0,235.2,0.0,67.0,0,0,22.0,23.0,0,0,0,0,0,0,0,0
787882,5f915c816e37704af884319e,2020-10-21 14:59:51,2020-10-21 오전 12:00:00,18,86141T1000,"RG3 MOLD'G W/SHLD, RH",S14,650톤-우진2호기,86,1.06,0.94,12.92,61.78,6.81,654.25,0.0,53.58,4.63,128.3,30.8,290.6,142.6,116.4,56.2,60.8,286.0,285.1,285.1,275.7,265.0,235.3,0.0,67.4,0,0,22.0,23.0,0,0,0,0,0,0,0,0
787946,5f915c816e37704af88431de,2020-10-21 15:14:16,2020-10-21 오전 12:00:00,17,86131T1000,"RG3 MOLD'G W/SHLD, LH",S14,650톤-우진2호기,3,1.06,0.93,13.0,61.74,6.81,654.27,0.0,53.58,4.63,128.3,30.9,290.6,142.5,116.2,55.9,60.6,285.6,285.6,284.8,274.2,264.6,235.5,0.0,66.9,0,0,22.0,22.9,0,0,0,0,0,0,0,0
787951,5f915c816e37704af88431e3,2020-10-21 15:15:18,2020-10-21 오전 12:00:00,18,86141T1000,"RG3 MOLD'G W/SHLD, RH",S14,650톤-우진2호기,86,1.06,0.93,12.94,61.78,6.81,654.26,0.0,53.59,4.63,128.3,30.7,290.6,142.6,116.3,55.8,60.4,286.2,284.5,285.2,274.2,264.9,235.1,0.0,66.2,0,0,21.9,22.9,0,0,0,0,0,0,0,0
788016,5f915c8b6e37704af8843225,2020-10-21 15:29:43,2020-10-21 오전 12:00:00,17,86131T1000,"RG3 MOLD'G W/SHLD, LH",S14,650톤-우진2호기,3,1.06,0.94,12.89,61.78,6.81,654.26,0.0,53.58,4.63,128.3,30.8,290.6,142.7,116.1,56.1,60.7,286.6,284.7,285.0,276.2,265.1,235.0,0.0,67.0,0,0,22.0,23.0,0,0,0,0,0,0,0,0
788026,5f915c8b6e37704af884322f,2020-10-21 15:31:46,2020-10-21 오전 12:00:00,18,86141T1000,"RG3 MOLD'G W/SHLD, RH",S14,650톤-우진2호기,86,1.06,0.93,12.92,61.78,6.81,654.27,0.0,53.59,4.63,128.4,30.9,290.6,142.5,115.8,55.8,60.5,285.2,284.4,285.0,275.1,265.6,235.0,0.0,67.3,0,0,22.0,23.1,0,0,0,0,0,0,0,0
788084,5f915c8b6e37704af8843269,2020-10-21 15:45:09,2020-10-21 오전 12:00:00,17,86131T1000,"RG3 MOLD'G W/SHLD, LH",S14,650톤-우진2호기,3,1.06,0.94,13.01,61.78,6.81,654.25,0.0,53.6,4.63,128.3,30.8,290.5,142.7,116.2,55.9,60.6,286.1,285.5,284.9,274.6,265.8,234.8,0.0,66.9,0,0,22.0,23.0,0,0,0,0,0,0,0,0
788094,5f915c8b6e37704af8843273,2020-10-21 15:47:13,2020-10-21 오전 12:00:00,18,86141T1000,"RG3 MOLD'G W/SHLD, RH",S14,650톤-우진2호기,86,1.06,0.94,12.96,61.78,6.81,654.25,0.0,53.58,4.63,128.3,30.8,290.6,142.6,116.4,56.2,60.9,285.3,285.3,285.0,276.1,264.9,235.2,0.0,67.0,0,0,21.9,23.0,0,0,0,0,0,0,0,0
788155,5f915c8b6e37704af88432b0,2020-10-21 16:00:36,2020-10-21 오전 12:00:00,17,86131T1000,"RG3 MOLD'G W/SHLD, LH",S14,650톤-우진2호기,3,1.06,0.93,12.97,61.78,6.81,654.26,0.0,53.58,4.63,128.4,30.8,290.6,142.5,115.9,55.9,60.4,286.2,285.3,285.6,275.0,264.6,235.1,0.0,66.7,0,0,21.8,22.8,0,0,0,0,0,0,0,0
788167,5f915c8b6e37704af88432bc,2020-10-21 16:03:40,2020-10-21 오전 12:00:00,18,86141T1000,"RG3 MOLD'G W/SHLD, RH",S14,650톤-우진2호기,86,1.06,0.94,12.98,61.76,6.81,654.25,0.0,53.59,4.63,128.3,30.9,290.6,142.7,116.2,55.7,60.3,286.5,284.9,284.6,274.8,264.8,234.7,0.0,66.3,0,0,21.9,22.9,0,0,0,0,0,0,0,0
788227,5f915c8b6e37704af88432f8,2020-10-21 16:17:05,2020-10-21 오전 12:00:00,17,86131T1000,"RG3 MOLD'G W/SHLD, LH",S14,650톤-우진2호기,3,1.06,0.93,12.9,61.78,6.81,654.26,0.0,53.6,4.63,128.3,30.8,290.5,142.6,116.1,56.0,60.9,285.7,285.4,285.0,276.0,265.2,234.5,0.0,67.6,0,0,21.9,22.8,0,0,0,0,0,0,0,0
788237,5f915c8b6e37704af8843302,2020-10-21 16:19:07,2020-10-21 오전 12:00:00,18,86141T1000,"RG3 MOLD'G W/SHLD, RH",S14,650톤-우진2호기,86,1.06,0.93,12.96,61.78,6.81,654.27,0.0,53.58,4.63,128.4,30.8,290.6,142.5,115.9,55.8,60.3,285.8,285.1,285.3,275.1,265.1,234.8,0.0,66.1,0,0,21.9,22.9,0,0,0,0,0,0,0,0
788274,5f915c8b6e37704af8843327,2020-10-21 16:27:22,2020-10-21 오전 12:00:00,17,86131T1000,"RG3 MOLD'G W/SHLD, LH",S14,650톤-우진2호기,3,1.06,0.94,12.99,61.78,6.81,654.26,0.0,53.6,4.63,128.3,30.8,290.6,142.6,116.0,55.8,60.6,286.7,284.7,284.9,275.4,264.6,235.3,0.0,66.9,0,0,21.8,22.8,0,0,0,0,0,0,0,0
788275,5f915c8b6e37704af8843328,2020-10-21 16:27:22,2020-10-21 오전 12:00:00,18,86141T1000,"RG3 MOLD'G W/SHLD, RH",S14,650톤-우진2호기,86,1.06,0.94,12.99,61.78,6.81,654.26,0.0,53.6,4.63,128.3,30.8,290.6,142.6,116.0,55.8,60.6,286.7,284.7,284.9,275.4,264.6,235.3,0.0,66.9,0,0,21.8,22.8,0,0,0,0,0,0,0,0
788297,5f915c8b6e37704af884333e,2020-10-21 16:32:30,2020-10-21 오전 12:00:00,17,86131T1000,"RG3 MOLD'G W/SHLD, LH",S14,650톤-우진2호기,3,1.06,0.94,12.92,61.78,6.81,654.25,0.0,53.59,4.63,128.3,30.9,290.5,142.7,116.4,55.9,60.7,285.8,285.1,284.6,275.5,264.8,235.3,0.0,67.0,0,0,22.0,23.0,0,0,0,0,0,0,0,0
788307,5f915c8b6e37704af8843348,2020-10-21 16:34:35,2020-10-21 오전 12:00:00,18,86141T1000,"RG3 MOLD'G W/SHLD, RH",S14,650톤-우진2호기,86,1.06,0.94,12.95,61.76,6.81,654.25,0.0,53.59,4.63,128.3,30.7,290.6,142.6,116.3,56.2,60.9,285.7,284.8,285.0,276.0,265.0,235.0,0.0,68.0,0,0,21.9,23.0,0,0,0,0,0,0,0,0
788368,5f915c8b6e37704af8843385,2020-10-21 16:47:57,2020-10-21 오전 12:00:00,17,86131T1000,"RG3 MOLD'G W/SHLD, LH",S14,650톤-우진2호기,3,1.06,0.93,12.88,61.78,6.81,654.27,0.0,53.58,4.63,128.3,30.9,290.6,142.4,116.1,55.7,60.3,285.5,286.1,285.6,275.0,264.4,235.1,0.0,67.1,0,0,21.9,22.9,0,0,0,0,0,0,0,0
788378,5f915c8b6e37704af884338f,2020-10-21 16:50:00,2020-10-21 오전 12:00:00,18,86141T1000,"RG3 MOLD'G W/SHLD, RH",S14,650톤-우진2호기,86,1.06,0.94,13.04,61.76,6.81,654.25,0.0,53.6,4.63,128.3,30.9,290.6,142.7,116.3,55.9,60.5,286.0,285.4,284.9,275.2,265.0,234.4,0.0,67.1,0,0,21.9,22.8,0,0,0,0,0,0,0,0
788438,5f915c8b6e37704af88433cb,2020-10-21 17:03:25,2020-10-21 오전 12:00:00,17,86131T1000,"RG3 MOLD'G W/SHLD, LH",S14,650톤-우진2호기,3,1.06,0.94,12.92,61.78,6.81,654.25,0.0,53.59,4.63,128.3,30.8,290.5,142.7,116.3,56.0,60.8,286.6,285.8,285.6,275.9,265.2,234.9,0.0,66.0,0,0,21.8,22.9,0,0,0,0,0,0,0,0
788447,5f915c8b6e37704af88433d4,2020-10-21 17:05:27,2020-10-21 오전 12:00:00,18,86141T1000,"RG3 MOLD'G W/SHLD, RH",S14,650톤-우진2호기,86,1.06,0.93,13.0,61.78,6.81,654.27,0.0,53.58,4.63,128.4,30.9,290.5,142.5,116.2,56.0,60.9,286.1,284.9,285.5,275.3,265.0,235.1,0.0,66.7,0,0,21.8,22.9,0,0,0,0,0,0,0,0
788506,5f915c8b6e37704af884340f,2020-10-21 17:18:50,2020-10-21 오전 12:00:00,17,86131T1000,"RG3 MOLD'G W/SHLD, LH",S14,650톤-우진2호기,3,1.06,0.93,13.01,61.78,6.82,654.26,0.0,53.6,4.63,128.3,30.9,290.5,142.6,116.0,55.8,60.5,285.4,284.7,284.9,274.7,265.5,235.1,0.0,66.7,0,0,21.8,23.0,0,0,0,0,0,0,0,0
788516,5f915c8b6e37704af8843419,2020-10-21 17:20:55,2020-10-21 오전 12:00:00,18,86141T1000,"RG3 MOLD'G W/SHLD, RH",S14,650톤-우진2호기,86,1.06,0.94,12.91,61.78,6.82,654.26,655.31,53.59,4.63,128.3,30.8,290.6,142.6,109.8,56.0,60.8,286.2,284.8,284.7,275.8,265.1,235.0,0.0,67.1,0,0,21.8,22.8,0,0,0,0,0,0,0,0
788575,5f915c8b6e37704af8843454,2020-10-21 17:34:17,2020-10-21 오전 12:00:00,17,86131T1000,"RG3 MOLD'G W/SHLD, LH",S14,650톤-우진2호기,3,1.06,0.93,12.98,61.76,6.81,654.26,0.0,53.58,4.63,128.4,30.9,290.6,142.5,116.0,55.8,60.4,285.5,285.6,284.3,275.0,265.6,235.2,0.0,66.6,0,0,21.9,23.0,0,0,0,0,0,0,0,0
788586,5f915c8b6e37704af884345f,2020-10-21 17:36:20,2020-10-21 오전 12:00:00,18,86141T1000,"RG3 MOLD'G W/SHLD, RH",S14,650톤-우진2호기,86,1.06,0.93,12.96,61.78,6.81,654.26,0.0,53.6,4.63,128.3,30.9,290.6,142.6,116.1,55.7,60.4,286.0,285.1,285.6,274.7,265.1,234.9,0.0,66.5,0,0,21.9,23.0,0,0,0,0,0,0,0,0
788643,5f915c8b6e37704af8843498,2020-10-21 17:48:47,2020-10-21 오전 12:00:00,15,86131S8900,LX2 W/S SIDE MLD'G LH(RHD),S12,650톤-우진,0,11.45,3.33,20.01,64.33,6.1,655.0,0.0,59.67,69.64,65.0,30.4,294.0,168.9,128.3,22.1,13.6,245.1,249.8,250.3,244.7,239.9,225.0,0.0,39.5,0,0,20.7,23.8,0,0,0,0,0,0,0,0
788645,5f915c8b6e37704af884349a,2020-10-21 17:49:45,2020-10-21 오전 12:00:00,17,86131T1000,"RG3 MOLD'G W/SHLD, LH",S14,650톤-우진2호기,3,1.06,0.94,12.98,61.78,6.82,654.26,0.0,53.59,4.63,128.3,31.0,290.5,142.7,116.2,56.1,60.9,286.6,285.7,285.2,276.2,264.9,235.1,0.0,66.6,0,0,21.9,23.0,0,0,0,0,0,0,0,0
788656,5f915c8b6e37704af88434a5,2020-10-21 17:51:47,2020-10-21 오전 12:00:00,18,86141T1000,"RG3 MOLD'G W/SHLD, RH",S14,650톤-우진2호기,86,1.06,0.93,12.96,61.76,6.81,654.27,0.0,53.58,4.63,128.4,30.8,290.5,142.4,115.8,55.8,60.6,285.6,285.5,284.6,275.8,264.9,235.1,0.0,66.5,0,0,21.9,23.0,0,0,0,0,0,0,0,0
788716,5f915c8b6e37704af88434e1,2020-10-21 18:05:12,2020-10-21 오전 12:00:00,17,86131T1000,"RG3 MOLD'G W/SHLD, LH",S14,650톤-우진2호기,3,1.06,0.94,13.03,61.78,6.81,654.26,0.0,53.58,4.63,128.4,30.8,290.5,142.7,116.1,55.9,60.6,285.4,284.7,284.9,274.8,264.8,234.6,0.0,66.3,0,0,22.1,23.2,0,0,0,0,0,0,0,0
788722,5f915c8b6e37704af88434e7,2020-10-21 18:06:12,2020-10-21 오전 12:00:00,18,86141T1000,"RG3 MOLD'G W/SHLD, RH",S14,650톤-우진2호기,86,1.06,0.93,12.97,61.78,6.81,654.26,0.0,53.58,4.63,128.3,30.9,290.7,142.6,116.1,56.0,60.4,286.5,285.3,285.5,274.6,265.5,235.1,0.0,66.3,0,0,22.1,23.2,0,0,0,0,0,0,0,0
788782,5f915c8b6e37704af8843523,2020-10-21 18:19:37,2020-10-21 오전 12:00:00,17,86131T1000,"RG3 MOLD'G W/SHLD, LH",S14,650톤-우진2호기,3,1.06,0.93,12.96,62.2,6.81,654.26,0.0,53.57,4.63,128.4,30.9,290.5,142.6,116.1,56.2,61.1,286.4,285.6,285.0,275.7,265.3,234.9,0.0,66.4,0,0,22.1,23.3,0,0,0,0,0,0,0,0
788792,5f915c8b6e37704af884352d,2020-10-21 18:21:39,2020-10-21 오전 12:00:00,18,86141T1000,"RG3 MOLD'G W/SHLD, RH",S14,650톤-우진2호기,86,1.06,0.93,12.96,61.78,6.81,654.27,0.0,53.59,4.63,128.4,30.8,290.6,142.5,116.1,55.6,60.3,285.6,284.9,284.5,274.8,264.6,234.8,0.0,66.5,0,0,22.2,23.3,0,0,0,0,0,0,0,0
788851,5f915c8b6e37704af8843568,2020-10-21 18:35:04,2020-10-21 오전 12:00:00,17,86131T1000,"RG3 MOLD'G W/SHLD, LH",S14,650톤-우진2호기,3,1.06,0.94,13.0,61.78,6.81,654.25,0.0,53.58,4.63,128.2,30.9,290.5,142.7,116.2,56.2,61.0,286.4,284.7,285.6,276.0,265.1,235.1,0.0,66.3,0,0,22.2,23.3,0,0,0,0,0,0,0,0
788861,5f915c8b6e37704af8843572,2020-10-21 18:37:06,2020-10-21 오전 12:00:00,18,86141T1000,"RG3 MOLD'G W/SHLD, RH",S14,650톤-우진2호기,86,1.06,0.93,12.96,61.76,6.81,654.26,0.0,53.6,4.63,128.4,30.8,290.7,142.6,116.0,56.2,60.9,286.5,284.9,285.3,275.9,265.4,235.0,0.0,66.6,0,0,22.2,23.3,0,0,0,0,0,0,0,0
788921,5f915c8b6e37704af88435ae,2020-10-21 18:50:29,2020-10-21 오전 12:00:00,17,86131T1000,"RG3 MOLD'G W/SHLD, LH",S14,650톤-우진2호기,3,1.06,0.93,13.01,61.78,6.81,654.27,0.0,53.6,4.63,128.4,30.7,290.5,142.5,115.9,55.3,60.1,286.3,285.0,285.0,274.6,264.9,235.3,0.0,67.2,0,0,22.0,23.2,0,0,0,0,0,0,0,0
788931,5f915c8b6e37704af88435b8,2020-10-21 18:52:34,2020-10-21 오전 12:00:00,18,86141T1000,"RG3 MOLD'G W/SHLD, RH",S14,650톤-우진2호기,86,1.06,0.93,12.92,61.78,6.81,654.26,0.0,53.58,4.63,128.3,30.9,290.6,142.5,116.2,55.7,60.2,286.3,284.9,285.6,275.0,264.5,235.1,0.0,65.7,0,0,22.1,23.2,0,0,0,0,0,0,0,0
788986,5f915c8b6e37704af88435ef,2020-10-21 19:04:55,2020-10-21 오전 12:00:00,17,86131T1000,"RG3 MOLD'G W/SHLD, LH",S14,650톤-우진2호기,3,1.06,0.94,12.92,61.78,6.81,654.25,0.0,53.59,4.63,128.3,30.9,290.7,142.7,116.2,56.2,60.7,285.9,285.0,285.6,276.3,265.4,234.8,0.0,67.2,0,0,21.9,23.1,0,0,0,0,0,0,0,0
788996,5f915c8b6e37704af88435f9,2020-10-21 19:06:58,2020-10-21 오전 12:00:00,18,86141T1000,"RG3 MOLD'G W/SHLD, RH",S14,650톤-우진2호기,86,1.06,0.93,12.94,61.76,6.81,654.27,0.0,53.59,4.63,128.4,30.9,290.5,142.4,115.9,55.9,60.7,285.1,284.7,285.0,275.7,265.0,234.8,0.0,67.3,0,0,22.0,23.0,0,0,0,0,0,0,0,0
789059,5f915c956e37704af8843639,2020-10-21 19:21:22,2020-10-21 오전 12:00:00,17,86131T1000,"RG3 MOLD'G W/SHLD, LH",S14,650톤-우진2호기,3,1.06,0.94,12.94,61.78,6.81,654.26,0.0,53.58,4.63,128.3,30.9,290.5,142.7,116.2,55.7,60.5,286.3,285.7,285.1,274.9,264.9,234.8,0.0,65.2,0,0,22.0,23.0,0,0,0,0,0,0,0,0
789069,5f915c956e37704af8843643,2020-10-21 19:23:26,2020-10-21 오전 12:00:00,18,86141T1000,"RG3 MOLD'G W/SHLD, RH",S14,650톤-우진2호기,86,1.06,0.94,12.93,61.76,6.81,654.26,0.0,53.58,4.63,128.3,30.8,290.5,142.7,116.2,56.1,60.9,285.8,285.8,285.5,275.9,265.2,235.2,0.0,66.1,0,0,21.9,23.0,0,0,0,0,0,0,0,0
789129,5f915c956e37704af884367f,2020-10-21 19:36:49,2020-10-21 오전 12:00:00,17,86131T1000,"RG3 MOLD'G W/SHLD, LH",S14,650톤-우진2호기,3,1.06,0.93,12.94,61.76,6.81,654.27,0.0,53.58,4.63,128.4,30.8,290.6,142.5,115.8,55.7,60.3,286.8,284.9,285.6,275.0,264.9,235.1,0.0,66.1,0,0,21.8,22.9,0,0,0,0,0,0,0,0
789139,5f915c956e37704af8843689,2020-10-21 19:38:52,2020-10-21 오전 12:00:00,18,86141T1000,"RG3 MOLD'G W/SHLD, RH",S14,650톤-우진2호기,86,1.06,0.93,12.95,61.78,6.81,654.26,0.0,53.59,4.63,128.4,30.9,290.6,142.4,115.9,55.6,60.1,285.9,284.7,285.4,274.5,265.0,235.1,0.0,65.6,0,0,21.7,23.0,0,0,0,0,0,0,0,0
789199,5f915c956e37704af88436c5,2020-10-21 19:52:16,2020-10-21 오전 12:00:00,17,86131T1000,"RG3 MOLD'G W/SHLD, LH",S14,650톤-우진2호기,3,1.06,0.93,12.94,61.78,6.81,654.26,0.0,53.58,4.63,128.4,30.8,290.6,142.5,116.2,56.1,60.9,285.1,285.6,285.0,276.2,264.7,235.0,0.0,65.3,0,0,21.8,23.0,0,0,0,0,0,0,0,0
789205,5f915c956e37704af88436cb,2020-10-21 19:53:19,2020-10-21 오전 12:00:00,18,86141T1000,"RG3 MOLD'G W/SHLD, RH",S14,650톤-우진2호기,86,1.06,0.93,12.96,61.76,6.81,654.26,0.0,53.58,4.63,128.4,30.9,290.5,142.5,116.1,55.9,60.7,285.8,285.3,284.9,276.0,264.9,235.1,0.0,67.0,0,0,21.8,23.0,0,0,0,0,0,0,0,0
789264,5f915c956e37704af8843706,2020-10-21 20:06:41,2020-10-21 오전 12:00:00,17,86131T1000,"RG3 MOLD'G W/SHLD, LH",S14,650톤-우진2호기,3,1.06,0.93,12.98,61.76,6.81,654.26,0.0,53.59,4.63,128.4,30.8,290.4,142.5,116.0,55.5,60.3,285.3,285.5,284.9,274.9,265.5,234.7,0.0,66.2,0,0,21.9,23.1,0,0,0,0,0,0,0,0
789275,5f915c956e37704af8843711,2020-10-21 20:08:44,2020-10-21 오전 12:00:00,18,86141T1000,"RG3 MOLD'G W/SHLD, RH",S14,650톤-우진2호기,86,1.06,0.94,12.98,61.78,6.81,654.25,0.0,53.61,4.63,128.3,30.8,290.6,142.7,116.1,55.9,60.7,286.0,285.1,285.2,275.1,265.3,234.7,0.0,65.0,0,0,21.8,23.0,0,0,0,0,0,0,0,0
789336,5f915c956e37704af884374e,2020-10-21 20:22:09,2020-10-21 오전 12:00:00,17,86131T1000,"RG3 MOLD'G W/SHLD, LH",S14,650톤-우진2호기,3,1.06,0.93,12.93,61.78,6.81,654.26,0.0,53.59,4.63,128.4,30.8,290.5,142.6,116.1,55.9,60.8,286.5,284.6,285.4,274.8,265.9,235.0,0.0,65.8,0,0,21.8,22.8,0,0,0,0,0,0,0,0
789345,5f915c956e37704af8843757,2020-10-21 20:24:11,2020-10-21 오전 12:00:00,18,86141T1000,"RG3 MOLD'G W/SHLD, RH",S14,650톤-우진2호기,86,1.06,0.93,12.99,61.78,6.81,654.26,0.0,53.59,4.63,128.4,30.9,290.6,142.5,116.0,55.7,60.1,285.8,285.4,285.0,274.5,265.6,235.2,0.0,65.6,0,0,21.7,22.8,0,0,0,0,0,0,0,0
789406,5f915c956e37704af8843794,2020-10-21 20:37:34,2020-10-21 오전 12:00:00,17,86131T1000,"RG3 MOLD'G W/SHLD, LH",S14,650톤-우진2호기,3,1.06,0.94,12.91,61.78,6.81,654.25,0.0,53.58,4.63,128.3,31.0,290.6,142.7,116.3,56.2,60.9,285.5,285.1,284.9,276.3,264.9,235.2,0.0,66.1,0,0,21.7,22.8,0,0,0,0,0,0,0,0
789411,5f915c956e37704af8843799,2020-10-21 20:38:36,2020-10-21 오전 12:00:00,18,86141T1000,"RG3 MOLD'G W/SHLD, RH",S14,650톤-우진2호기,86,1.06,0.93,12.93,61.78,6.81,654.26,0.0,53.59,4.63,128.3,30.7,290.6,142.5,116.2,56.2,61.0,285.8,284.8,284.9,276.3,264.9,235.1,0.0,66.0,0,0,21.7,22.8,0,0,0,0,0,0,0,0
789474,5f915c956e37704af88437d8,2020-10-21 20:53:01,2020-10-21 오전 12:00:00,17,86131T1000,"RG3 MOLD'G W/SHLD, LH",S14,650톤-우진2호기,3,1.06,0.93,12.93,61.78,6.81,654.27,0.0,53.58,4.63,128.4,30.8,290.6,142.5,116.0,55.4,60.0,285.7,284.9,284.3,274.9,266.0,234.8,0.0,66.8,0,0,21.8,22.9,0,0,0,0,0,0,0,0
789484,5f915c956e37704af88437e2,2020-10-21 20:55:04,2020-10-21 오전 12:00:00,18,86141T1000,"RG3 MOLD'G W/SHLD, RH",S14,650톤-우진2호기,86,1.06,0.94,13.02,61.78,6.81,654.26,0.0,53.59,4.63,128.3,30.9,290.5,142.7,116.1,56.0,60.8,285.5,284.8,285.1,275.5,264.6,235.2,0.0,65.9,0,0,21.8,23.0,0,0,0,0,0,0,0,0
789545,5f915c956e37704af884381f,2020-10-21 21:08:27,2020-10-21 오전 12:00:00,17,86131T1000,"RG3 MOLD'G W/SHLD, LH",S14,650톤-우진2호기,3,1.06,0.93,12.97,61.78,6.81,654.26,0.0,53.6,4.63,128.4,30.9,290.6,142.6,115.9,55.9,60.6,285.3,285.4,284.5,275.4,264.9,234.8,0.0,66.7,0,0,21.8,23.0,0,0,0,0,0,0,0,0
789554,5f915c956e37704af8843828,2020-10-21 21:10:32,2020-10-21 오전 12:00:00,18,86141T1000,"RG3 MOLD'G W/SHLD, RH",S14,650톤-우진2호기,86,1.06,0.93,12.92,61.76,6.81,654.26,0.0,53.58,4.63,128.4,30.8,290.5,142.4,116.0,55.7,60.5,286.0,285.1,284.5,274.8,264.6,235.3,0.0,65.2,0,0,21.9,23.0,0,0,0,0,0,0,0,0
789614,5f915c956e37704af8843864,2020-10-21 21:23:54,2020-10-21 오전 12:00:00,17,86131T1000,"RG3 MOLD'G W/SHLD, LH",S14,650톤-우진2호기,3,1.06,0.94,12.97,61.78,6.81,654.26,0.0,53.58,4.63,128.3,30.9,290.5,142.6,116.4,56.2,61.1,285.5,285.2,284.7,275.8,264.8,235.0,0.0,66.0,0,0,21.7,22.9,0,0,0,0,0,0,0,0
789619,5f915c956e37704af8843869,2020-10-21 21:24:57,2020-10-21 오전 12:00:00,18,86141T1000,"RG3 MOLD'G W/SHLD, RH",S14,650톤-우진2호기,86,1.06,0.94,12.9,61.78,6.81,654.26,0.0,53.58,4.63,128.3,30.8,290.5,142.6,116.3,56.1,60.9,285.8,285.2,285.3,276.2,265.0,235.0,0.0,66.1,0,0,21.7,22.9,0,0,0,0,0,0,0,0
789679,5f915c966e37704af88438a5,2020-10-21 21:38:19,2020-10-21 오전 12:00:00,17,86131T1000,"RG3 MOLD'G W/SHLD, LH",S14,650톤-우진2호기,3,1.06,0.93,12.89,61.78,6.81,654.27,0.0,53.59,4.63,128.5,30.8,290.5,142.3,115.6,55.4,60.1,286.4,285.3,285.4,275.2,265.3,234.8,0.0,65.1,0,0,21.7,22.8,0,0,0,0,0,0,0,0
789691,5f915c966e37704af88438b1,2020-10-21 21:41:23,2020-10-21 오전 12:00:00,18,86141T1000,"RG3 MOLD'G W/SHLD, RH",S14,650톤-우진2호기,86,1.06,0.94,12.97,61.78,6.81,654.26,0.0,53.58,4.63,128.3,30.8,290.7,142.6,116.0,55.7,60.2,286.1,284.9,285.2,274.3,264.9,235.0,0.0,66.2,0,0,21.8,22.9,0,0,0,0,0,0,0,0
789755,5f915c966e37704af88438f1,2020-10-21 21:55:50,2020-10-21 오전 12:00:00,17,86131T1000,"RG3 MOLD'G W/SHLD, LH",S14,650톤-우진2호기,3,1.06,0.93,12.96,61.78,6.81,654.27,0.0,53.58,4.63,128.5,30.8,290.6,142.4,115.8,55.9,60.5,286.1,285.1,285.2,275.9,264.8,234.9,0.0,66.4,0,0,21.8,23.0,0,0,0,0,0,0,0,0
789765,5f915c966e37704af88438fb,2020-10-21 21:57:53,2020-10-21 오전 12:00:00,18,86141T1000,"RG3 MOLD'G W/SHLD, RH",S14,650톤-우진2호기,86,1.06,0.93,12.93,61.76,6.81,654.27,0.0,53.59,4.63,128.4,30.8,290.5,142.4,115.8,55.4,60.1,286.8,285.3,285.5,275.0,264.8,235.0,0.0,66.1,0,0,21.9,23.0,0,0,0,0,0,0,0,0
789825,5f915c966e37704af8843937,2020-10-21 22:11:17,2020-10-21 오전 12:00:00,17,86131T1000,"RG3 MOLD'G W/SHLD, LH",S14,650톤-우진2호기,3,1.06,0.94,12.92,61.78,6.81,654.25,0.0,53.58,4.63,128.3,30.9,290.5,142.7,116.4,55.9,60.6,286.2,284.6,285.0,274.6,265.6,235.1,0.0,66.3,0,0,21.8,22.9,0,0,0,0,0,0,0,0
789831,5f915c966e37704af884393d,2020-10-21 22:12:17,2020-10-21 오전 12:00:00,18,86141T1000,"RG3 MOLD'G W/SHLD, RH",S14,650톤-우진2호기,86,1.06,0.94,12.96,61.78,6.81,654.25,0.0,53.6,4.63,128.3,30.8,290.6,142.7,116.3,56.1,61.0,286.6,285.3,284.6,275.3,265.1,234.9,0.0,66.3,0,0,21.8,23.0,0,0,0,0,0,0,0,0
789894,5f915c966e37704af884397c,2020-10-21 22:26:42,2020-10-21 오전 12:00:00,17,86131T1000,"RG3 MOLD'G W/SHLD, LH",S14,650톤-우진2호기,3,1.06,0.93,13.02,61.78,6.81,654.26,0.0,53.58,4.63,128.3,30.9,290.5,142.6,116.1,55.8,60.6,285.9,285.0,284.9,274.6,265.4,235.2,0.0,65.5,0,0,21.8,23.0,0,0,0,0,0,0,0,0
789900,5f915c966e37704af8843982,2020-10-21 22:27:44,2020-10-21 오전 12:00:00,18,86141T1000,"RG3 MOLD'G W/SHLD, RH",S14,650톤-우진2호기,86,1.06,0.93,12.95,61.76,6.81,654.26,0.0,53.58,4.63,128.4,30.8,290.6,142.4,116.1,55.9,60.5,285.5,285.0,285.5,274.3,265.9,235.0,0.0,65.0,0,0,21.8,22.9,0,0,0,0,0,0,0,0
789958,5f915c966e37704af88439bc,2020-10-21 22:41:08,2020-10-21 오전 12:00:00,17,86131T1000,"RG3 MOLD'G W/SHLD, LH",S14,650톤-우진2호기,3,1.06,0.94,12.93,61.78,6.81,654.26,0.0,53.57,4.63,128.2,30.8,290.5,142.5,116.2,56.1,61.0,285.8,284.8,284.7,275.3,264.7,235.1,0.0,65.1,0,0,22.0,23.1,0,0,0,0,0,0,0,0
789969,5f915c966e37704af88439c7,2020-10-21 22:43:11,2020-10-21 오전 12:00:00,18,86141T1000,"RG3 MOLD'G W/SHLD, RH",S14,650톤-우진2호기,86,1.06,0.94,12.98,61.76,6.81,654.25,0.0,53.58,4.63,128.3,30.9,290.6,142.7,116.2,55.8,60.4,286.1,284.6,285.3,275.0,264.8,234.8,0.0,65.2,0,0,22.0,23.1,0,0,0,0,0,0,0,0
790029,5f915ca16e37704af8843a04,2020-10-21 22:56:33,2020-10-21 오전 12:00:00,17,86131T1000,"RG3 MOLD'G W/SHLD, LH",S14,650톤-우진2호기,3,1.06,0.93,12.91,61.78,6.81,654.26,0.0,53.59,4.63,128.3,30.8,290.6,142.6,116.3,56.0,60.7,285.6,285.7,284.7,276.3,264.7,235.0,0.0,66.8,0,0,22.0,23.1,0,0,0,0,0,0,0,0
790039,5f915ca16e37704af8843a0e,2020-10-21 22:58:38,2020-10-21 오전 12:00:00,18,86141T1000,"RG3 MOLD'G W/SHLD, RH",S14,650톤-우진2호기,86,1.06,0.93,12.95,61.76,6.81,654.26,0.0,53.6,4.63,128.4,31.0,290.6,142.5,115.9,56.0,60.6,285.4,285.3,285.1,276.2,264.8,235.0,0.0,65.9,0,0,22.0,23.1,0,0,0,0,0,0,0,0
790099,5f915ca16e37704af8843a4a,2020-10-21 23:12:01,2020-10-21 오전 12:00:00,17,86131T1000,"RG3 MOLD'G W/SHLD, LH",S14,650톤-우진2호기,3,1.06,0.93,12.95,62.12,6.8,654.26,0.0,53.6,4.63,128.3,30.9,290.5,142.6,115.9,55.6,60.3,285.8,284.5,285.1,275.0,264.8,235.0,0.0,66.2,0,0,22.0,23.1,0,0,0,0,0,0,0,0
790105,5f915ca16e37704af8843a50,2020-10-21 23:13:03,2020-10-21 오전 12:00:00,18,86141T1000,"RG3 MOLD'G W/SHLD, RH",S14,650톤-우진2호기,86,1.06,0.93,12.96,61.76,6.8,654.26,0.0,53.58,4.63,128.3,30.9,290.5,142.6,116.0,55.8,60.5,285.2,286.1,284.9,274.9,265.5,235.1,0.0,66.4,0,0,21.8,22.9,0,0,0,0,0,0,0,0
790165,5f915ca16e37704af8843a8c,2020-10-21 23:26:25,2020-10-22 오전 12:00:00,9,86131T1000,"RG3 MOLD'G W/SHLD, LH",S14,650톤-우진2호기,0,1.06,0.93,12.94,61.78,6.8,654.25,0.0,53.58,4.63,128.3,30.9,290.5,142.6,116.2,56.0,60.7,286.9,285.8,285.0,275.5,264.9,235.2,0.0,66.2,0,0,22.0,23.0,0,0,0,0,0,0,0,0
790175,5f915ca16e37704af8843a96,2020-10-21 23:28:30,2020-10-22 오전 12:00:00,10,86141T1000,"RG3 MOLD'G W/SHLD, RH",S14,650톤-우진2호기,0,1.06,0.93,12.92,61.74,6.8,654.26,0.0,53.59,4.63,128.3,30.7,290.6,142.5,116.1,55.9,60.5,285.3,285.3,284.4,274.9,264.8,234.8,0.0,66.2,0,0,22.1,23.1,0,0,0,0,0,0,0,0
790216,5f915ca16e37704af8843abf,2020-10-21 23:41:30,2020-10-22 오전 12:00:00,8,86141S8900,LX2 W/S SIDE MLD'G RH(RHD),S12,650톤-우진,0,11.44,3.32,19.88,64.31,6.11,655.0,0.0,59.67,69.64,65.1,30.4,293.9,168.7,127.9,22.0,13.6,245.5,249.9,249.8,244.4,240.1,225.0,0.0,38.9,0,0,19.4,22.4,0,0,0,0,0,0,0,0
790217,5f915ca16e37704af8843ac0,2020-10-21 23:41:52,2020-10-22 오전 12:00:00,9,86131T1000,"RG3 MOLD'G W/SHLD, LH",S14,650톤-우진2호기,0,1.06,0.94,12.98,61.78,6.8,654.25,0.0,53.58,4.63,128.3,30.7,290.6,142.6,116.4,56.1,60.7,286.0,285.2,284.9,275.1,265.3,234.7,0.0,67.0,0,0,22.1,23.2,0,0,0,0,0,0,0,0
790224,5f915ca16e37704af8843ac7,2020-10-21 23:43:56,2020-10-22 오전 12:00:00,10,86141T1000,"RG3 MOLD'G W/SHLD, RH",S14,650톤-우진2호기,0,1.06,0.94,12.94,61.78,6.8,654.25,0.0,53.6,4.63,128.3,30.9,290.6,142.7,116.2,56.2,60.9,285.8,285.2,285.0,275.7,265.0,234.9,0.0,66.4,0,0,22.1,23.2,0,0,0,0,0,0,0,0
790260,5f915ca16e37704af8843aeb,2020-10-21 23:57:19,2020-10-22 오전 12:00:00,9,86131T1000,"RG3 MOLD'G W/SHLD, LH",S14,650톤-우진2호기,0,1.06,0.93,12.97,61.78,6.8,654.27,0.0,53.58,4.63,128.3,30.8,290.5,142.6,116.0,55.7,60.5,286.5,285.7,285.1,274.5,264.6,234.8,0.0,65.4,0,0,22.1,23.2,0,0,0,0,0,0,0,0
790264,5f915ca16e37704af8843aef,2020-10-21 23:58:20,2020-10-22 오전 12:00:00,10,86141T1000,"RG3 MOLD'G W/SHLD, RH",S14,650톤-우진2호기,0,1.06,0.94,13.01,61.78,6.8,654.26,0.0,53.6,4.63,128.3,30.8,290.5,142.7,116.0,55.7,60.5,286.3,284.7,285.6,274.9,264.2,235.0,0.0,66.6,0,0,22.1,23.2,0,0,0,0,0,0,0,0
790296,5f915ca16e37704af8843b0f,2020-10-22 00:11:44,2020-10-22 오전 12:00:00,9,86131T1000,"RG3 MOLD'G W/SHLD, LH",S14,650톤-우진2호기,0,1.06,0.94,12.97,61.78,6.8,654.25,0.0,53.6,4.63,128.3,30.8,290.6,142.7,116.3,56.2,60.9,285.7,285.7,285.0,276.2,264.7,235.0,0.0,66.2,0,0,21.8,22.9,0,0,0,0,0,0,0,0
790303,5f915ca16e37704af8843b16,2020-10-22 00:13:47,2020-10-22 오전 12:00:00,10,86141T1000,"RG3 MOLD'G W/SHLD, RH",S14,650톤-우진2호기,0,1.06,0.93,12.92,61.78,6.8,654.26,0.0,53.58,4.63,128.4,30.8,290.6,142.4,116.0,56.0,60.8,285.7,285.5,285.0,275.0,265.5,235.2,0.0,66.2,0,0,21.9,23.0,0,0,0,0,0,0,0,0
790335,5f915ca16e37704af8843b36,2020-10-22 00:27:10,2020-10-22 오전 12:00:00,9,86131T1000,"RG3 MOLD'G W/SHLD, LH",S14,650톤-우진2호기,0,1.06,0.93,12.94,61.78,6.8,654.27,0.0,53.58,4.63,128.4,30.9,290.5,142.4,116.0,55.7,60.5,285.5,284.4,284.7,274.3,266.4,235.0,0.0,67.6,0,0,22.0,23.0,0,0,0,0,0,0,0,0
790342,5f915ca16e37704af8843b3d,2020-10-22 00:29:15,2020-10-22 오전 12:00:00,10,86141T1000,"RG3 MOLD'G W/SHLD, RH",S14,650톤-우진2호기,0,1.06,0.94,12.95,61.76,6.8,654.25,0.0,53.58,4.63,128.2,30.8,290.5,142.7,116.4,56.0,60.7,285.8,284.6,285.0,275.6,265.0,234.6,0.0,66.0,0,0,22.0,23.1,0,0,0,0,0,0,0,0
790379,5f915ca16e37704af8843b62,2020-10-22 00:42:37,2020-10-22 오전 12:00:00,9,86131T1000,"RG3 MOLD'G W/SHLD, LH",S14,650톤-우진2호기,0,1.06,0.93,12.92,61.8,6.8,654.27,0.0,53.59,4.63,128.3,30.9,290.5,142.5,116.0,55.6,60.4,286.2,284.9,284.9,275.0,264.9,234.8,0.0,66.0,0,0,21.9,23.1,0,0,0,0,0,0,0,0
790383,5f915ca16e37704af8843b66,2020-10-22 00:43:40,2020-10-22 오전 12:00:00,10,86141T1000,"RG3 MOLD'G W/SHLD, RH",S14,650톤-우진2호기,0,1.06,0.93,12.92,61.78,6.8,654.26,0.0,53.6,4.63,128.3,31.0,290.5,142.6,116.1,55.6,60.3,286.4,285.2,284.6,274.6,264.8,234.8,0.0,66.0,0,0,21.9,23.0,0,0,0,0,0,0,0,0
790424,5f915ca16e37704af8843b8f,2020-10-22 00:58:03,2020-10-22 오전 12:00:00,9,86131T1000,"RG3 MOLD'G W/SHLD, LH",S14,650톤-우진2호기,0,1.06,0.94,12.87,61.78,6.8,654.25,0.0,53.59,4.63,128.3,30.8,290.6,142.7,116.2,56.3,61.0,285.5,285.3,284.8,276.5,264.8,234.9,0.0,65.6,0,0,21.8,22.9,0,0,0,0,0,0,0,0
790428,5f915ca16e37704af8843b93,2020-10-22 00:59:05,2020-10-22 오전 12:00:00,10,86141T1000,"RG3 MOLD'G W/SHLD, RH",S14,650톤-우진2호기,0,1.06,0.93,12.94,61.78,6.8,654.26,0.0,53.58,4.63,128.3,30.8,290.4,142.5,116.1,56.1,61.2,286.6,284.7,285.1,276.1,265.0,235.0,0.0,65.7,0,0,21.9,23.0,0,0,0,0,0,0,0,0
790465,5f915ca16e37704af8843bb8,2020-10-22 01:12:29,2020-10-22 오전 12:00:00,9,86131T1000,"RG3 MOLD'G W/SHLD, LH",S14,650톤-우진2호기,0,1.06,0.93,12.99,61.74,6.8,654.26,0.0,53.58,4.63,128.3,30.9,290.4,142.4,116.0,55.7,60.6,285.7,284.7,285.0,274.6,265.4,234.9,0.0,65.1,0,0,22.0,23.1,0,0,0,0,0,0,0,0
790472,5f915ca16e37704af8843bbf,2020-10-22 01:14:31,2020-10-22 오전 12:00:00,10,86141T1000,"RG3 MOLD'G W/SHLD, RH",S14,650톤-우진2호기,0,1.06,0.94,12.91,61.74,6.8,654.25,0.0,53.58,4.63,128.2,30.9,290.5,142.7,116.4,55.8,60.5,286.4,285.2,284.4,275.2,264.7,234.7,0.0,67.0,0,0,22.0,23.1,0,0,0,0,0,0,0,0
790509,5f915ca16e37704af8843be4,2020-10-22 01:27:56,2020-10-22 오전 12:00:00,9,86131T1000,"RG3 MOLD'G W/SHLD, LH",S14,650톤-우진2호기,0,1.06,0.93,12.88,61.78,6.8,654.26,0.0,53.59,4.63,128.3,30.8,290.6,142.5,116.1,55.9,60.6,286.1,285.4,285.0,276.4,264.9,235.2,0.0,65.5,0,0,22.0,23.1,0,0,0,0,0,0,0,0
790513,5f915ca16e37704af8843be8,2020-10-22 01:28:56,2020-10-22 오전 12:00:00,10,86141T1000,"RG3 MOLD'G W/SHLD, RH",S14,650톤-우진2호기,0,1.06,0.93,12.96,61.76,6.8,654.27,0.0,53.6,4.63,128.3,31.0,290.4,142.5,116.0,55.8,60.8,286.0,285.0,285.5,275.7,265.4,234.9,0.0,66.1,0,0,21.9,23.1,0,0,0,0,0,0,0,0
790553,5f915ca16e37704af8843c10,2020-10-22 01:43:21,2020-10-22 오전 12:00:00,9,86131T1000,"RG3 MOLD'G W/SHLD, LH",S14,650톤-우진2호기,0,1.06,0.94,12.98,61.76,6.8,654.25,0.0,53.59,4.63,128.2,30.9,290.6,142.8,116.3,56.2,60.8,285.7,285.3,284.8,275.5,264.7,235.1,0.0,64.5,0,0,22.0,23.2,0,0,0,0,0,0,0,0
790557,5f915ca16e37704af8843c14,2020-10-22 01:44:23,2020-10-22 오전 12:00:00,10,86141T1000,"RG3 MOLD'G W/SHLD, RH",S14,650톤-우진2호기,0,1.06,0.94,12.9,61.74,6.8,654.24,0.0,53.59,4.63,128.2,30.9,290.5,142.7,116.5,56.2,61.0,285.8,285.0,285.5,275.9,265.1,235.0,0.0,66.0,0,0,21.9,23.2,0,0,0,0,0,0,0,0
790595,5f915ca16e37704af8843c3a,2020-10-22 01:57:47,2020-10-22 오전 12:00:00,9,86131T1000,"RG3 MOLD'G W/SHLD, LH",S14,650톤-우진2호기,0,1.06,0.93,12.94,61.78,6.8,654.27,0.0,53.58,4.63,128.4,31.0,290.6,142.4,115.8,55.9,60.6,286.3,285.4,284.9,276.3,265.2,234.8,0.0,65.9,0,0,22.0,23.1,0,0,0,0,0,0,0,0
790601,5f915ca16e37704af8843c40,2020-10-22 01:59:49,2020-10-22 오전 12:00:00,10,86141T1000,"RG3 MOLD'G W/SHLD, RH",S14,650톤-우진2호기,0,1.06,0.93,12.91,61.76,6.8,654.27,0.0,53.59,4.63,128.4,30.8,290.5,142.4,115.7,55.3,60.1,285.8,285.3,284.4,275.1,265.9,235.0,0.0,66.6,0,0,22.0,23.1,0,0,0,0,0,0,0,0
790642,5f915ca16e37704af8843c69,2020-10-22 02:14:16,2020-10-22 오전 12:00:00,9,86131T1000,"RG3 MOLD'G W/SHLD, LH",S14,650톤-우진2호기,0,1.06,0.94,12.92,61.74,6.8,654.24,0.0,53.59,4.63,128.1,30.9,290.5,142.8,116.5,56.3,61.3,286.3,285.8,285.0,275.8,264.9,234.7,0.0,66.0,0,0,22.1,23.3,0,0,0,0,0,0,0,0
790646,5f915ca16e37704af8843c6d,2020-10-22 02:15:16,2020-10-22 오전 12:00:00,10,86141T1000,"RG3 MOLD'G W/SHLD, RH",S14,650톤-우진2호기,0,1.06,0.94,12.95,61.78,6.8,654.25,0.0,53.59,4.63,128.2,30.7,290.5,142.8,116.4,56.4,61.4,285.8,284.8,284.6,276.2,264.9,234.8,0.0,65.9,0,0,22.1,23.3,0,0,0,0,0,0,0,0
790689,5f915ca16e37704af8843c98,2020-10-22 02:29:41,2020-10-22 오전 12:00:00,9,86131T1000,"RG3 MOLD'G W/SHLD, LH",S14,650톤-우진2호기,0,1.06,0.93,12.95,61.78,6.8,654.26,0.0,53.58,4.63,128.3,31.0,290.6,142.5,116.0,55.9,60.5,286.1,284.4,284.8,274.7,264.9,235.0,0.0,66.6,0,0,22.2,23.3,0,0,0,0,0,0,0,0
790693,5f915ca16e37704af8843c9c,2020-10-22 02:30:42,2020-10-22 오전 12:00:00,10,86141T1000,"RG3 MOLD'G W/SHLD, RH",S14,650톤-우진2호기,0,1.06,0.93,12.98,61.78,6.8,654.26,0.0,53.58,4.63,128.3,30.8,290.6,142.5,116.2,55.8,60.4,285.3,285.3,284.4,274.7,264.9,235.0,0.0,65.3,0,0,22.2,23.3,0,0,0,0,0,0,0,0
790736,5f915ca16e37704af8843cc7,2020-10-22 02:45:08,2020-10-22 오전 12:00:00,9,86131T1000,"RG3 MOLD'G W/SHLD, LH",S14,650톤-우진2호기,0,1.06,0.94,12.9,61.78,6.81,654.25,0.0,53.59,4.63,128.3,30.8,290.5,142.6,116.3,56.1,60.8,286.4,285.3,285.1,276.1,264.9,235.0,0.0,66.0,0,0,22.2,23.3,0,0,0,0,0,0,0,0
790740,5f915ca16e37704af8843ccb,2020-10-22 02:46:10,2020-10-22 오전 12:00:00,10,86141T1000,"RG3 MOLD'G W/SHLD, RH",S14,650톤-우진2호기,0,1.06,0.94,12.93,61.78,6.81,654.25,0.0,53.58,4.63,128.3,30.8,290.4,142.6,116.2,56.1,61.1,286.6,285.0,285.5,275.8,265.2,235.0,0.0,66.1,0,0,22.3,23.4,0,0,0,0,0,0,0,0
790777,5f915ca16e37704af8843cf0,2020-10-22 02:59:31,2020-10-22 오전 12:00:00,9,86131T1000,"RG3 MOLD'G W/SHLD, LH",S14,650톤-우진2호기,0,1.06,0.94,12.96,61.72,6.81,654.26,0.0,53.58,4.63,128.3,30.9,290.5,142.7,116.2,55.7,60.5,285.8,285.6,285.2,274.9,265.0,234.7,0.0,65.9,0,0,22.4,23.5,0,0,0,0,0,0,0,0
790784,5f915ca16e37704af8843cf7,2020-10-22 03:01:36,2020-10-22 오전 12:00:00,10,86141T1000,"RG3 MOLD'G W/SHLD, RH",S14,650톤-우진2호기,0,1.06,0.94,12.93,61.74,6.8,654.25,0.0,53.58,4.63,128.2,30.9,290.5,142.7,116.3,56.0,61.0,285.9,285.3,285.0,275.3,265.0,234.8,0.0,67.1,0,0,22.3,23.5,0,0,0,0,0,0,0,0
790822,5f915ca16e37704af8843d1d,2020-10-22 03:14:59,2020-10-22 오전 12:00:00,9,86131T1000,"RG3 MOLD'G W/SHLD, LH",S14,650톤-우진2호기,0,1.06,0.93,12.94,61.78,6.81,654.27,0.0,53.58,4.63,128.4,30.9,290.6,142.5,115.9,56.0,60.7,286.4,285.2,285.1,275.7,265.4,234.8,0.0,66.1,0,0,22.3,23.5,0,0,0,0,0,0,0,0
790825,5f915ca16e37704af8843d20,2020-10-22 03:16:00,2020-10-22 오전 12:00:00,10,86141T1000,"RG3 MOLD'G W/SHLD, RH",S14,650톤-우진2호기,0,1.06,0.93,12.89,61.72,6.8,654.27,0.0,53.59,4.63,128.4,30.8,290.5,142.3,115.8,55.6,60.4,285.7,284.9,285.5,275.5,265.1,235.2,0.0,66.7,0,0,22.3,23.5,0,0,0,0,0,0,0,0
790866,5f915ca16e37704af8843d49,2020-10-22 03:30:25,2020-10-22 오전 12:00:00,9,86131T1000,"RG3 MOLD'G W/SHLD, LH",S14,650톤-우진2호기,0,1.06,0.93,12.93,61.76,6.81,654.26,0.0,53.58,4.63,128.3,30.8,290.6,142.6,116.1,55.9,60.6,286.7,285.5,284.8,274.6,265.8,235.0,0.0,66.1,0,0,22.2,23.3,0,0,0,0,0,0,0,0
790870,5f915ca16e37704af8843d4d,2020-10-22 03:31:27,2020-10-22 오전 12:00:00,10,86141T1000,"RG3 MOLD'G W/SHLD, RH",S14,650톤-우진2호기,0,1.06,0.94,13.01,61.78,6.81,654.25,0.0,53.59,4.63,128.2,30.9,290.5,142.7,116.2,55.9,60.7,286.3,285.3,284.8,275.0,264.9,234.8,0.0,66.6,0,0,22.2,23.3,0,0,0,0,0,0,0,0
790907,5f915ca16e37704af8843d72,2020-10-22 03:44:51,2020-10-22 오전 12:00:00,9,86131T1000,"RG3 MOLD'G W/SHLD, LH",S14,650톤-우진2호기,0,1.06,0.94,12.93,61.78,6.81,654.26,0.0,53.58,4.63,128.3,30.9,290.5,142.7,116.4,56.2,61.0,286.3,285.5,285.0,275.4,265.0,234.6,0.0,65.3,0,0,22.3,23.4,0,0,0,0,0,0,0,0
790914,5f915ca16e37704af8843d79,2020-10-22 03:46:53,2020-10-22 오전 12:00:00,10,86141T1000,"RG3 MOLD'G W/SHLD, RH",S14,650톤-우진2호기,0,1.06,0.94,12.96,61.78,6.81,654.26,0.0,53.59,4.63,128.3,30.8,290.5,142.7,116.2,55.9,60.8,285.7,284.6,285.1,274.8,265.0,235.1,0.0,67.4,0,0,22.3,23.4,0,0,0,0,0,0,0,0
790951,5f915ca16e37704af8843d9e,2020-10-22 04:00:17,2020-10-22 오전 12:00:00,9,86131T1000,"RG3 MOLD'G W/SHLD, LH",S14,650톤-우진2호기,0,1.06,0.94,12.99,61.78,6.81,654.25,0.0,53.57,4.63,128.2,30.9,290.6,142.7,116.2,56.2,60.8,285.7,284.9,285.0,275.6,265.2,235.0,0.0,65.8,0,0,22.2,23.2,0,0,0,0,0,0,0,0
790955,5f915ca16e37704af8843da2,2020-10-22 04:01:19,2020-10-22 오전 12:00:00,10,86141T1000,"RG3 MOLD'G W/SHLD, RH",S14,650톤-우진2호기,0,1.06,0.94,12.89,61.76,6.81,654.25,0.0,53.56,4.63,128.2,30.8,290.6,142.6,116.3,56.2,60.9,285.9,285.7,284.4,275.5,264.8,234.9,0.0,65.8,0,0,22.2,23.3,0,0,0,0,0,0,0,0
790996,5f915ca16e37704af8843dcb,2020-10-22 04:16:45,2020-10-22 오전 12:00:00,9,86131T1000,"RG3 MOLD'G W/SHLD, LH",S14,650톤-우진2호기,0,1.06,0.94,12.94,61.76,6.81,654.25,0.0,53.56,4.63,128.1,30.9,290.7,142.8,116.5,56.0,60.5,286.6,285.6,285.7,274.5,265.9,234.8,0.0,67.1,0,0,22.4,23.3,0,0,0,0,0,0,0,0
791000,5f915cab6e37704af8843dd0,2020-10-22 04:17:47,2020-10-22 오전 12:00:00,10,86141T1000,"RG3 MOLD'G W/SHLD, RH",S14,650톤-우진2호기,0,1.06,0.94,12.92,61.78,6.81,654.25,0.0,53.58,4.63,128.3,30.9,290.5,142.8,116.4,56.2,61.0,286.8,284.9,285.1,275.8,265.1,235.3,0.0,65.8,0,0,22.2,23.2,0,0,0,0,0,0,0,0
791038,5f915cab6e37704af8843df6,2020-10-22 04:31:10,2020-10-22 오전 12:00:00,9,86131T1000,"RG3 MOLD'G W/SHLD, LH",S14,650톤-우진2호기,0,1.06,0.93,12.88,61.78,6.81,654.26,0.0,53.58,4.63,128.3,30.9,290.6,142.6,115.9,56.0,60.7,285.4,285.4,285.4,275.7,265.1,234.6,0.0,66.3,0,0,22.3,23.4,0,0,0,0,0,0,0,0
791044,5f915cab6e37704af8843dfc,2020-10-22 04:33:13,2020-10-22 오전 12:00:00,10,86141T1000,"RG3 MOLD'G W/SHLD, RH",S14,650톤-우진2호기,0,1.06,0.93,12.93,61.78,6.81,654.27,0.0,53.57,4.63,128.4,30.8,290.5,142.3,115.9,55.6,60.3,285.6,284.9,284.9,274.8,264.9,235.2,0.0,66.3,0,0,22.2,23.3,0,0,0,0,0,0,0,0
791082,5f915cab6e37704af8843e22,2020-10-22 04:46:36,2020-10-22 오전 12:00:00,9,86131T1000,"RG3 MOLD'G W/SHLD, LH",S14,650톤-우진2호기,0,1.06,0.94,12.93,61.78,6.81,654.26,0.0,53.56,4.63,128.3,30.9,290.6,142.5,116.2,55.9,60.5,285.7,285.2,285.0,275.6,265.1,235.1,0.0,66.2,0,0,22.3,23.4,0,0,0,0,0,0,0,0
791086,5f915cab6e37704af8843e26,2020-10-22 04:47:38,2020-10-22 오전 12:00:00,10,86141T1000,"RG3 MOLD'G W/SHLD, RH",S14,650톤-우진2호기,0,1.06,0.94,12.9,61.78,6.81,654.26,0.0,53.57,4.63,128.2,30.8,290.5,142.7,116.2,56.0,60.8,285.7,285.4,285.0,275.8,265.5,234.8,0.0,66.9,0,0,22.3,23.4,0,0,0,0,0,0,0,0
791126,5f915cab6e37704af8843e4e,2020-10-22 05:02:02,2020-10-22 오전 12:00:00,9,86131T1000,"RG3 MOLD'G W/SHLD, LH",S14,650톤-우진2호기,0,1.06,0.93,12.98,61.78,6.81,654.27,0.0,53.57,4.63,128.4,30.9,290.5,142.5,116.0,55.4,60.2,286.4,285.1,285.5,274.3,265.5,234.9,0.0,66.3,0,0,22.5,23.5,0,0,0,0,0,0,0,0
791130,5f915cab6e37704af8843e52,2020-10-22 05:03:04,2020-10-22 오전 12:00:00,10,86141T1000,"RG3 MOLD'G W/SHLD, RH",S14,650톤-우진2호기,0,1.06,0.93,12.9,61.78,6.81,654.25,0.0,53.57,4.63,128.3,30.8,290.6,142.6,116.1,55.6,60.2,285.7,284.8,284.6,274.5,265.5,235.0,0.0,66.2,0,0,22.4,23.5,0,0,0,0,0,0,0,0
791171,5f915cab6e37704af8843e7b,2020-10-22 05:17:30,2020-10-22 오전 12:00:00,9,86131T1000,"RG3 MOLD'G W/SHLD, LH",S14,650톤-우진2호기,0,1.06,0.93,12.93,61.78,6.81,654.26,0.0,53.57,4.63,128.3,30.9,290.5,142.4,116.2,56.1,60.9,286.1,285.7,285.1,276.0,265.0,235.3,0.0,67.4,0,0,22.6,23.6,0,0,0,0,0,0,0,0
791175,5f915cab6e37704af8843e7f,2020-10-22 05:18:32,2020-10-22 오전 12:00:00,10,86141T1000,"RG3 MOLD'G W/SHLD, RH",S14,650톤-우진2호기,0,1.06,0.93,12.9,61.78,6.81,654.27,0.0,53.56,4.63,128.3,30.9,290.6,142.5,116.0,55.9,60.6,285.6,284.8,284.5,275.7,264.8,234.9,0.0,66.5,0,0,22.6,23.6,0,0,0,0,0,0,0,0
791213,5f915cab6e37704af8843ea5,2020-10-22 05:32:55,2020-10-22 오전 12:00:00,9,86131T1000,"RG3 MOLD'G W/SHLD, LH",S14,650톤-우진2호기,0,1.06,0.94,12.98,61.78,6.81,654.26,0.0,53.59,4.63,128.3,30.9,290.5,142.6,116.0,55.7,60.4,286.6,284.4,285.5,274.4,265.2,235.0,0.0,66.3,0,0,22.6,23.7,0,0,0,0,0,0,0,0
791217,5f915cab6e37704af8843ea9,2020-10-22 05:33:58,2020-10-22 오전 12:00:00,10,86141T1000,"RG3 MOLD'G W/SHLD, RH",S14,650톤-우진2호기,0,1.06,0.94,12.97,61.78,6.81,654.25,0.0,53.56,4.63,128.2,30.8,290.5,142.7,116.3,55.9,60.7,286.4,285.7,285.0,275.7,265.1,235.5,0.0,66.5,0,0,22.7,23.8,0,0,0,0,0,0,0,0
791249,5f915cab6e37704af8843ec9,2020-10-22 05:46:16,2020-10-22 오전 12:00:00,8,86141S8900,LX2 W/S SIDE MLD'G RH(RHD),S12,650톤-우진,0,11.47,3.36,19.97,64.37,6.11,655.0,0.0,59.88,69.64,64.7,30.4,293.9,168.8,128.5,22.2,13.6,245.2,249.3,250.0,245.2,240.0,224.8,0.0,39.1,0,0,21.2,24.1,0,0,0,0,0,0,0,0
791258,5f915cab6e37704af8843ed2,2020-10-22 05:49:24,2020-10-22 오전 12:00:00,9,86131T1000,"RG3 MOLD'G W/SHLD, LH",S14,650톤-우진2호기,0,1.06,0.93,12.91,61.78,6.81,654.27,0.0,53.57,4.63,128.3,30.8,290.5,142.4,115.9,55.5,60.3,286.1,284.8,284.8,275.0,265.4,235.1,0.0,67.1,0,0,22.8,23.8,0,0,0,0,0,0,0,0
791262,5f915cab6e37704af8843ed6,2020-10-22 05:50:27,2020-10-22 오전 12:00:00,10,86141T1000,"RG3 MOLD'G W/SHLD, RH",S14,650톤-우진2호기,0,1.06,0.93,12.96,61.78,6.81,654.26,0.0,53.58,4.63,128.3,30.9,290.5,142.5,115.8,55.5,60.4,285.6,285.6,284.3,274.4,264.6,235.0,0.0,66.2,0,0,22.6,23.7,0,0,0,0,0,0,0,0
791303,5f915cab6e37704af8843eff,2020-10-22 06:04:50,2020-10-22 오전 12:00:00,9,86131T1000,"RG3 MOLD'G W/SHLD, LH",S14,650톤-우진2호기,0,1.06,0.94,12.9,61.78,6.81,654.26,0.0,53.56,4.63,128.2,30.8,290.5,142.6,116.3,56.2,61.2,286.0,285.3,285.1,276.2,264.9,235.1,0.0,66.4,0,0,22.8,23.8,0,0,0,0,0,0,0,0
791307,5f915cab6e37704af8843f03,2020-10-22 06:05:53,2020-10-22 오전 12:00:00,10,86141T1000,"RG3 MOLD'G W/SHLD, RH",S14,650톤-우진2호기,0,1.06,0.93,12.9,61.74,6.81,654.27,0.0,53.57,4.63,128.3,30.8,290.5,142.6,116.3,56.1,61.1,285.9,285.2,285.1,276.0,265.1,234.8,0.0,66.5,0,0,22.8,23.8,0,0,0,0,0,0,0,0
791345,5f915cab6e37704af8843f29,2020-10-22 06:20:18,2020-10-22 오전 12:00:00,9,86131T1000,"RG3 MOLD'G W/SHLD, LH",S14,650톤-우진2호기,0,1.06,0.94,12.99,61.78,6.81,654.25,0.0,53.57,4.63,128.2,30.8,290.5,142.7,116.2,55.6,60.4,285.9,285.2,285.6,274.0,265.2,234.8,0.0,66.5,0,0,22.8,23.8,0,0,0,0,0,0,0,0
791349,5f915cab6e37704af8843f2d,2020-10-22 06:21:20,2020-10-22 오전 12:00:00,10,86141T1000,"RG3 MOLD'G W/SHLD, RH",S14,650톤-우진2호기,0,1.06,0.94,12.97,61.78,6.81,654.25,0.0,53.58,4.63,128.2,30.9,290.6,142.7,116.2,55.9,60.4,285.6,284.8,284.9,274.8,264.9,234.7,0.0,66.5,0,0,22.7,23.8,0,0,0,0,0,0,0,0
791395,5f915cab6e37704af8843f5b,2020-10-22 06:35:43,2020-10-22 오전 12:00:00,9,86131T1000,"RG3 MOLD'G W/SHLD, LH",S14,650톤-우진2호기,0,1.06,0.93,12.91,61.76,6.81,654.27,0.0,53.57,4.63,128.4,30.9,290.5,142.5,115.9,56.1,61.0,286.0,285.6,285.1,275.6,265.2,235.3,0.0,66.3,0,0,22.8,23.8,0,0,0,0,0,0,0,0
791399,5f915cab6e37704af8843f5f,2020-10-22 06:36:45,2020-10-22 오전 12:00:00,10,86141T1000,"RG3 MOLD'G W/SHLD, RH",S14,650톤-우진2호기,0,1.06,0.93,12.93,61.78,6.81,654.27,0.0,53.57,4.63,128.4,30.8,290.6,142.3,115.8,55.6,60.2,286.0,284.8,285.0,275.3,265.3,234.8,0.0,66.5,0,0,22.8,23.7,0,0,0,0,0,0,0,0
791444,5f915cab6e37704af8843f8c,2020-10-22 06:51:11,2020-10-22 오전 12:00:00,9,86131T1000,"RG3 MOLD'G W/SHLD, LH",S14,650톤-우진2호기,0,1.06,0.94,12.93,61.76,6.81,654.24,0.0,53.58,4.63,128.1,30.8,290.6,142.8,116.5,56.2,60.9,286.2,284.9,285.6,275.7,264.9,235.0,0.0,66.6,0,0,22.8,23.8,0,0,0,0,0,0,0,0
791449,5f915cab6e37704af8843f91,2020-10-22 06:52:11,2020-10-22 오전 12:00:00,10,86141T1000,"RG3 MOLD'G W/SHLD, RH",S14,650톤-우진2호기,0,1.06,0.94,12.94,61.78,6.81,654.24,0.0,53.57,4.63,128.2,30.7,290.6,142.8,116.5,56.3,61.1,286.3,285.4,285.1,276.1,264.8,235.0,0.0,66.4,0,0,22.8,23.8,0,0,0,0,0,0,0,0
791494,5f915cab6e37704af8843fbe,2020-10-22 07:06:38,2020-10-22 오전 12:00:00,9,86131T1000,"RG3 MOLD'G W/SHLD, LH",S14,650톤-우진2호기,0,1.06,0.93,12.95,61.74,6.81,654.26,0.0,53.56,4.63,128.3,30.9,290.6,142.4,116.0,55.7,60.2,286.4,285.1,285.0,274.8,265.0,235.4,0.0,66.5,0,0,23.0,24.0,0,0,0,0,0,0,0,0
791503,5f915cab6e37704af8843fc7,2020-10-22 07:08:40,2020-10-22 오전 12:00:00,10,86141T1000,"RG3 MOLD'G W/SHLD, RH",S14,650톤-우진2호기,0,1.06,0.94,12.98,61.78,6.81,654.25,0.0,53.57,4.63,128.2,30.7,290.5,142.8,116.3,55.9,60.7,286.0,284.7,284.6,274.5,265.6,234.8,0.0,66.3,0,0,22.8,23.8,0,0,0,0,0,0,0,0
791545,5f915cab6e37704af8843ff1,2020-10-22 07:23:06,2020-10-22 오전 12:00:00,9,86131T1000,"RG3 MOLD'G W/SHLD, LH",S14,650톤-우진2호기,0,1.06,0.93,12.96,61.78,6.81,654.26,0.0,53.57,4.63,128.3,30.9,290.5,142.6,116.0,56.1,61.0,286.9,285.6,285.1,276.1,265.0,235.3,0.0,66.5,0,0,22.9,24.0,0,0,0,0,0,0,0,0
791549,5f915cab6e37704af8843ff5,2020-10-22 07:24:06,2020-10-22 오전 12:00:00,10,86141T1000,"RG3 MOLD'G W/SHLD, RH",S14,650톤-우진2호기,0,1.06,0.93,12.92,61.78,6.81,654.27,0.0,53.57,4.63,128.4,30.9,290.5,142.4,115.7,55.8,60.5,286.1,284.8,285.1,275.6,265.0,235.1,0.0,67.4,0,0,22.8,23.8,0,0,0,0,0,0,0,0
791590,5f915cab6e37704af884401e,2020-10-22 07:39:34,2020-10-22 오전 12:00:00,9,86131T1000,"RG3 MOLD'G W/SHLD, LH",S14,650톤-우진2호기,0,1.06,0.94,12.9,61.78,6.81,654.25,0.0,53.58,4.63,128.2,30.8,290.5,142.7,116.4,56.0,60.8,286.3,285.3,285.3,276.2,265.6,234.5,0.0,67.2,0,0,22.9,23.9,0,0,0,0,0,0,0,0
791594,5f915cab6e37704af8844022,2020-10-22 07:40:36,2020-10-22 오전 12:00:00,10,86141T1000,"RG3 MOLD'G W/SHLD, RH",S14,650톤-우진2호기,0,1.06,0.94,12.9,61.78,6.81,654.26,0.0,53.57,4.63,128.3,30.8,290.6,142.6,116.1,56.2,61.0,285.4,285.6,285.1,276.2,264.9,235.0,0.0,66.5,0,0,23.0,23.9,0,0,0,0,0,0,0,0
791634,5f915cab6e37704af884404a,2020-10-22 07:54:59,2020-10-22 오전 12:00:00,9,86131T1000,"RG3 MOLD'G W/SHLD, LH",S14,650톤-우진2호기,0,1.06,0.93,12.91,61.78,6.81,654.27,0.0,53.57,4.63,128.4,30.9,290.4,142.4,115.9,55.5,60.5,286.4,285.2,284.7,274.6,264.8,234.9,0.0,65.5,0,0,22.8,24.0,0,0,0,0,0,0,0,0
791638,5f915cab6e37704af884404e,2020-10-22 07:56:02,2020-10-22 오전 12:00:00,10,86141T1000,"RG3 MOLD'G W/SHLD, RH",S14,650톤-우진2호기,0,1.06,0.94,12.96,61.76,6.81,654.26,0.0,53.57,4.63,128.3,30.7,290.6,142.6,116.0,55.6,60.3,285.3,286.0,284.8,274.5,265.4,234.5,0.0,67.1,0,0,22.8,23.9,0,0,0,0,0,0,0,0
791677,5f915cab6e37704af8844075,2020-10-22 08:10:27,2020-10-22 오전 12:00:00,9,86131T1000,"RG3 MOLD'G W/SHLD, LH",S14,650톤-우진2호기,0,1.06,0.93,12.9,61.78,6.81,654.26,0.0,53.57,4.63,128.3,30.8,290.5,142.5,116.2,56.2,61.2,285.8,285.4,285.1,276.3,264.8,235.0,0.0,66.8,0,0,22.9,23.8,0,0,0,0,0,0,0,0
791681,5f915cab6e37704af8844079,2020-10-22 08:11:30,2020-10-22 오전 12:00:00,10,86141T1000,"RG3 MOLD'G W/SHLD, RH",S14,650톤-우진2호기,0,1.06,0.93,12.9,61.78,6.81,654.27,0.0,53.57,4.63,128.4,30.8,290.5,142.3,115.9,55.9,60.8,286.0,284.7,285.1,276.0,265.0,235.2,0.0,67.4,0,0,22.9,23.8,0,0,0,0,0,0,0,0
791721,5f915cab6e37704af88440a1,2020-10-22 08:25:53,2020-10-22 오전 12:00:00,9,86131T1000,"RG3 MOLD'G W/SHLD, LH",S14,650톤-우진2호기,0,1.06,0.94,12.92,61.78,6.81,654.25,0.0,53.58,4.63,128.2,30.9,290.6,142.7,116.3,55.9,60.6,286.2,285.1,284.8,274.7,265.8,234.7,0.0,66.0,0,0,23.0,24.0,0,0,0,0,0,0,0,0
791725,5f915cab6e37704af88440a5,2020-10-22 08:26:55,2020-10-22 오전 12:00:00,10,86141T1000,"RG3 MOLD'G W/SHLD, RH",S14,650톤-우진2호기,0,1.06,0.94,12.97,61.78,6.81,654.24,0.0,53.57,4.63,128.2,30.9,290.5,142.8,116.4,56.1,61.0,285.5,284.9,284.4,275.7,264.8,235.0,0.0,67.6,0,0,23.0,24.1,0,0,0,0,0,0,0,0
791766,5f915cab6e37704af88440ce,2020-10-22 08:41:19,2020-10-22 오전 12:00:00,9,86131T1000,"RG3 MOLD'G W/SHLD, LH",S14,650톤-우진2호기,0,1.06,0.93,12.9,61.78,6.82,654.28,0.0,53.57,4.63,128.4,30.9,290.5,142.3,115.9,55.8,60.6,285.7,284.8,284.7,275.3,265.0,235.1,0.0,65.7,0,0,22.8,23.8,0,0,0,0,0,0,0,0
791770,5f915cab6e37704af88440d2,2020-10-22 08:42:21,2020-10-22 오전 12:00:00,10,86141T1000,"RG3 MOLD'G W/SHLD, RH",S14,650톤-우진2호기,0,1.06,0.93,12.91,61.78,6.82,654.27,0.0,53.57,4.63,128.4,31.0,290.4,142.4,115.9,55.5,60.4,286.0,285.8,284.8,274.5,265.5,234.8,0.0,67.7,0,0,22.9,23.8,0,0,0,0,0,0,0,0
791807,5f915cab6e37704af88440f7,2020-10-22 08:55:44,2020-10-22 오전 12:00:00,9,86131T1000,"RG3 MOLD'G W/SHLD, LH",S14,650톤-우진2호기,0,1.06,0.94,12.96,61.78,6.81,654.25,0.0,53.57,4.63,128.2,30.8,290.5,142.8,116.4,56.0,60.9,285.3,284.9,285.0,275.6,265.0,234.5,0.0,65.6,0,0,22.5,23.6,0,0,0,0,0,0,0,0
791811,5f915cab6e37704af88440fb,2020-10-22 08:56:46,2020-10-22 오전 12:00:00,10,86141T1000,"RG3 MOLD'G W/SHLD, RH",S14,650톤-우진2호기,0,1.06,0.94,12.96,61.78,6.81,654.25,0.0,53.58,4.63,128.3,30.9,290.5,142.7,116.3,56.2,61.0,286.2,285.3,285.6,276.0,265.3,234.7,0.0,66.9,0,0,22.4,23.4,0,0,0,0,0,0,0,0
791851,5f915cab6e37704af8844123,2020-10-22 09:11:11,2020-10-22 오전 12:00:00,9,86131T1000,"RG3 MOLD'G W/SHLD, LH",S14,650톤-우진2호기,0,1.06,0.93,12.91,61.78,6.81,654.27,0.0,53.56,4.63,128.3,30.9,290.5,142.4,116.1,55.9,60.8,286.3,285.1,285.6,274.5,265.0,235.1,0.0,67.4,0,0,22.4,23.4,0,0,0,0,0,0,0,0
791854,5f915cab6e37704af8844126,2020-10-22 09:12:13,2020-10-22 오전 12:00:00,10,86141T1000,"RG3 MOLD'G W/SHLD, RH",S14,650톤-우진2호기,0,1.06,0.94,12.92,61.78,6.81,654.25,0.0,53.58,4.63,128.2,30.8,290.5,142.6,116.4,55.8,60.7,285.4,285.3,284.9,274.6,264.7,234.6,0.0,67.1,0,0,22.3,23.3,0,0,0,0,0,0,0,0
791895,5f915cab6e37704af884414f,2020-10-22 09:26:39,2020-10-22 오전 12:00:00,9,86131T1000,"RG3 MOLD'G W/SHLD, LH",S14,650톤-우진2호기,0,1.06,0.94,12.92,61.78,6.81,654.25,0.0,53.58,4.63,128.2,31.0,290.5,142.7,116.1,56.3,61.1,286.0,284.8,285.4,276.1,264.9,235.0,0.0,65.7,0,0,22.0,23.1,0,0,0,0,0,0,0,0
791899,5f915cab6e37704af8844153,2020-10-22 09:27:39,2020-10-22 오전 12:00:00,10,86141T1000,"RG3 MOLD'G W/SHLD, RH",S14,650톤-우진2호기,0,1.06,0.93,12.92,61.78,6.81,654.26,0.0,53.57,4.63,128.3,30.9,290.6,142.5,116.0,56.1,60.8,286.2,285.5,285.1,275.9,264.8,235.1,0.0,67.7,0,0,22.0,23.1,0,0,0,0,0,0,0,0
791940,5f915cab6e37704af884417c,2020-10-22 09:43:06,2020-10-22 오전 12:00:00,9,86131T1000,"RG3 MOLD'G W/SHLD, LH",S14,650톤-우진2호기,0,1.06,0.94,12.88,61.78,6.81,654.25,0.0,53.57,4.63,128.2,30.9,290.5,142.7,116.2,55.7,60.5,286.9,285.1,285.6,274.9,265.2,234.8,0.0,66.9,0,0,21.7,22.8,0,0,0,0,0,0,0,0
791941,5f915cab6e37704af884417d,2020-10-22 09:43:06,2020-10-22 오전 12:00:00,10,86141T1000,"RG3 MOLD'G W/SHLD, RH",S14,650톤-우진2호기,0,1.06,0.94,12.88,61.78,6.81,654.25,0.0,53.57,4.63,128.2,30.9,290.5,142.7,116.2,55.7,60.5,286.9,285.1,285.6,274.9,265.2,234.8,0.0,66.9,0,0,21.7,22.8,0,0,0,0,0,0,0,0
791982,5f915cac6e37704af88441a6,2020-10-22 09:57:31,2020-10-22 오전 12:00:00,9,86131T1000,"RG3 MOLD'G W/SHLD, LH",S14,650톤-우진2호기,0,1.06,0.93,12.94,61.78,6.81,654.27,0.0,53.57,4.63,128.4,30.9,290.5,142.4,115.9,55.8,60.7,286.2,285.6,285.2,275.4,264.8,235.1,0.0,66.9,0,0,21.7,22.7,0,0,0,0,0,0,0,0
791986,5f915cac6e37704af88441aa,2020-10-22 09:58:34,2020-10-22 오전 12:00:00,10,86141T1000,"RG3 MOLD'G W/SHLD, RH",S14,650톤-우진2호기,0,1.06,0.93,12.88,61.78,6.81,654.28,0.0,53.57,4.63,128.5,30.8,290.5,142.2,115.8,55.6,60.4,285.4,284.9,284.8,275.1,265.0,235.1,0.0,66.8,0,0,21.7,22.7,0,0,0,0,0,0,0,0
792026,5f915cb06e37704af88441d3,2020-10-22 10:12:57,2020-10-22 오전 12:00:00,9,86131T1000,"RG3 MOLD'G W/SHLD, LH",S14,650톤-우진2호기,0,1.06,0.94,12.91,61.76,6.81,654.25,0.0,53.57,4.63,128.2,30.9,290.5,142.7,116.2,55.8,60.7,286.2,284.9,284.6,275.4,264.8,234.8,0.0,66.8,0,0,21.8,22.8,0,0,0,0,0,0,0,0
792030,5f915cb06e37704af88441d7,2020-10-22 10:13:59,2020-10-22 오전 12:00:00,10,86141T1000,"RG3 MOLD'G W/SHLD, RH",S14,650톤-우진2호기,0,1.06,0.94,12.89,61.78,6.81,654.25,0.0,53.57,4.63,128.2,30.8,290.5,142.7,116.2,56.0,60.9,286.2,284.8,284.8,275.7,264.8,235.2,0.0,66.8,0,0,21.8,22.8,0,0,0,0,0,0,0,0
792070,5f915edf6e37704af884420e,2020-10-22 10:28:26,2020-10-22 오전 12:00:00,9,86131T1000,"RG3 MOLD'G W/SHLD, LH",S14,650톤-우진2호기,0,1.06,0.93,12.94,61.78,6.81,654.26,0.0,53.55,4.63,128.3,30.9,290.4,142.5,116.1,55.9,60.9,286.4,285.7,285.0,274.8,265.1,235.2,0.0,66.8,0,0,21.8,22.8,0,0,0,0,0,0,0,0
792071,5f915edf6e37704af884420f,2020-10-22 10:28:26,2020-10-22 오전 12:00:00,10,86141T1000,"RG3 MOLD'G W/SHLD, RH",S14,650톤-우진2호기,0,1.06,0.93,12.94,61.78,6.81,654.26,0.0,53.55,4.63,128.3,30.9,290.4,142.5,116.1,55.9,60.9,286.4,285.7,285.0,274.8,265.1,235.2,0.0,66.8,0,0,21.8,22.8,0,0,0,0,0,0,0,0
792112,5f91623b6e37704af8844252,2020-10-22 10:42:51,2020-10-22 오전 12:00:00,9,86131T1000,"RG3 MOLD'G W/SHLD, LH",S14,650톤-우진2호기,0,1.06,0.94,12.95,61.78,6.81,654.24,0.0,53.57,4.63,128.2,30.8,290.5,142.7,116.4,56.1,61.0,286.8,285.2,285.5,275.6,265.1,235.1,0.0,66.8,0,0,21.9,22.9,0,0,0,0,0,0,0,0
792116,5f9162776e37704af8844258,2020-10-22 10:43:51,2020-10-22 오전 12:00:00,10,86141T1000,"RG3 MOLD'G W/SHLD, RH",S14,650톤-우진2호기,0,1.06,0.94,12.92,61.78,6.81,654.25,0.0,53.57,4.63,128.2,30.9,290.5,142.8,116.4,56.2,61.0,285.7,286.0,285.0,275.8,264.8,235.1,0.0,66.8,0,0,22.1,23.0,0,0,0,0,0,0,0,0
792156,5f9165dd6e37704af8844297,2020-10-22 10:58:16,2020-10-22 오전 12:00:00,9,86131T1000,"RG3 MOLD'G W/SHLD, LH",S14,650톤-우진2호기,0,1.06,0.94,13.0,61.78,6.81,654.25,0.0,53.57,4.63,128.3,30.9,290.5,142.7,116.3,56.0,60.9,286.7,285.6,285.0,274.7,264.8,235.3,0.0,67.7,0,0,22.3,23.2,0,0,0,0,0,0,0,0
792160,5f9166196e37704af884429d,2020-10-22 10:59:18,2020-10-22 오전 12:00:00,10,86141T1000,"RG3 MOLD'G W/SHLD, RH",S14,650톤-우진2호기,0,1.06,0.94,12.93,61.76,6.81,654.25,0.0,53.56,4.63,128.3,30.9,290.7,142.6,116.3,56.1,60.6,285.8,285.0,285.0,275.0,264.5,235.2,0.0,67.6,0,0,22.2,23.2,0,0,0,0,0,0,0,0
792201,5f9169756e37704af88442e2,2020-10-22 11:13:43,2020-10-22 오전 12:00:00,9,86131T1000,"RG3 MOLD'G W/SHLD, LH",S14,650톤-우진2호기,0,1.06,0.93,12.91,61.78,6.81,654.26,0.0,53.56,4.63,128.3,30.9,290.5,142.6,116.2,55.9,60.7,286.1,285.4,285.3,275.8,264.9,235.1,0.0,67.7,0,0,22.1,23.1,0,0,0,0,0,0,0,0
792205,5f9169bb6e37704af88442e8,2020-10-22 11:14:46,2020-10-22 오전 12:00:00,10,86141T1000,"RG3 MOLD'G W/SHLD, RH",S14,650톤-우진2호기,0,1.06,0.93,12.96,61.78,6.81,654.26,0.0,53.58,4.63,128.3,30.8,290.7,142.5,116.0,55.8,60.5,286.0,284.6,284.6,274.9,265.1,235.0,0.0,67.9,0,0,22.1,23.1,0,0,0,0,0,0,0,0
792242,5f916cdb6e37704af8844322,2020-10-22 11:28:08,2020-10-22 오전 12:00:00,9,86131T1000,"RG3 MOLD'G W/SHLD, LH",S14,650톤-우진2호기,0,1.06,0.94,12.96,61.78,6.81,654.24,0.0,53.57,4.63,128.2,30.8,290.5,142.8,116.4,56.0,60.9,286.0,284.6,285.1,274.6,265.4,234.8,0.0,67.6,0,0,21.7,22.7,0,0,0,0,0,0,0,0
792246,5f916d176e37704af8844328,2020-10-22 11:29:11,2020-10-22 오전 12:00:00,10,86141T1000,"RG3 MOLD'G W/SHLD, RH",S14,650톤-우진2호기,0,1.06,0.94,12.9,61.76,6.81,654.25,0.0,53.56,4.63,128.2,30.9,290.5,142.7,116.5,56.3,61.2,286.8,285.5,285.5,275.6,265.0,235.2,0.0,65.8,0,0,21.7,22.7,0,0,0,0,0,0,0,0
792271,5f916f336e37704af8844352,2020-10-22 11:38:12,2020-10-22 오전 12:00:00,8,86141S8900,LX2 W/S SIDE MLD'G RH(RHD),S12,650톤-우진,0,11.47,3.35,20.02,64.38,6.11,655.0,0.0,59.88,69.64,65.0,30.4,293.9,168.8,128.4,22.0,13.6,246.1,250.2,250.3,244.8,239.8,225.1,0.0,38.9,0,0,19.0,22.1,0,0,0,0,0,0,0,0
792287,5f91707d6e37704af884436b,2020-10-22 11:43:35,2020-10-22 오전 12:00:00,9,86131T1000,"RG3 MOLD'G W/SHLD, LH",S14,650톤-우진2호기,0,1.06,0.93,12.89,61.78,6.81,654.27,0.0,53.56,4.63,128.3,30.9,290.5,142.5,115.9,55.6,60.5,286.0,284.9,285.0,275.5,264.8,234.7,0.0,67.3,0,0,21.3,22.2,0,0,0,0,0,0,0,0
792290,5f9170b96e37704af884436f,2020-10-22 11:44:38,2020-10-22 오전 12:00:00,10,86141T1000,"RG3 MOLD'G W/SHLD, RH",S14,650톤-우진2호기,0,1.06,0.93,12.9,61.76,6.81,654.27,0.0,53.58,4.63,128.4,30.9,290.5,142.5,115.8,55.6,60.4,285.8,285.3,285.7,274.7,265.1,234.9,0.0,66.5,0,0,21.4,22.2,0,0,0,0,0,0,0,0
792331,5f91745b6e37704af88443b3,2020-10-22 12:00:05,2020-10-22 오전 12:00:00,9,86131T1000,"RG3 MOLD'G W/SHLD, LH",S14,650톤-우진2호기,0,1.06,0.94,12.9,61.78,6.81,654.24,0.0,53.57,4.63,128.1,30.8,290.5,142.7,116.5,56.3,61.3,285.7,285.5,285.1,276.1,264.7,235.0,0.0,67.0,0,0,20.9,21.8,0,0,0,0,0,0,0,0
792335,5f9174976e37704af88443b9,2020-10-22 12:01:05,2020-10-22 오전 12:00:00,10,86141T1000,"RG3 MOLD'G W/SHLD, RH",S14,650톤-우진2호기,0,1.06,0.94,12.88,61.78,6.81,654.25,0.0,53.57,4.63,128.2,30.8,290.4,142.7,116.3,56.3,61.4,286.6,284.6,285.0,276.0,264.2,234.7,0.0,66.0,0,0,20.8,21.7,0,0,0,0,0,0,0,0
792375,5f9177f36e37704af88443f7,2020-10-22 12:15:30,2020-10-22 오전 12:00:00,9,86131T1000,"RG3 MOLD'G W/SHLD, LH",S14,650톤-우진2호기,0,1.06,0.94,12.97,61.78,6.82,654.25,0.0,53.56,4.63,128.2,30.9,290.6,142.7,116.4,56.1,60.8,286.0,285.1,285.4,275.4,264.9,235.2,0.0,66.6,0,0,20.5,21.4,0,0,0,0,0,0,0,0
792376,5f9177f36e37704af88443f8,2020-10-22 12:15:30,2020-10-22 오전 12:00:00,10,86141T1000,"RG3 MOLD'G W/SHLD, RH",S14,650톤-우진2호기,0,1.06,0.94,12.97,61.78,6.82,654.25,0.0,53.56,4.63,128.2,30.9,290.6,142.7,116.4,56.1,60.8,286.0,285.1,285.4,275.4,264.9,235.2,0.0,66.6,0,0,20.5,21.4,0,0,0,0,0,0,0,0
792417,5f917b596e37704af884443d,2020-10-22 12:29:56,2020-10-22 오전 12:00:00,9,86131T1000,"RG3 MOLD'G W/SHLD, LH",S14,650톤-우진2호기,0,1.06,0.93,12.87,61.76,6.81,654.26,0.0,53.57,4.63,128.3,30.9,290.5,142.5,116.1,55.7,60.4,285.7,285.2,284.4,274.6,265.2,235.4,0.0,66.5,0,0,20.6,21.5,0,0,0,0,0,0,0,0
792421,5f917b956e37704af8844443,2020-10-22 12:30:57,2020-10-22 오전 12:00:00,10,86141T1000,"RG3 MOLD'G W/SHLD, RH",S14,650톤-우진2호기,0,1.06,0.94,12.91,61.78,6.81,654.26,0.0,53.58,4.63,128.2,30.8,290.5,142.7,116.2,55.8,60.8,285.8,285.1,285.0,274.7,265.7,235.2,0.0,66.5,0,0,20.6,21.5,0,0,0,0,0,0,0,0
792462,5f917f376e37704af8844484,2020-10-22 12:46:24,2020-10-22 오전 12:00:00,9,86131T1000,"RG3 MOLD'G W/SHLD, LH",S14,650톤-우진2호기,0,1.06,0.93,12.86,61.78,6.8,654.26,0.0,53.56,4.63,128.3,30.9,290.6,142.5,116.3,56.2,61.0,286.3,285.8,285.5,275.0,265.0,235.3,0.0,66.6,0,0,20.4,21.4,0,0,0,0,0,0,0,0
792466,5f917f736e37704af884448a,2020-10-22 12:47:26,2020-10-22 오전 12:00:00,10,86141T1000,"RG3 MOLD'G W/SHLD, RH",S14,650톤-우진2호기,0,1.06,0.94,12.99,61.78,6.8,654.25,0.0,53.57,4.63,128.2,30.9,290.5,142.6,116.5,56.1,61.2,286.6,285.4,284.9,274.3,265.9,234.7,0.0,66.6,0,0,20.4,21.4,0,0,0,0,0,0,0,0
792506,5f9182cf6e37704af88444cc,2020-10-22 13:01:51,2020-10-22 오전 12:00:00,9,86131T1000,"RG3 MOLD'G W/SHLD, LH",S14,650톤-우진2호기,0,1.06,0.94,12.93,61.78,6.8,654.25,0.0,53.58,4.63,128.2,30.9,290.4,142.7,116.2,56.3,61.3,286.6,285.0,285.5,275.8,265.0,235.1,0.0,66.4,0,0,20.5,21.5,0,0,0,0,0,0,0,0
792507,5f9182cf6e37704af88444cd,2020-10-22 13:01:51,2020-10-22 오전 12:00:00,10,86141T1000,"RG3 MOLD'G W/SHLD, RH",S14,650톤-우진2호기,0,1.06,0.94,12.93,61.78,6.8,654.25,0.0,53.58,4.63,128.2,30.9,290.4,142.7,116.2,56.3,61.3,286.6,285.0,285.5,275.8,265.0,235.1,0.0,66.4,0,0,20.5,21.5,0,0,0,0,0,0,0,0
792548,5f9186356e37704af8844510,2020-10-22 13:16:15,2020-10-22 오전 12:00:00,9,86131T1000,"RG3 MOLD'G W/SHLD, LH",S14,650톤-우진2호기,0,1.06,0.94,12.93,61.74,6.8,654.24,0.0,53.58,4.63,128.2,30.8,290.5,142.8,116.6,56.2,60.9,285.6,285.6,284.9,274.7,265.3,235.0,0.0,65.8,0,0,20.8,21.7,0,0,0,0,0,0,0,0
792552,5f9186716e37704af8844516,2020-10-22 13:17:17,2020-10-22 오전 12:00:00,10,86141T1000,"RG3 MOLD'G W/SHLD, RH",S14,650톤-우진2호기,0,1.06,0.94,12.95,61.78,6.8,654.24,0.0,53.59,4.63,128.2,30.9,290.5,142.7,116.6,56.3,61.1,285.6,284.6,284.8,275.5,264.8,235.5,0.0,66.5,0,0,20.9,21.8,0,0,0,0,0,0,0,0
792592,5f9189cd6e37704af8844555,2020-10-22 13:31:41,2020-10-22 오전 12:00:00,9,86131T1000,"RG3 MOLD'G W/SHLD, LH",S14,650톤-우진2호기,0,1.06,0.94,12.92,61.78,6.8,654.25,0.0,53.59,4.63,128.2,30.9,290.4,142.7,116.2,55.8,60.6,285.2,284.7,285.0,274.7,265.0,234.9,0.0,65.9,0,0,20.9,21.9,0,0,0,0,0,0,0,0
792596,5f918a096e37704af884455b,2020-10-22 13:32:43,2020-10-22 오전 12:00:00,10,86141T1000,"RG3 MOLD'G W/SHLD, RH",S14,650톤-우진2호기,0,1.06,0.94,12.99,61.78,6.8,654.25,0.0,53.6,4.63,128.2,30.9,290.6,142.7,116.4,56.1,60.8,286.0,285.7,285.0,274.7,264.7,235.3,0.0,66.4,0,0,20.9,21.8,0,0,0,0,0,0,0,0
792637,5f918d706e37704af88445a0,2020-10-22 13:47:08,2020-10-22 오전 12:00:00,9,86131T1000,"RG3 MOLD'G W/SHLD, LH",S14,650톤-우진2호기,0,1.06,0.93,12.89,61.74,6.8,654.26,0.0,53.59,4.63,128.3,30.8,290.5,142.4,116.2,56.2,61.1,286.6,285.0,285.0,275.9,265.1,235.4,0.0,66.5,0,0,21.1,22.0,0,0,0,0,0,0,0,0
792638,5f918d706e37704af88445a1,2020-10-22 13:47:08,2020-10-22 오전 12:00:00,10,86141T1000,"RG3 MOLD'G W/SHLD, RH",S14,650톤-우진2호기,0,1.06,0.93,12.89,61.74,6.8,654.26,0.0,53.59,4.63,128.3,30.8,290.5,142.4,116.2,56.2,61.1,286.6,285.0,285.0,275.9,265.1,235.4,0.0,66.5,0,0,21.1,22.0,0,0,0,0,0,0,0,0
792679,5f9191116e37704af88445e2,2020-10-22 14:02:34,2020-10-22 오전 12:00:00,9,86131T1000,"RG3 MOLD'G W/SHLD, LH",S14,650톤-우진2호기,0,1.06,0.94,12.92,61.76,6.8,654.24,0.0,53.6,4.63,128.2,30.9,290.5,142.8,116.5,56.0,60.8,286.4,285.7,285.1,275.2,264.3,234.6,0.0,66.7,0,0,21.2,22.2,0,0,0,0,0,0,0,0
792683,5f91914d6e37704af88445e8,2020-10-22 14:03:37,2020-10-22 오전 12:00:00,10,86141T1000,"RG3 MOLD'G W/SHLD, RH",S14,650톤-우진2호기,19,1.06,0.94,12.92,61.78,6.8,654.24,0.0,53.58,4.63,128.1,30.8,290.5,142.7,116.5,56.3,61.2,286.1,284.6,285.0,275.4,264.8,235.0,0.0,66.2,0,0,21.2,22.2,0,0,0,0,0,0,0,0
792723,5f9194a96e37704af884462a,2020-10-22 14:18:02,2020-10-22 오전 12:00:00,9,86131T1000,"RG3 MOLD'G W/SHLD, LH",S14,650톤-우진2호기,0,1.06,0.94,12.95,61.74,6.8,654.26,0.0,53.58,4.63,128.3,30.8,290.6,142.6,116.1,55.9,60.7,285.4,284.9,284.4,274.7,265.6,234.8,0.0,67.2,0,0,21.3,22.2,0,0,0,0,0,0,0,0
792726,5f9194ef6e37704af884462e,2020-10-22 14:19:05,2020-10-22 오전 12:00:00,10,86141T1000,"RG3 MOLD'G W/SHLD, RH",S14,650톤-우진2호기,19,1.06,0.94,12.89,61.78,6.8,654.25,0.0,53.61,4.63,128.2,30.8,290.5,142.7,116.3,55.9,60.7,285.6,285.6,284.8,274.7,265.5,234.8,0.0,65.6,0,0,21.4,22.3,0,0,0,0,0,0,0,0
792767,5f91984b6e37704af8844671,2020-10-22 14:33:28,2020-10-22 오전 12:00:00,9,86131T1000,"RG3 MOLD'G W/SHLD, LH",S14,650톤-우진2호기,0,1.06,0.94,12.91,61.76,6.8,654.25,0.0,53.58,4.63,128.2,30.9,290.5,142.7,116.3,56.5,61.5,286.8,285.7,285.3,276.2,264.9,235.1,0.0,65.8,0,0,21.3,22.3,0,0,0,0,0,0,0,0
792768,5f91984b6e37704af8844672,2020-10-22 14:33:28,2020-10-22 오전 12:00:00,10,86141T1000,"RG3 MOLD'G W/SHLD, RH",S14,650톤-우진2호기,19,1.06,0.94,12.91,61.76,6.8,654.25,0.0,53.58,4.63,128.2,30.9,290.5,142.7,116.3,56.5,61.5,286.8,285.7,285.3,276.2,264.9,235.1,0.0,65.8,0,0,21.3,22.3,0,0,0,0,0,0,0,0
792811,5f919bed6e37704af88446b6,2020-10-22 14:48:55,2020-10-22 오전 12:00:00,9,86131T1000,"RG3 MOLD'G W/SHLD, LH",S14,650톤-우진2호기,0,1.06,0.94,12.9,61.76,6.8,654.24,0.0,53.6,4.63,128.1,30.8,290.5,142.9,116.6,56.2,61.2,286.4,285.2,285.5,275.5,264.2,235.0,0.0,66.4,0,0,21.2,22.2,0,0,0,0,0,0,0,0
792812,5f919bed6e37704af88446b7,2020-10-22 14:48:55,2020-10-22 오전 12:00:00,10,86141T1000,"RG3 MOLD'G W/SHLD, RH",S14,650톤-우진2호기,19,1.06,0.94,12.9,61.76,6.8,654.24,0.0,53.6,4.63,128.1,30.8,290.5,142.9,116.6,56.2,61.2,286.4,285.2,285.5,275.5,264.2,235.0,0.0,66.4,0,0,21.2,22.2,0,0,0,0,0,0,0,0
792852,5f919f4a6e37704af88446fa,2020-10-22 15:03:19,2020-10-22 오전 12:00:00,9,86131T1000,"RG3 MOLD'G W/SHLD, LH",S14,650톤-우진2호기,0,1.06,0.94,12.98,61.78,6.8,654.24,0.0,53.59,4.63,128.2,31.0,290.5,142.7,116.3,56.2,61.1,286.2,285.5,285.2,274.7,265.2,235.0,0.0,66.1,0,0,21.3,22.3,0,0,0,0,0,0,0,0
792856,5f919f866e37704af8844700,2020-10-22 15:04:22,2020-10-22 오전 12:00:00,10,86141T1000,"RG3 MOLD'G W/SHLD, RH",S14,650톤-우진2호기,19,1.06,0.94,12.95,61.76,6.8,654.24,0.0,53.58,4.63,128.2,30.9,290.6,142.6,116.4,56.3,60.9,285.2,285.6,284.2,275.4,265.1,234.9,0.0,65.4,0,0,21.3,22.2,0,0,0,0,0,0,0,0
792896,5f91a2ec6e37704af8844740,2020-10-22 15:18:47,2020-10-22 오전 12:00:00,9,86131T1000,"RG3 MOLD'G W/SHLD, LH",S14,650톤-우진2호기,0,1.06,0.94,12.92,61.78,6.8,654.24,0.0,53.59,4.63,128.2,30.9,290.5,142.7,116.5,56.3,61.2,286.6,284.8,285.0,275.2,264.9,235.0,0.0,66.1,0,0,21.2,22.1,0,0,0,0,0,0,0,0
792900,5f91a3286e37704af8844746,2020-10-22 15:19:49,2020-10-22 오전 12:00:00,10,86141T1000,"RG3 MOLD'G W/SHLD, RH",S14,650톤-우진2호기,19,1.06,0.94,12.94,61.76,6.8,654.25,0.0,53.6,4.63,128.1,30.8,290.5,142.8,116.5,56.3,61.2,286.5,285.5,285.7,275.4,265.3,234.9,0.0,66.0,0,0,21.2,22.1,0,0,0,0,0,0,0,0
792941,5f91a68e6e37704af884478a,2020-10-22 15:34:14,2020-10-22 오전 12:00:00,9,86131T1000,"RG3 MOLD'G W/SHLD, LH",S14,650톤-우진2호기,0,1.06,0.94,12.93,61.78,6.8,654.24,0.0,53.59,4.63,128.2,31.1,290.6,142.7,116.5,56.3,61.1,286.1,285.0,284.9,275.0,265.8,234.8,0.0,66.0,0,0,21.0,22.0,0,0,0,0,0,0,0,0
792942,5f91a68e6e37704af884478b,2020-10-22 15:34:14,2020-10-22 오전 12:00:00,10,86141T1000,"RG3 MOLD'G W/SHLD, RH",S14,650톤-우진2호기,19,1.06,0.94,12.93,61.78,6.8,654.24,0.0,53.59,4.63,128.2,31.1,290.6,142.7,116.5,56.3,61.1,286.1,285.0,284.9,275.0,265.8,234.8,0.0,66.0,0,0,21.0,22.0,0,0,0,0,0,0,0,0
792982,5f91a9e96e37704af88447cc,2020-10-22 15:48:39,2020-10-22 오전 12:00:00,9,86131T1000,"RG3 MOLD'G W/SHLD, LH",S14,650톤-우진2호기,0,1.06,0.94,12.86,61.78,6.8,654.25,0.0,53.59,4.63,128.2,30.7,290.5,142.7,116.4,56.3,61.4,286.1,285.0,284.7,275.4,264.9,234.8,0.0,64.9,0,0,21.1,22.0,0,0,0,0,0,0,0,0
792986,5f91aa256e37704af88447d2,2020-10-22 15:49:39,2020-10-22 오전 12:00:00,10,86141T1000,"RG3 MOLD'G W/SHLD, RH",S14,650톤-우진2호기,19,1.06,0.94,12.93,61.78,6.8,654.25,0.0,53.6,4.63,128.2,30.8,290.5,142.7,116.2,56.1,61.2,285.4,285.7,284.9,274.9,265.0,234.8,0.0,66.0,0,0,21.0,22.1,0,0,0,0,0,0,0,0
793026,5f91ad8c6e37704af8844812,2020-10-22 16:04:04,2020-10-22 오전 12:00:00,9,86131T1000,"RG3 MOLD'G W/SHLD, LH",S14,650톤-우진2호기,0,1.06,0.94,12.87,61.76,6.8,654.26,0.0,53.58,4.63,128.2,30.8,290.5,142.6,116.5,56.5,61.4,285.7,285.5,284.7,276.1,265.6,235.2,0.0,66.4,0,0,21.1,22.3,0,0,0,0,0,0,0,0
793030,5f91adc86e37704af8844817,2020-10-22 16:05:06,2020-10-22 오전 12:00:00,10,86141T1000,"RG3 MOLD'G W/SHLD, RH",S14,650톤-우진2호기,19,1.06,0.93,12.86,61.74,6.8,654.27,0.0,53.59,4.63,128.3,30.8,290.5,142.5,116.2,56.2,61.2,285.6,285.7,285.0,276.0,265.0,235.0,0.0,66.0,0,0,21.2,22.3,0,0,0,0,0,0,0,0
793071,5f91b1246e37704af884485c,2020-10-22 16:19:31,2020-10-22 오전 12:00:00,9,86131T1000,"RG3 MOLD'G W/SHLD, LH",S14,650톤-우진2호기,0,1.06,0.94,12.98,61.76,6.8,654.25,0.0,53.59,4.63,128.2,30.8,290.6,142.7,116.4,55.9,60.7,285.9,285.4,284.9,274.7,264.7,235.3,0.0,64.6,0,0,21.3,22.4,0,0,0,0,0,0,0,0
793072,5f91b1246e37704af884485d,2020-10-22 16:19:31,2020-10-22 오전 12:00:00,10,86141T1000,"RG3 MOLD'G W/SHLD, RH",S14,650톤-우진2호기,19,1.06,0.94,12.98,61.76,6.8,654.25,0.0,53.59,4.63,128.2,30.8,290.6,142.7,116.4,55.9,60.7,285.9,285.4,284.9,274.7,264.7,235.3,0.0,64.6,0,0,21.3,22.4,0,0,0,0,0,0,0,0
793114,5f91b4c66e37704af884489f,2020-10-22 16:34:58,2020-10-22 오전 12:00:00,9,86131T1000,"RG3 MOLD'G W/SHLD, LH",S14,650톤-우진2호기,0,1.06,0.94,12.9,61.76,6.8,654.25,0.0,53.59,4.63,128.2,30.8,290.5,142.7,116.2,56.1,61.0,286.6,285.9,285.0,275.0,265.2,234.6,0.0,66.1,0,0,21.3,22.6,0,0,0,0,0,0,0,0
793115,5f91b4c66e37704af88448a0,2020-10-22 16:34:58,2020-10-22 오전 12:00:00,10,86141T1000,"RG3 MOLD'G W/SHLD, RH",S14,650톤-우진2호기,19,1.06,0.94,12.9,61.76,6.8,654.25,0.0,53.59,4.63,128.2,30.8,290.5,142.7,116.2,56.1,61.0,286.6,285.9,285.0,275.0,265.2,234.6,0.0,66.1,0,0,21.3,22.6,0,0,0,0,0,0,0,0
793156,5f91b8226e37704af88448e4,2020-10-22 16:49:23,2020-10-22 오전 12:00:00,9,86131T1000,"RG3 MOLD'G W/SHLD, LH",S14,650톤-우진2호기,0,1.06,0.94,12.9,61.74,6.8,654.24,0.0,53.59,4.63,128.2,30.9,290.7,142.8,116.4,56.4,61.0,285.6,286.0,284.9,275.4,264.8,235.0,0.0,65.4,0,0,21.2,22.5,0,0,0,0,0,0,0,0
793160,5f91b8686e37704af88448ea,2020-10-22 16:50:24,2020-10-22 오전 12:00:00,10,86141T1000,"RG3 MOLD'G W/SHLD, RH",S14,650톤-우진2호기,19,1.06,0.94,12.87,61.72,6.8,654.24,0.0,53.58,4.63,128.2,30.8,290.6,142.7,116.6,56.4,61.3,286.4,285.9,285.1,275.9,264.8,235.4,0.0,65.4,0,0,21.2,22.6,0,0,0,0,0,0,0,0
793200,5f91bbc46e37704af884492b,2020-10-22 17:04:51,2020-10-22 오전 12:00:00,9,86131T1000,"RG3 MOLD'G W/SHLD, LH",S14,650톤-우진2호기,0,1.06,0.94,12.97,61.78,6.8,654.23,0.0,53.59,4.63,128.1,30.9,290.6,142.8,116.6,56.2,60.9,286.9,285.3,285.2,274.6,265.0,234.8,0.0,65.4,0,0,21.3,22.6,0,0,0,0,0,0,0,0
793201,5f91bbc46e37704af884492c,2020-10-22 17:04:51,2020-10-22 오전 12:00:00,10,86141T1000,"RG3 MOLD'G W/SHLD, RH",S14,650톤-우진2호기,19,1.06,0.94,12.97,61.78,6.8,654.23,0.0,53.59,4.63,128.1,30.9,290.6,142.8,116.6,56.2,60.9,286.9,285.3,285.2,274.6,265.0,234.8,0.0,65.4,0,0,21.3,22.6,0,0,0,0,0,0,0,0
793244,5f91bf666e37704af8844971,2020-10-22 17:20:16,2020-10-22 오전 12:00:00,9,86131T1000,"RG3 MOLD'G W/SHLD, LH",S14,650톤-우진2호기,0,1.06,0.93,12.91,61.78,6.8,654.27,0.0,53.58,4.63,128.3,30.8,290.4,142.5,116.3,56.3,61.4,285.4,284.9,285.0,275.9,265.1,234.9,0.0,65.3,0,0,21.2,22.6,0,0,0,0,0,0,0,0
793245,5f91bf666e37704af8844972,2020-10-22 17:20:16,2020-10-22 오전 12:00:00,10,86141T1000,"RG3 MOLD'G W/SHLD, RH",S14,650톤-우진2호기,19,1.06,0.93,12.91,61.78,6.8,654.27,0.0,53.58,4.63,128.3,30.8,290.4,142.5,116.3,56.3,61.4,285.4,284.9,285.0,275.9,265.1,234.9,0.0,65.3,0,0,21.2,22.6,0,0,0,0,0,0,0,0
793279,5f91c22c6e37704af88449aa,2020-10-22 17:32:11,2020-10-22 오전 12:00:00,8,86141S8900,LX2 W/S SIDE MLD'G RH(RHD),S12,650톤-우진,0,11.47,3.36,20.03,64.35,6.09,655.0,0.0,59.81,69.64,64.7,30.4,293.9,168.9,128.8,21.9,13.5,245.3,250.0,250.0,246.0,239.8,225.1,0.0,38.2,0,0,19.3,22.3,0,0,0,0,0,0,0,0
793286,5f91c2c26e37704af88449b6,2020-10-22 17:34:41,2020-10-22 오전 12:00:00,9,86131T1000,"RG3 MOLD'G W/SHLD, LH",S14,650톤-우진2호기,0,1.06,0.94,12.92,61.72,6.8,654.24,0.0,53.6,4.63,128.1,30.8,290.6,142.8,116.6,56.1,60.8,285.6,284.5,284.6,275.0,264.8,234.9,0.0,65.4,0,0,21.1,22.5,0,0,0,0,0,0,0,0
793290,5f91c2fe6e37704af88449bc,2020-10-22 17:35:43,2020-10-22 오전 12:00:00,10,86141T1000,"RG3 MOLD'G W/SHLD, RH",S14,650톤-우진2호기,19,1.06,0.94,12.96,61.76,6.8,654.23,0.0,53.59,4.63,128.1,30.9,290.5,142.8,116.7,56.4,61.3,286.2,284.4,285.1,275.2,265.0,235.1,0.0,64.3,0,0,21.1,22.5,0,0,0,0,0,0,0,0
793330,5f91c6646e37704af88449fb,2020-10-22 17:50:08,2020-10-22 오전 12:00:00,9,86131T1000,"RG3 MOLD'G W/SHLD, LH",S14,650톤-우진2호기,0,1.06,0.94,12.89,61.78,6.8,654.25,0.0,53.59,4.63,128.1,30.7,290.5,142.6,116.4,56.0,61.0,286.5,285.4,285.0,274.6,265.2,235.1,0.0,65.1,0,0,21.1,22.5,0,0,0,0,0,0,0,0
793331,5f91c6646e37704af88449fc,2020-10-22 17:50:08,2020-10-22 오전 12:00:00,10,86141T1000,"RG3 MOLD'G W/SHLD, RH",S14,650톤-우진2호기,19,1.06,0.94,12.89,61.78,6.8,654.25,0.0,53.59,4.63,128.1,30.7,290.5,142.6,116.4,56.0,61.0,286.5,285.4,285.0,274.6,265.2,235.1,0.0,65.1,0,0,21.1,22.5,0,0,0,0,0,0,0,0
793375,5f91c9fc6e37704af8844a45,2020-10-22 18:05:33,2020-10-22 오전 12:00:00,9,86131T1000,"RG3 MOLD'G W/SHLD, LH",S14,650톤-우진2호기,0,1.06,0.94,12.95,61.72,6.8,654.25,0.0,53.58,4.63,128.2,30.9,290.5,142.7,116.4,56.5,61.3,284.9,285.3,285.1,276.4,264.8,235.0,0.0,65.1,0,0,21.3,22.7,0,0,0,0,0,0,0,0
793376,5f91c9fc6e37704af8844a46,2020-10-22 18:05:33,2020-10-22 오전 12:00:00,10,86141T1000,"RG3 MOLD'G W/SHLD, RH",S14,650톤-우진2호기,19,1.06,0.94,12.95,61.72,6.8,654.25,0.0,53.58,4.63,128.2,30.9,290.5,142.7,116.4,56.5,61.3,284.9,285.3,285.1,276.4,264.8,235.0,0.0,65.1,0,0,21.3,22.7,0,0,0,0,0,0,0,0
793416,5f91cd626e37704af8844a86,2020-10-22 18:19:59,2020-10-22 오전 12:00:00,9,86131T1000,"RG3 MOLD'G W/SHLD, LH",S14,650톤-우진2호기,0,1.06,0.94,12.93,61.72,6.8,654.25,0.0,53.59,4.63,128.2,30.9,290.5,142.6,116.2,55.8,60.7,286.6,285.7,285.6,274.3,265.2,235.0,0.0,63.7,0,0,21.3,22.7,0,0,0,0,0,0,0,0
793420,5f91cd9e6e37704af8844a8c,2020-10-22 18:20:59,2020-10-22 오전 12:00:00,10,86141T1000,"RG3 MOLD'G W/SHLD, RH",S14,650톤-우진2호기,19,1.06,0.94,12.93,61.78,6.8,654.24,0.0,53.59,4.63,128.2,30.8,290.5,142.8,116.5,56.0,60.9,286.7,285.5,285.0,274.6,265.1,235.1,0.0,65.9,0,0,21.3,22.8,0,0,0,0,0,0,0,0
793460,5f91d1046e37704af8844acc,2020-10-22 18:35:24,2020-10-22 오전 12:00:00,9,86131T1000,"RG3 MOLD'G W/SHLD, LH",S14,650톤-우진2호기,0,1.06,0.94,12.85,61.76,6.8,654.25,0.0,53.59,4.63,128.2,30.8,290.5,142.7,116.4,56.4,61.4,286.5,285.6,285.0,276.0,265.2,234.7,0.0,64.9,0,0,21.3,22.7,0,0,0,0,0,0,0,0
793461,5f91d1046e37704af8844acd,2020-10-22 18:35:24,2020-10-22 오전 12:00:00,10,86141T1000,"RG3 MOLD'G W/SHLD, RH",S14,650톤-우진2호기,19,1.06,0.94,12.85,61.76,6.8,654.25,0.0,53.59,4.63,128.2,30.8,290.5,142.7,116.4,56.4,61.4,286.5,285.6,285.0,276.0,265.2,234.7,0.0,64.9,0,0,21.3,22.7,0,0,0,0,0,0,0,0
793505,5f91d49c6e37704af8844b15,2020-10-22 18:50:51,2020-10-22 오전 12:00:00,9,86131T1000,"RG3 MOLD'G W/SHLD, LH",S14,650톤-우진2호기,0,1.06,0.94,12.89,61.74,6.8,654.23,0.0,53.59,4.63,128.0,30.9,290.5,142.9,116.7,56.4,61.2,286.0,284.9,285.1,275.8,265.3,234.6,0.0,65.4,0,0,21.4,22.8,0,0,0,0,0,0,0,0
793506,5f91d49c6e37704af8844b16,2020-10-22 18:50:51,2020-10-22 오전 12:00:00,10,86141T1000,"RG3 MOLD'G W/SHLD, RH",S14,650톤-우진2호기,19,1.06,0.94,12.89,61.74,6.8,654.23,0.0,53.59,4.63,128.0,30.9,290.5,142.9,116.7,56.4,61.2,286.0,284.9,285.1,275.8,265.3,234.6,0.0,65.4,0,0,21.4,22.8,0,0,0,0,0,0,0,0
793549,5f91d83e6e37704af8844b5b,2020-10-22 19:06:19,2020-10-22 오전 12:00:00,9,86131T1000,"RG3 MOLD'G W/SHLD, LH",S14,650톤-우진2호기,0,1.06,0.94,12.94,61.78,6.81,654.25,0.0,53.58,4.63,128.2,30.8,290.6,142.6,116.4,56.0,60.7,286.2,285.5,285.6,274.7,265.1,235.1,0.0,64.7,0,0,21.4,22.8,0,0,0,0,0,0,0,0
793550,5f91d83e6e37704af8844b5c,2020-10-22 19:06:19,2020-10-22 오전 12:00:00,10,86141T1000,"RG3 MOLD'G W/SHLD, RH",S14,650톤-우진2호기,19,1.06,0.94,12.94,61.78,6.81,654.25,0.0,53.58,4.63,128.2,30.8,290.6,142.6,116.4,56.0,60.7,286.2,285.5,285.6,274.7,265.1,235.1,0.0,64.7,0,0,21.4,22.8,0,0,0,0,0,0,0,0
793591,5f91db9b6e37704af8844ba1,2020-10-22 19:20:44,2020-10-22 오전 12:00:00,9,86131T1000,"RG3 MOLD'G W/SHLD, LH",S14,650톤-우진2호기,0,1.06,0.94,12.94,61.76,6.8,654.25,0.0,53.59,4.63,128.1,30.8,290.4,142.7,116.4,56.3,61.4,286.2,284.9,285.0,275.4,265.2,235.2,0.0,64.6,0,0,21.4,22.8,0,0,0,0,0,0,0,0
793595,5f91dbe06e37704af8844ba7,2020-10-22 19:21:44,2020-10-22 오전 12:00:00,10,86141T1000,"RG3 MOLD'G W/SHLD, RH",S14,650톤-우진2호기,19,1.06,0.94,12.92,61.78,6.8,654.25,0.0,53.59,4.63,128.2,31.0,290.6,142.7,116.2,56.3,61.1,287.0,285.6,285.0,275.3,265.1,234.7,0.0,64.7,0,0,21.5,22.8,0,0,0,0,0,0,0,0
793635,5f91df3c6e37704af8844be6,2020-10-22 19:36:09,2020-10-22 오전 12:00:00,9,86131T1000,"RG3 MOLD'G W/SHLD, LH",S14,650톤-우진2호기,0,1.06,0.94,12.94,61.78,6.8,654.25,0.0,53.58,4.63,128.2,30.8,290.6,142.6,116.6,56.3,61.1,286.0,284.8,285.5,275.4,264.8,235.2,0.0,65.1,0,0,21.6,23.0,0,0,0,0,0,0,0,0
793636,5f91df3c6e37704af8844be7,2020-10-22 19:36:09,2020-10-22 오전 12:00:00,10,86141T1000,"RG3 MOLD'G W/SHLD, RH",S14,650톤-우진2호기,19,1.06,0.94,12.94,61.78,6.8,654.25,0.0,53.58,4.63,128.2,30.8,290.6,142.6,116.6,56.3,61.1,286.0,284.8,285.5,275.4,264.8,235.2,0.0,65.1,0,0,21.6,23.0,0,0,0,0,0,0,0,0
793680,5f91e2de6e37704af8844c2f,2020-10-22 19:51:36,2020-10-22 오전 12:00:00,9,86131T1000,"RG3 MOLD'G W/SHLD, LH",S14,650톤-우진2호기,0,1.06,0.94,12.96,61.74,6.8,654.25,0.0,53.6,4.63,128.2,31.0,290.4,142.7,116.4,56.0,61.0,286.2,285.0,285.0,274.6,264.8,235.0,0.0,64.6,0,0,21.3,22.7,0,0,0,0,0,0,0,0
793681,5f91e2de6e37704af8844c30,2020-10-22 19:51:36,2020-10-22 오전 12:00:00,10,86141T1000,"RG3 MOLD'G W/SHLD, RH",S14,650톤-우진2호기,19,1.06,0.94,12.96,61.74,6.8,654.25,0.0,53.6,4.63,128.2,31.0,290.4,142.7,116.4,56.0,61.0,286.2,285.0,285.0,274.6,264.8,235.0,0.0,64.6,0,0,21.3,22.7,0,0,0,0,0,0,0,0
793721,5f91e63a6e37704af8844c71,2020-10-22 20:06:01,2020-10-22 오전 12:00:00,9,86131T1000,"RG3 MOLD'G W/SHLD, LH",S14,650톤-우진2호기,0,1.06,0.93,12.87,61.78,6.8,654.26,655.31,53.58,4.63,128.2,30.9,290.5,142.5,109.6,56.2,61.0,285.7,284.9,284.9,275.3,265.6,235.1,0.0,64.6,0,0,21.3,22.7,0,0,0,0,0,0,0,0
793725,5f91e6766e37704af8844c77,2020-10-22 20:07:01,2020-10-22 오전 12:00:00,10,86141T1000,"RG3 MOLD'G W/SHLD, RH",S14,650톤-우진2호기,19,1.06,0.93,12.9,61.72,6.8,654.26,0.0,53.58,4.63,128.2,30.8,290.5,142.6,116.3,55.9,60.9,285.3,285.2,285.0,275.3,265.0,234.9,0.0,64.5,0,0,21.3,22.7,0,0,0,0,0,0,0,0
793765,5f91e9dc6e37704af8844cb7,2020-10-22 20:21:26,2020-10-22 오전 12:00:00,9,86131T1000,"RG3 MOLD'G W/SHLD, LH",S14,650톤-우진2호기,0,1.06,0.94,12.93,61.76,6.81,654.24,0.0,53.59,4.63,128.2,31.0,290.6,142.8,116.5,56.3,61.0,286.2,284.7,284.7,274.5,265.5,235.3,0.0,63.3,0,0,21.5,22.7,0,0,0,0,0,0,0,0
793766,5f91e9dc6e37704af8844cb8,2020-10-22 20:21:26,2020-10-22 오전 12:00:00,10,86141T1000,"RG3 MOLD'G W/SHLD, RH",S14,650톤-우진2호기,19,1.06,0.94,12.93,61.76,6.81,654.24,0.0,53.59,4.63,128.2,31.0,290.6,142.8,116.5,56.3,61.0,286.2,284.7,284.7,274.5,265.5,235.3,0.0,63.3,0,0,21.5,22.7,0,0,0,0,0,0,0,0
793810,5f91ed756e37704af8844d02,2020-10-22 20:36:53,2020-10-22 오전 12:00:00,9,86131T1000,"RG3 MOLD'G W/SHLD, LH",S14,650톤-우진2호기,0,1.06,0.94,12.93,62.22,6.81,654.25,0.0,53.58,4.63,128.2,30.8,290.6,142.6,116.5,56.2,60.9,285.4,285.4,285.0,274.3,265.4,234.8,0.0,64.9,0,0,21.3,22.7,0,0,0,0,0,0,0,0
793811,5f91ed756e37704af8844d03,2020-10-22 20:36:53,2020-10-22 오전 12:00:00,10,86141T1000,"RG3 MOLD'G W/SHLD, RH",S14,650톤-우진2호기,19,1.06,0.94,12.93,62.22,6.81,654.25,0.0,53.58,4.63,128.2,30.8,290.6,142.6,116.5,56.2,60.9,285.4,285.4,285.0,274.3,265.4,234.8,0.0,64.9,0,0,21.3,22.7,0,0,0,0,0,0,0,0
793851,5f91f0da6e37704af8844d41,2020-10-22 20:51:19,2020-10-22 오전 12:00:00,9,86131T1000,"RG3 MOLD'G W/SHLD, LH",S14,650톤-우진2호기,0,1.06,0.94,12.89,61.78,6.8,654.24,0.0,53.59,4.63,128.1,30.8,290.5,142.8,116.6,56.4,61.3,285.4,285.8,285.0,275.7,264.7,234.6,0.0,64.4,0,0,21.3,22.6,0,0,0,0,0,0,0,0
793855,5f91f1166e37704af8844d47,2020-10-22 20:52:21,2020-10-22 오전 12:00:00,10,86141T1000,"RG3 MOLD'G W/SHLD, RH",S14,650톤-우진2호기,19,1.06,0.94,12.96,61.78,6.81,654.25,0.0,53.58,4.63,128.2,30.9,290.5,142.7,116.3,56.4,61.4,285.4,285.0,285.6,275.4,265.3,235.0,0.0,64.4,0,0,21.4,22.7,0,0,0,0,0,0,0,0
793896,5f91f47d6e37704af8844d8c,2020-10-22 21:06:44,2020-10-22 오전 12:00:00,9,86131T1000,"RG3 MOLD'G W/SHLD, LH",S14,650톤-우진2호기,0,1.06,0.94,12.89,61.76,6.8,654.24,0.0,53.58,4.63,128.1,31.0,290.6,142.7,116.7,56.3,61.1,285.8,284.2,285.0,275.0,264.7,235.3,0.0,65.1,0,0,21.2,22.6,0,0,0,0,0,0,0,0
793897,5f91f47d6e37704af8844d8d,2020-10-22 21:06:44,2020-10-22 오전 12:00:00,10,86141T1000,"RG3 MOLD'G W/SHLD, RH",S14,650톤-우진2호기,19,1.06,0.94,12.89,61.76,6.8,654.24,0.0,53.58,4.63,128.1,31.0,290.6,142.7,116.7,56.3,61.1,285.8,284.2,285.0,275.0,264.7,235.3,0.0,65.1,0,0,21.2,22.6,0,0,0,0,0,0,0,0
793940,5f91f8146e37704af8844dd1,2020-10-22 21:22:12,2020-10-22 오전 12:00:00,9,86131T1000,"RG3 MOLD'G W/SHLD, LH",S14,650톤-우진2호기,0,1.06,0.93,12.94,61.78,6.81,654.26,0.0,53.59,4.63,128.3,30.8,290.6,142.6,116.1,56.0,60.8,286.1,285.5,285.0,275.2,264.7,235.1,0.0,64.5,0,0,21.3,22.7,0,0,0,0,0,0,0,0
793941,5f91f8146e37704af8844dd2,2020-10-22 21:22:12,2020-10-22 오전 12:00:00,10,86141T1000,"RG3 MOLD'G W/SHLD, RH",S14,650톤-우진2호기,19,1.06,0.93,12.94,61.78,6.81,654.26,0.0,53.59,4.63,128.3,30.8,290.6,142.6,116.1,56.0,60.8,286.1,285.5,285.0,275.2,264.7,235.1,0.0,64.5,0,0,21.3,22.7,0,0,0,0,0,0,0,0
793984,5f91fbb66e37704af8844e16,2020-10-22 21:37:37,2020-10-22 오전 12:00:00,9,86131T1000,"RG3 MOLD'G W/SHLD, LH",S14,650톤-우진2호기,0,1.06,0.94,12.92,61.78,6.81,654.24,0.0,53.59,4.63,128.1,30.8,290.5,142.8,116.7,56.5,61.5,286.5,285.1,285.1,276.3,265.1,234.8,0.0,63.6,0,0,21.3,22.7,0,0,0,0,0,0,0,0
793985,5f91fbb66e37704af8844e17,2020-10-22 21:37:37,2020-10-22 오전 12:00:00,10,86141T1000,"RG3 MOLD'G W/SHLD, RH",S14,650톤-우진2호기,19,1.06,0.94,12.92,61.78,6.81,654.24,0.0,53.59,4.63,128.1,30.8,290.5,142.8,116.7,56.5,61.5,286.5,285.1,285.1,276.3,265.1,234.8,0.0,63.6,0,0,21.3,22.7,0,0,0,0,0,0,0,0
794026,5f91ff126e37704af8844e5c,2020-10-22 21:52:02,2020-10-22 오전 12:00:00,9,86131T1000,"RG3 MOLD'G W/SHLD, LH",S14,650톤-우진2호기,0,1.06,0.94,12.94,61.78,6.81,654.24,0.0,53.58,4.63,128.2,30.9,290.6,142.7,116.3,56.0,60.8,286.2,284.7,284.9,274.8,265.2,235.4,0.0,63.6,0,0,21.0,22.4,0,0,0,0,0,0,0,0
794027,5f91ff126e37704af8844e5d,2020-10-22 21:52:02,2020-10-22 오전 12:00:00,10,86141T1000,"RG3 MOLD'G W/SHLD, RH",S14,650톤-우진2호기,19,1.06,0.94,12.94,61.78,6.81,654.24,0.0,53.58,4.63,128.2,30.9,290.6,142.7,116.3,56.0,60.8,286.2,284.7,284.9,274.8,265.2,235.4,0.0,63.6,0,0,21.0,22.4,0,0,0,0,0,0,0,0
794069,5f9202b46e37704af8844ea0,2020-10-22 22:07:29,2020-10-22 오전 12:00:00,9,86131T1000,"RG3 MOLD'G W/SHLD, LH",S14,650톤-우진2호기,0,1.06,0.94,12.86,61.78,6.81,654.24,0.0,53.58,4.63,128.0,30.8,290.5,142.9,116.8,56.5,61.6,286.3,284.6,285.0,275.8,265.0,235.1,0.0,64.3,0,0,21.1,22.5,0,0,0,0,0,0,0,0
794070,5f9202b46e37704af8844ea1,2020-10-22 22:07:29,2020-10-22 오전 12:00:00,10,86141T1000,"RG3 MOLD'G W/SHLD, RH",S14,650톤-우진2호기,19,1.06,0.94,12.86,61.78,6.81,654.24,0.0,53.58,4.63,128.0,30.8,290.5,142.9,116.8,56.5,61.6,286.3,284.6,285.0,275.8,265.0,235.1,0.0,64.3,0,0,21.1,22.5,0,0,0,0,0,0,0,0
794114,5f9206576e37704af8844eeb,2020-10-22 22:22:56,2020-10-22 오전 12:00:00,9,86131T1000,"RG3 MOLD'G W/SHLD, LH",S14,650톤-우진2호기,0,1.06,0.94,12.94,61.78,6.81,654.24,0.0,53.58,4.63,128.1,30.8,290.6,142.7,116.6,56.4,61.1,285.5,284.9,285.0,275.1,264.9,235.4,0.0,64.2,0,0,21.1,22.5,0,0,0,0,0,0,0,0
794115,5f9206576e37704af8844eec,2020-10-22 22:22:56,2020-10-22 오전 12:00:00,10,86141T1000,"RG3 MOLD'G W/SHLD, RH",S14,650톤-우진2호기,19,1.06,0.94,12.94,61.78,6.81,654.24,0.0,53.58,4.63,128.1,30.8,290.6,142.7,116.6,56.4,61.1,285.5,284.9,285.0,275.1,264.9,235.4,0.0,64.2,0,0,21.1,22.5,0,0,0,0,0,0,0,0
794155,5f9209b26e37704af8844f2b,2020-10-22 22:37:22,2020-10-22 오전 12:00:00,9,86131T1000,"RG3 MOLD'G W/SHLD, LH",S14,650톤-우진2호기,0,1.06,0.94,12.92,61.78,6.81,654.24,0.0,53.59,4.63,128.1,30.7,290.6,142.8,116.5,56.2,61.1,286.2,285.2,285.7,274.7,265.2,234.7,0.0,63.9,0,0,21.1,22.5,0,0,0,0,0,0,0,0
794156,5f9209b26e37704af8844f2c,2020-10-22 22:37:22,2020-10-22 오전 12:00:00,10,86141T1000,"RG3 MOLD'G W/SHLD, RH",S14,650톤-우진2호기,19,1.06,0.94,12.92,61.78,6.81,654.24,0.0,53.59,4.63,128.1,30.7,290.6,142.8,116.5,56.2,61.1,286.2,285.2,285.7,274.7,265.2,234.7,0.0,63.9,0,0,21.1,22.5,0,0,0,0,0,0,0,0
794200,5f920d546e37704af8844f73,2020-10-22 22:52:48,2020-10-22 오전 12:00:00,9,86131T1000,"RG3 MOLD'G W/SHLD, LH",S14,650톤-우진2호기,0,1.06,0.94,12.9,61.78,6.8,654.25,0.0,53.58,4.63,128.1,30.8,290.4,142.7,116.5,56.4,61.6,286.0,285.5,285.0,275.6,265.0,235.1,0.0,63.8,0,0,21.1,22.5,0,0,0,0,0,0,0,0
794201,5f920d546e37704af8844f74,2020-10-22 22:52:48,2020-10-22 오전 12:00:00,10,86141T1000,"RG3 MOLD'G W/SHLD, RH",S14,650톤-우진2호기,19,1.06,0.94,12.9,61.78,6.8,654.25,0.0,53.58,4.63,128.1,30.8,290.4,142.7,116.5,56.4,61.6,286.0,285.5,285.0,275.6,265.0,235.1,0.0,63.8,0,0,21.1,22.5,0,0,0,0,0,0,0,0
794244,5f9210ed6e37704af8844fbb,2020-10-22 23:08:13,2020-10-22 오전 12:00:00,9,86131T1000,"RG3 MOLD'G W/SHLD, LH",S14,650톤-우진2호기,0,1.06,0.94,12.88,61.78,6.81,654.23,0.0,53.59,4.63,128.0,30.9,290.6,142.9,116.7,56.5,61.2,286.1,285.6,284.4,275.6,264.5,234.7,0.0,64.0,0,0,21.1,22.5,0,0,0,0,0,0,0,0
794245,5f9210ed6e37704af8844fbc,2020-10-22 23:08:13,2020-10-22 오전 12:00:00,10,86141T1000,"RG3 MOLD'G W/SHLD, RH",S14,650톤-우진2호기,19,1.06,0.94,12.88,61.78,6.81,654.23,0.0,53.59,4.63,128.0,30.9,290.6,142.9,116.7,56.5,61.2,286.1,285.6,284.4,275.6,264.5,234.7,0.0,64.0,0,0,21.1,22.5,0,0,0,0,0,0,0,0
794288,5f9214996e37704af8845000,2020-10-22 23:23:51,2020-10-22 오전 12:00:00,8,86141S8900,LX2 W/S SIDE MLD'G RH(RHD),S12,650톤-우진,0,11.47,3.36,19.95,64.33,6.06,655.0,0.0,59.8,69.64,64.7,30.3,293.9,168.9,129.0,22.8,13.8,245.2,250.5,250.1,244.9,240.1,225.1,0.0,38.3,0,0,18.6,21.6,0,0,0,0,0,0,0,0
794289,5f9214cb6e37704af8845002,2020-10-22 23:24:42,2020-10-22 오전 12:00:00,9,86131T1000,"RG3 MOLD'G W/SHLD, LH",S14,650톤-우진2호기,0,1.06,0.94,12.93,62.22,6.81,654.24,0.0,53.58,4.63,128.1,30.9,290.6,142.8,116.6,56.2,60.9,285.8,285.5,284.6,274.7,265.2,235.0,0.0,62.6,0,0,21.0,22.4,0,0,0,0,0,0,0,0
794290,5f9214cb6e37704af8845003,2020-10-22 23:24:42,2020-10-22 오전 12:00:00,10,86141T1000,"RG3 MOLD'G W/SHLD, RH",S14,650톤-우진2호기,19,1.06,0.94,12.93,62.22,6.81,654.24,0.0,53.58,4.63,128.1,30.9,290.6,142.8,116.6,56.2,60.9,285.8,285.5,284.6,274.7,265.2,235.0,0.0,62.6,0,0,21.0,22.4,0,0,0,0,0,0,0,0
